Date,Open,High,Low,Close,Volume
2010-03-11,0.5844893661213358,0.6008641719818115,0.5844893661213358,0.6008641719818115,3702000.0
2010-03-12,0.6013188564228288,0.605260596650071,0.586005687713623,0.586005687713623,4548000.0
2010-03-15,0.5741792572554365,0.580395324613766,0.5587141605652072,0.5675074458122253,534000.0
2010-03-16,0.5746342264057834,0.6142066462107488,0.5737244732244885,0.6135998368263245,1260000.0
2010-03-17,0.6367974415268199,0.6431654425113483,0.624213426570473,0.635735809803009,2610000.0
2010-03-18,0.6357358948924554,0.6375553472271205,0.6114775606670095,0.620270848274231,1584000.0
2010-03-19,0.6125382159941524,0.6128420815871233,0.5819118826692066,0.5920697450637817,1596000.0
2010-03-22,0.5803956324354761,0.6371006374798767,0.5770597249446209,0.6348263621330261,3804000.0
2010-03-23,0.6437722783090283,0.6781893973330133,0.643468466914487,0.6757631897926331,6114000.0
2010-03-24,0.669244279871349,0.669244279871349,0.6349782208208191,0.6383141279220581,2034000.0
2010-03-25,0.6659084492648412,0.6754604273924559,0.634523417004822,0.6351302266120911,2034000.0
2010-03-26,0.6521107503194421,0.6554466572205035,0.6126902557253141,0.6251232624053955,2322000.0
2010-03-29,0.6452879169470249,0.6492305790740774,0.6374043820516252,0.6419529318809509,1380000.0
2010-03-30,0.6519595390396101,0.6610566360244803,0.6351299204621952,0.6542338132858276,1920000.0
2010-03-31,0.6592374325814359,0.6640889262656106,0.6405883565777337,0.6440752744674683,1080000.0
2010-04-01,0.6621177247001593,0.6888031976218617,0.6354331735695615,0.6461977958679199,1644000.0
2010-04-05,0.6707599352599034,0.7035095431502154,0.6278525157789365,0.7009323239326477,1500000.0
2010-04-06,0.6875893683733357,0.7001743053844345,0.6797057807116886,0.6903184652328491,1998000.0
2010-04-07,0.6939575535885425,0.7115459222167799,0.6748535978963325,0.6971415281295776,3414000.0
2010-04-08,0.6845572641893033,0.6845572641893033,0.6501402034457617,0.6724280714988708,4470000.0
2010-04-09,0.6801606572997647,0.6906223308186851,0.6646955582039316,0.6903184652328491,1254000.0
2010-04-12,0.7007802721796609,0.7254944067516327,0.6924418605652931,0.7076030969619751,2400000.0
2010-04-13,0.7115458715368059,0.7247366455057219,0.702448771082934,0.7212488055229187,2904000.0
2010-04-14,0.7659765192609903,0.8166173762532416,0.7659765192609903,0.8140392899513245,6504000.0
2010-04-15,0.8285946321815676,0.8398149955026466,0.8117649547677892,0.8210139870643616,12666000.0
2010-04-16,0.8111592514143928,0.8111592514143928,0.7536955067516574,0.7906907200813293,4452000.0
2010-04-19,0.7641570031524171,0.7873546267528815,0.7203389744708389,0.7640051245689392,5712000.0
2010-04-20,0.7862929049016928,0.806610418057789,0.7808346570978799,0.8010002374649048,2922000.0
2010-04-21,0.806610717799287,0.824350043309466,0.7405047475535778,0.775983452796936,5772000.0
2010-04-22,0.7608210864181508,0.8223784894465729,0.7253423907729707,0.8198012709617615,6594000.0
2010-04-23,0.833295114109352,0.833295114109352,0.7902357702135858,0.8234401941299438,3600000.0
2010-04-26,0.8308689322887611,0.8533087920446872,0.8249558066034709,0.830717921257019,3846000.0
2010-04-27,0.7959969448020681,0.824652818331154,0.7423239940714721,0.7447502017021179,5112000.0
2010-04-28,0.7599115702566676,0.7997878680401563,0.7218556469691249,0.7596086263656616,6864000.0
2010-04-29,0.75991144273351,0.7884163054406483,0.7509662762197262,0.7856872081756592,5838000.0
2010-04-30,0.7656737321107091,0.7656737321107091,0.6780376495112356,0.6797060370445251,10104000.0
2010-05-03,0.6892578967683666,0.7405046431368167,0.6892578967683666,0.7297400236129761,4926000.0
2010-05-04,0.7145778075826138,0.7145778075826138,0.6016217807191135,0.6331586837768555,19164000.0
2010-05-05,0.6231518845761237,0.6421039032459557,0.5835794601271324,0.6128421425819397,7920000.0
2010-05-06,0.6064740339901676,0.6328556817971209,0.3790464068013002,0.5606846809387207,17448000.0
2010-05-07,0.5458265029727768,0.5623531820770358,0.4678942948389648,0.5265706181526184,12372000.0
2010-05-10,0.6186033487319946,0.621029556371523,0.5884309665436926,0.6186033487319946,7206000.0
2010-05-11,0.5855508364677453,0.63907185754378,0.5781212563365496,0.6067771315574646,27720000.0
2010-05-12,0.6167839446977202,0.6592374576455962,0.6167839446977202,0.6560534834861755,42330000.0
2010-05-13,0.6384651017789974,0.6648467020293669,0.5963154554874935,0.6046547889709473,28992000.0
2010-05-14,0.5904024279714706,0.5904024279714706,0.516412920091248,0.5494654178619385,15846000.0
2010-05-17,0.5377910416506562,0.577514482664877,0.5185352088929579,0.5722081661224365,19140000.0
2010-05-18,0.5863085453145856,0.5961634095515121,0.5177773117754453,0.5255098342895508,16128000.0
2010-05-19,0.5229318513859671,0.5496173202418531,0.4973089363969448,0.5338484048843384,21306000.0
2010-05-20,0.4927603910436046,0.5241454216721042,0.4587972737305006,0.4903341829776764,10638000.0
2010-05-21,0.4700176112676024,0.5449168106617284,0.4583423701469163,0.5223259925842285,11220000.0
2010-05-24,0.5120153402299349,0.5320289940677255,0.4915468096733092,0.4915468096733093,10944000.0
2010-05-25,0.4497000569899935,0.5027671462058613,0.4321126140189343,0.502615213394165,10818000.0
2010-05-26,0.5279352145744726,0.5491624312216605,0.4971569975648507,0.5000380277633667,14250000.0
2010-05-27,0.5388517311909244,0.5769085689307473,0.531271086387822,0.5761498808860779,10578000.0
2010-05-28,0.5828217235349661,0.5828217235349661,0.5250550437297122,0.5484036803245544,9288000.0
2010-06-01,0.5449167139015232,0.565082296488358,0.5111055374145508,0.5111055374145508,4530000.0
2010-06-02,0.529299910377402,0.5662951270689094,0.5132289712244615,0.5656883716583252,11094000.0
2010-06-03,0.5758468522500756,0.5940410477739646,0.5594720545893836,0.5873701572418213,9102000.0
2010-06-04,0.572208234210855,0.5735728102727913,0.5026153430591159,0.5109546780586243,13650000.0
2010-06-07,0.5183832114725361,0.5258128453619938,0.450306845816125,0.4539456963539123,18312000.0
2010-06-08,0.4565229188313804,0.4586461826343697,0.4155859177163645,0.4489422738552093,12504000.0
2010-06-09,0.4612234291226074,0.4898793045201715,0.4343869248959673,0.4399971067905426,8634000.0
2010-06-10,0.4633457648884841,0.4900312306030572,0.4562199962351733,0.4883627891540527,9504000.0
2010-06-11,0.4712301344773212,0.5114093095372608,0.4669845292497593,0.5092860460281372,6510000.0
2010-06-14,0.5338483934423962,0.5481008539121475,0.5177774563310216,0.5189900994300842,6924000.0
2010-06-15,0.5306643606818591,0.6092033263278492,0.5306643606818591,0.6054125428199768,14508000.0
2010-06-16,0.5925245563413521,0.6273974160971827,0.5767565675984452,0.6137517690658569,14226000.0
2010-06-17,0.625880832421935,0.6272453534642277,0.5787277785108552,0.6098089814186096,8724000.0
2010-06-18,0.6126900901882589,0.6208774886218982,0.5973769249904546,0.6057153344154358,4656000.0
2010-06-21,0.6328558926064064,0.6487758185280503,0.5785761248805342,0.5896446108818054,9054000.0
2010-06-22,0.5925245211179514,0.6158740741659925,0.5534069802643521,0.5585623383522034,9888000.0
2010-06-23,0.5640207925746874,0.5844892694017131,0.5335454614760508,0.5634140372276306,8076000.0
2010-06-24,0.5535590406220505,0.5555303716677986,0.5074667332513496,0.5142895579338074,11754000.0
2010-06-25,0.5202027500655454,0.521719204637304,0.4882118322022505,0.5159580111503601,8718000.0
2010-06-28,0.5108027437809061,0.5388518687216769,0.5029182855650673,0.5220221877098083,4248000.0
2010-06-29,0.4954894630337925,0.4954894630337925,0.4419675223625305,0.4509136378765106,23970000.0
2010-06-30,0.4534908132012137,0.4681980937323943,0.4254417225281302,0.4290805459022522,10842000.0
2010-07-01,0.4321127135665434,0.4424224850533806,0.3952694320263776,0.4307481646537781,10716000.0
2010-07-02,0.4316577842094073,0.4380257592940937,0.4042145257261855,0.4254417419433594,7032000.0
2010-07-06,0.4509136504232064,0.4594039677219685,0.4137665093793847,0.4246830344200134,24060000.0
2010-07-07,0.4248348574971977,0.4921534428212806,0.4248348574971977,0.4913956224918365,13650000.0
2010-07-08,0.5095900494160727,0.5095900494160727,0.464559369356547,0.487756997346878,14706000.0
2010-07-09,0.4898794695229844,0.5061023435966516,0.4795697231933495,0.5045867562294006,7512000.0
2010-07-12,0.5070117083967596,0.5296034939294924,0.5012505173308358,0.523841381072998,8718000.0
2010-07-13,0.5427943673634936,0.5628080169728351,0.5333934030838039,0.5575007796287537,11688000.0
2010-07-14,0.5822149264185107,0.5882799849250917,0.5415808671615353,0.552346408367157,16902000.0
2010-07-15,0.544916775554831,0.5509818340781274,0.5167157770875721,0.5452197194099426,11166000.0
2010-07-16,0.535212881129554,0.5388517316176934,0.4924564827841455,0.4933661818504333,7878000.0
2010-07-19,0.5089832692606332,0.53263577533164,0.4977638258100998,0.5306644439697266,7908000.0
2010-07-20,0.4907890184469976,0.5323327785663576,0.472746751011607,0.5321808457374573,14142000.0
2010-07-21,0.542339445410173,0.542339445410173,0.4963990296439055,0.4998859465122223,10890000.0
2010-07-22,0.5079215356348452,0.5564400488029697,0.5079215356348452,0.5456745624542236,10308000.0
2010-07-23,0.5412781324430351,0.5599271597400975,0.5274804918191972,0.556136429309845,7092000.0
2010-07-26,0.556440041729048,0.5793338547270577,0.5396104192355939,0.5761498808860779,8622000.0
2010-07-27,0.588734916424382,0.588734916424382,0.5570460211469457,0.5643237233161926,10470000.0
2010-07-28,0.5571977653097477,0.5699337126818854,0.5261156901129954,0.535061776638031,17106000.0
2010-07-29,0.5411260059890931,0.542187637866395,0.4822986190033012,0.502615213394165,24666000.0
2010-07-30,0.4909409794821317,0.4963992290304153,0.4618302248529576,0.4868472516536712,13908000.0
2010-08-02,0.51140935591894,0.520051632384292,0.493215158168287,0.5126219987869263,19812000.0
2010-08-03,0.5127739883924162,0.5138346985699825,0.4842691239503309,0.4971570074558258,11742000.0
2010-08-04,0.4988242559837709,0.5132286418766954,0.4842689133456209,0.5117121338844299,8508000.0
2010-08-05,0.5088312349309886,0.5158059371943472,0.4942758343497327,0.4994311928749084,7224000.0
2010-08-06,0.4901822399666479,0.5103477704435284,0.4813889516851065,0.5000380277633667,7914000.0
2010-08-09,0.5036769500860843,0.5155032030689514,0.491243941743947,0.5082255005836487,7584000.0
2010-08-10,0.4927603425827654,0.4927603425827654,0.4556132002305676,0.4692589044570923,18732000.0
2010-08-11,0.4390872825876419,0.4395421320286958,0.4008794415323238,0.4127056896686554,30720000.0
2010-08-12,0.3834430426040625,0.4016372656496024,0.3699493013347752,0.3961789906024933,27768000.0
2010-08-13,0.3981504774548948,0.4089150711337788,0.3834431668812564,0.3842009603977203,9888000.0
2010-08-16,0.3805620882585681,0.4001208649958321,0.3714649878433751,0.3881436288356781,15528000.0
2010-08-17,0.4031537776873189,0.4166475199880592,0.3943595957313855,0.4030018448829651,14430000.0
2010-08-18,0.4066406702139026,0.4225606190066862,0.3986052038710911,0.4164955615997314,10218000.0
2010-08-19,0.4116440698375085,0.417860138265237,0.3901139672866799,0.3955722153186798,11196000.0
2010-08-20,0.3992111254704023,0.4119470756096794,0.3917824402682943,0.4001208245754242,8682000.0
2010-08-23,0.4114921379952873,0.4133115629274579,0.3855653937127068,0.3860202431678772,15390000.0
2010-08-24,0.3705552785188696,0.3790465457935837,0.3576683154596407,0.3664616048336029,13998000.0
2010-08-25,0.3613071109079315,0.3822304612837833,0.3479643784964538,0.3775299787521362,19578000.0
2010-08-26,0.3842009447480681,0.3863242088394421,0.3520581218486981,0.3559999167919159,15816000.0
2010-08-27,0.3667654215708926,0.3813207983027907,0.3378056791477313,0.3772270977497101,22824000.0
2010-08-30,0.3717687582701638,0.376772157159316,0.3493289281092542,0.3499357104301452,11874000.0
2010-08-31,0.3472065795160669,0.3543323478166126,0.322795417054711,0.3276478052139282,17046000.0
2010-09-01,0.3409895800610754,0.368887684467596,0.3409895800610754,0.3581230938434601,21294000.0
2010-09-02,0.3641871925616242,0.381926566362381,0.3569095195154227,0.381926566362381,32310000.0
2010-09-03,0.3969368138952683,0.4070955443754849,0.3790464550820894,0.3984532952308655,39972000.0
2010-09-07,0.3949664187504846,0.3979984870573416,0.3729814360460721,0.3769232034683227,24540000.0
2010-09-08,0.3785917020717061,0.3810169885408244,0.3600936331134073,0.370707243680954,55176000.0
2010-09-09,0.3846557880961833,0.3855655144027766,0.3678261360949336,0.3722236752510071,16536000.0
2010-09-10,0.3688877498191496,0.3735882326177079,0.3417483556967914,0.3576682806015014,50568000.0
2010-09-13,0.3684329405309219,0.3940567776953089,0.3679780909062077,0.3931470513343811,34164000.0
2010-09-14,0.3896591945975349,0.4199834845637437,0.3787426421590937,0.41240194439888,29940000.0
2010-09-15,0.403911610503206,0.4101276527925226,0.392540208952024,0.4092179536819458,20400000.0
2010-09-16,0.401030587853975,0.4193767213601472,0.3984533688960196,0.4178602397441864,15978000.0
2010-09-17,0.4239252675988028,0.4257446930716213,0.4116441659909007,0.4181640744209289,14418000.0
2010-09-20,0.4183150490606008,0.4255927503185945,0.4055790989706069,0.4231674373149872,39192000.0
2010-09-21,0.4216509357924823,0.4313548171604317,0.4163445929190335,0.4202863872051239,18630000.0
2010-09-22,0.4149475990139133,0.4190424781523011,0.3935632422331339,0.4029659926891327,25320000.0
2010-09-23,0.3917433167155644,0.4316301457391497,0.3841605150962618,0.4107007682323456,21150000.0
2010-09-24,0.4292041003712576,0.461963130821573,0.4292041003712576,0.4595362246036529,25266000.0
2010-09-27,0.4630242266837681,0.4642381410314739,0.4463417046174109,0.4516495764255523,20460000.0
2010-09-28,0.4571093145721338,0.4753088059141406,0.4384548969650029,0.4727308452129364,25440000.0
2010-09-29,0.4640860905088882,0.4938121530318701,0.4640860905088882,0.4831955432891845,31692000.0
2010-09-30,0.4907783057565953,0.5004850084910708,0.4593842442100596,0.4727308452129364,36396000.0
2010-10-01,0.4842574843418991,0.4872903985175876,0.456958273637564,0.4677259922027588,24258000.0
2010-10-04,0.4649960835420345,0.4652991146330024,0.4329950891272425,0.4486165940761566,25332000.0
2010-10-05,0.458019306099991,0.4809206348036408,0.458019306099991,0.4766737520694732,24222000.0
2010-10-06,0.4762188153635839,0.4769777219447002,0.4436117584294602,0.4602943062782287,22194000.0
2010-10-07,0.4592331868499331,0.466967990961648,0.4443696949878908,0.4604461789131164,20838000.0
2010-10-08,0.4572613577917611,0.4775838051745673,0.4420948325629974,0.475460797548294,29346000.0
2010-10-11,0.4754609079772588,0.4980582905780243,0.4754609079772588,0.4841056764125824,20370000.0
2010-10-12,0.4780385446736235,0.5004848574543365,0.4695457586290521,0.494418054819107,18330000.0
2010-10-13,0.4991199806128046,0.5042767692206936,0.4828924440103276,0.4966930747032165,27384000.0
2010-10-14,0.4976032585317719,0.5067030343186437,0.4839536762093923,0.4925984442234039,19338000.0
2010-10-15,0.5029120078562617,0.5080678759752253,0.4812236687314878,0.5038219690322876,22374000.0
2010-10-18,0.5012430829462704,0.5012430829462704,0.4798587513575351,0.4921433627605438,21282000.0
2010-10-19,0.4766737281379554,0.4971481494542909,0.4560483065542083,0.4715178608894348,37842000.0
2010-10-20,0.471972764617359,0.48668341088825,0.4625691480197661,0.4794036149978637,24378000.0
2010-10-21,0.481830640457235,0.4842575470411965,0.4589293638730528,0.4722759127616882,22062000.0
2010-10-22,0.4722758179742821,0.5026079406937983,0.4722758179742821,0.5003330111503601,29832000.0
2010-10-25,0.5080679570148442,0.5253574390715484,0.5080679570148442,0.5167127251625061,12414000.0
2010-10-26,0.5094326534322238,0.5179263624778543,0.49305314146414,0.5101915597915649,10962000.0
2010-10-27,0.5120117081538369,0.5578133386769525,0.5118597315718539,0.5570553541183472,19632000.0
2010-10-28,0.5585713550032594,0.5619082225623659,0.5377939549945281,0.5584203004837036,13932000.0
2010-10-29,0.5538704792666633,0.5732829118509475,0.5529605180993619,0.5688850283622742,10818000.0
2010-11-01,0.5729798254439982,0.5804106770726482,0.5496235430328038,0.5631211996078491,19554000.0
2010-11-02,0.5734350061964423,0.5826857827764592,0.5657002533280763,0.5740410685539246,11472000.0
2010-11-03,0.5798046531409847,0.592999279499054,0.5660030967506601,0.592999279499054,18366000.0
2010-11-04,0.609226766480734,0.649568572304745,0.609226766480734,0.6474456191062927,18684000.0
2010-11-05,0.6539675486647525,0.6703470689726299,0.6454738895330826,0.6609434485435486,18162000.0
2010-11-08,0.6573035125779266,0.6747449698218763,0.6500237141260595,0.6618533730506897,17436000.0
2010-11-09,0.6618533197787144,0.6638252187133841,0.6297012136756558,0.6366779804229736,14748000.0
2010-11-10,0.6360710039105901,0.6391039183284397,0.6124116896936774,0.6374359726905823,14172000.0
2010-11-11,0.5887523184139287,0.6218143227869294,0.5655480162565697,0.6151415109634399,24570000.0
2010-11-12,0.6104396823261483,0.6436537178567289,0.595729089992761,0.6136245727539062,16152000.0
2010-11-15,0.6272743845979816,0.6322791983581173,0.5999751687049866,0.5999751687049866,14220000.0
2010-11-16,0.5852644932095816,0.6042219163703356,0.565396132669215,0.5744958519935608,16314000.0
2010-11-17,0.572372922172483,0.5928472914906394,0.565851163501181,0.5728278756141663,7788000.0
2010-11-18,0.5902693581539838,0.6122598060671081,0.5902693581539838,0.604828953742981,10518000.0
2010-11-19,0.6008851542663051,0.6388010377710799,0.6008851542663051,0.6342511773109436,9654000.0
2010-11-22,0.6360710519207261,0.6591233836283498,0.630459254039396,0.6577584147453308,32064000.0
2010-11-23,0.637132950958867,0.6542704526241826,0.63303809879731,0.6401658654212952,22074000.0
2010-11-24,0.6541185112788628,0.6950672486591043,0.6541185112788628,0.6914273500442505,24210000.0
2010-11-26,0.6811147114094566,0.6900625094502777,0.6718630144262594,0.6799017190933228,6378000.0
2010-11-29,0.6685271707802428,0.6789918616789989,0.649568766201163,0.6751999855041504,12354000.0
2010-11-30,0.654573394500012,0.660488222334926,0.6436537540652478,0.6501755118370056,14658000.0
2010-12-01,0.6823275500473513,0.7146315718611711,0.6823275500473513,0.7125086188316345,16272000.0
2010-12-02,0.7166035797538955,0.7539124169832973,0.7141766734251398,0.7525475025177002,13560000.0
2010-12-03,0.7414758202319993,0.7672590080253631,0.7355609920885438,0.7634671330451965,10824000.0
2010-12-06,0.7660453024385241,0.7660453024385241,0.7401110530738585,0.7595244646072388,11808000.0
2010-12-07,0.7834867066396196,0.7927384040046407,0.7570975055639577,0.7580074667930603,22344000.0
2010-12-08,0.7661971104690602,0.7813636348877111,0.752244500289478,0.7787847518920898,8406000.0
2010-12-09,0.7922833164094234,0.7974392385480236,0.776964868883246,0.7843965888023376,7170000.0
2010-12-10,0.7872786672584422,0.7942545131269414,0.7760550153899489,0.7865197062492371,7374000.0
2010-12-13,0.8024440807370417,0.8024440807370417,0.7658940937273265,0.771808922290802,8994000.0
2010-12-14,0.7716569482355802,0.7752968469202745,0.7446608205562197,0.7520925402641296,11034000.0
2010-12-15,0.7463295300798363,0.7590691456569023,0.7249451501789846,0.7287361025810242,13974000.0
2010-12-16,0.7349551177604629,0.7478457919438789,0.7208505291807972,0.7416279315948486,5910000.0
2010-12-17,0.7452676493511243,0.761344133031578,0.7428407432054986,0.756794273853302,5250000.0
2010-12-20,0.7534572920293753,0.7619500791620099,0.7384427481788404,0.7481493949890137,24018000.0
2010-12-21,0.7577042955688118,0.7713538741976099,0.7539124205180767,0.7639221549034119,7824000.0
2010-12-22,0.7522445998846164,0.7658941807800977,0.7398080113325002,0.7646802663803101,10470000.0
2010-12-23,0.7514855290364049,0.7649840524454403,0.7514855290364049,0.7583103179931641,4158000.0
2010-12-27,0.7442057915819139,0.7646801600789077,0.7302531814946547,0.7605853080749512,7362000.0
2010-12-28,0.758310377811613,0.7657420973026089,0.741930861327871,0.7508795261383057,6186000.0
2010-12-29,0.7539125084877014,0.7575524073944868,0.7442058582894251,0.7539125084877014,3360000.0
2010-12-30,0.7539124409101265,0.763922175566208,0.7499695654789489,0.7605853080749512,3732000.0
2010-12-31,0.7546704359612935,0.7622541315901422,0.7461776471172972,0.7581592798233032,6024000.0
2011-01-03,0.7730217433915197,0.8000179192457982,0.7661969552301311,0.7751446962356567,11646000.0
2011-01-04,0.7822736492208565,0.7936482992352782,0.7534575437526638,0.7777237892150879,10098000.0
2011-01-05,0.7666520667895876,0.7912213417844642,0.7590692926990907,0.7853065133094788,4482000.0
2011-01-06,0.7921313724832909,0.8308051807963435,0.7921313724832909,0.828833281993866,9810000.0
2011-01-07,0.8341421321284325,0.8456678373103473,0.7960743279516397,0.8342931866645813,21936000.0
2011-01-10,0.8295921598392972,0.8652321846636264,0.8189754952386155,0.8605312705039978,9960000.0
2011-01-11,0.8750908220357265,0.8750908220357265,0.8511276092757654,0.8700859546661377,9942000.0
2011-01-12,0.8870715577737532,0.919072553150621,0.8709959938525454,0.9189205765724182,9696000.0
2011-01-13,0.9198304193395276,0.9334799962635748,0.9007209682549836,0.9186174273490906,8448000.0
2011-01-14,0.9318120306871754,0.9936901330947876,0.928172078500144,0.9936901330947876,18042000.0
2011-01-18,0.9827706086127947,0.9936902494986644,0.9669980230073048,0.9820125699043274,13842000.0
2011-01-19,0.9577463385397964,0.9621442214346034,0.9069398457546668,0.9136126041412354,14754000.0
2011-01-20,0.8958683073179468,0.8958683073179468,0.8467297527399291,0.8803987503051758,18720000.0
2011-01-21,0.909972780780439,0.9122477648014502,0.8621992011112892,0.8652321696281433,12576000.0
2011-01-24,0.8747867886456633,0.9296891074415332,0.8735737965721164,0.9277172088623048,12990000.0
2011-01-25,0.9157357223702204,0.9262004112440964,0.8866165857542777,0.9083048701286316,13026000.0
2011-01-26,0.926655358938485,0.9386369931732867,0.9007211678826949,0.9334802031517028,16392000.0
2011-01-27,0.9522866917188868,0.9903536305158998,0.9522866917188868,0.9850457310676576,19854000.0
2011-01-28,1.004609913116846,1.004609913116846,0.8828255354424064,0.9052709341049194,36168000.0
2011-01-31,0.913005864987761,0.9286273452895626,0.8796408185938562,0.9155848026275636,12234000.0
2011-02-01,0.942732052203772,0.9949035281039448,0.9412151065323672,0.981860876083374,22254000.0
2011-02-02,0.9710931588665322,1.011889926638445,0.9618414612947984,0.9985433220863342,18420000.0
2011-02-03,0.9989981892411572,1.0053679709835563,0.9688179854430464,0.999605119228363,10446000.0
2011-02-04,1.00885654781278,1.061027997046173,1.003699759592827,1.0587530136108398,16854000.0
2011-02-07,1.0701280262872617,1.084384535456775,1.0375209694730203,1.0478336811065674,21102000.0
2011-02-08,1.0481367558910313,1.0540514758405504,1.0211414425030911,1.0454068183898926,8292000.0
2011-02-09,1.0319090605456762,1.047075584208361,1.0123446539798808,1.0255392789840698,12252000.0
2011-02-10,0.9918700638312068,1.0367617160276803,0.9815573556479592,1.034335732460022,12342000.0
2011-02-11,1.027359302899222,1.068460127240069,1.0105248320419744,1.0579954385757446,8436000.0
2011-02-14,1.0704310326973012,1.1066789111939654,1.066033149428574,1.0821096897125244,15360000.0
2011-02-15,1.0801379235335888,1.0813509159056962,1.0372171723350343,1.0511707067489624,14406000.0
2011-02-16,1.0736160274552071,1.094090342439801,1.0604214014126463,1.084384560585022,10158000.0
2011-02-17,1.0780146813898768,1.1374659391276796,1.0692179393891366,1.1321580410003662,15246000.0
2011-02-18,1.1427739521143367,1.1429259286940876,1.1069820031405917,1.119114637374878,13470000.0
2011-02-22,1.061331554925726,1.0686113540366655,0.9782210665018062,0.9858038425445556,40812000.0
2011-02-23,0.9958133848899124,0.9958133848899124,0.8932903177869699,0.9328741431236268,35844000.0
2011-02-24,0.9454615589462138,0.9851972948323384,0.9237741489114903,0.9789785146713256,41208000.0
2011-02-25,1.010979594060868,1.0549613480076447,1.007491726757248,1.0529903173446655,38130000.0
2011-02-28,1.0752843942432124,1.0752843942432124,0.9874721252054468,1.0211410522460938,38628000.0
2011-03-01,1.03479116421344,1.0416160089073287,0.9580494928398708,0.9601733684539796,37800000.0
2011-03-02,0.958655862367696,1.0361554100358592,0.9583527772088776,1.0011215209960938,51600000.0
2011-03-03,1.037216907860981,1.0684599689387135,1.0349420324765004,1.0592082738876345,33474000.0
2011-03-04,1.0514740076574165,1.0598156913052597,1.00506537860937,1.025842785835266,31500000.0
2011-03-07,1.0275113273895806,1.0411609077867965,0.9110348863045612,0.9409120082855223,50460000.0
2011-03-08,0.948798745885888,0.974580961466325,0.9169496161584146,0.9459168314933776,26598000.0
2011-03-09,0.9292344271225376,0.9292344271225376,0.8564365486700626,0.8615924715995789,66846000.0
2011-03-10,0.8186725406912967,0.834142042206454,0.7919793900378386,0.7963781952857971,60888000.0
2011-03-11,0.7812115743478248,0.8258002596635008,0.7796946291805319,0.817610502243042,37662000.0
2011-03-14,0.8139708030957078,0.8459718019289147,0.7985012454652249,0.8142738342285156,37458000.0
2011-03-15,0.7323760642468305,0.8010790145232184,0.7119016977209655,0.7846994996070862,39852000.0
2011-03-16,0.7872786141682672,0.8116959171745111,0.7175137057920995,0.734045147895813,35268000.0
2011-03-17,0.7665001018067061,0.7881883835534085,0.7525474923507595,0.7608891725540161,37530000.0
2011-03-18,0.7989558083968683,0.7989558083968683,0.759068971296778,0.7684717178344727,32274000.0
2011-03-21,0.7959231458063434,0.8251933338459763,0.7922832473355551,0.8082078099250793,39534000.0
2011-03-22,0.8138188173697077,0.8138188173697077,0.7850036322923823,0.7892495393753052,24156000.0
2011-03-23,0.7837894600647001,0.815183518134816,0.7643769788016049,0.810633659362793,25218000.0
2011-03-24,0.8391469542589,0.8760008420330131,0.8270133976082944,0.8703890442848206,44664000.0
2011-03-25,0.8784267500481847,0.8919252743736029,0.8615922803263804,0.8631091713905334,31548000.0
2011-03-28,0.8766068203225172,0.8890434068944791,0.8631091639314266,0.8672040700912476,22812000.0
2011-03-29,0.863867304298441,0.891166464954482,0.840359964926571,0.8910154104232788,29970000.0
2011-03-30,0.9119447867985734,0.9174046623097551,0.8731189993592129,0.8938964009284973,29814000.0
2011-03-31,0.88707160642987,0.8982952020945636,0.8606824071300858,0.871147096157074,20958000.0
2011-04-01,0.890408375073081,0.890408375073081,0.8314121229772108,0.8406628966331482,33942000.0
2011-04-04,0.8452125985349399,0.852947347515554,0.8036578079791459,0.8189753293991089,27054000.0
2011-04-05,0.8568913838348186,0.8928353080635236,0.8559813685025276,0.87236088514328,44274000.0
2011-04-06,0.8985981629245108,0.9163425941451016,0.888133474716052,0.9151296019554138,30012000.0
2011-04-07,0.9152807058652516,0.9152807058652516,0.8735738755883314,0.901783049106598,20022000.0
2011-04-08,0.917252747506752,0.9251394759479632,0.8664461899195737,0.8796408176422119,20496000.0
2011-04-11,0.8860105609901621,0.8860105609901621,0.8488527207376299,0.8559814095497131,18594000.0
2011-04-12,0.8341421666852338,0.8341421666852338,0.7903115081016692,0.8035061359405518,31302000.0
2011-04-13,0.8197334985268548,0.8262552566227697,0.7950131704603297,0.8103307485580444,33960000.0
2011-04-14,0.7931933367479199,0.8132126988499521,0.7762068349449395,0.8119987845420837,18072000.0
2011-04-15,0.8065389288919484,0.8345970482693721,0.7939512872947733,0.8280752897262573,17262000.0
2011-04-18,0.7983489323240236,0.8030507672563657,0.7640739398360787,0.7837893962860107,29268000.0
2011-04-19,0.7789367175691558,0.7947092497110921,0.7734768968579302,0.7931932806968689,22242000.0
2011-04-20,0.8643222781962602,0.8948063850402832,0.8584075033051987,0.8948063850402832,52812000.0
2011-04-21,0.9137646268823096,0.9137646268823096,0.880853671383771,0.8923802971839905,22464000.0
2011-04-25,0.8898013544877827,0.9083047451560384,0.8837355261705272,0.8949581980705261,13536000.0
2011-04-26,0.8966261456004587,0.9403047606136824,0.8958681069400446,0.9380298852920532,30864000.0
2011-04-27,0.9281721392397349,0.9410637865685736,0.9032998903410592,0.9378787875175476,26574000.0
2011-04-28,0.9283241598303972,0.937726963918758,0.9004180192957271,0.9192244410514832,25950000.0
2011-04-29,0.914219851579155,0.9368171774826586,0.913915898377826,0.932722270488739,12540000.0
2011-05-02,0.9418218732835414,0.9418218732835414,0.8978401651553156,0.9036030173301696,21006000.0
2011-05-03,0.8948062673179702,0.8987501190027006,0.8524925620200787,0.8702369928359985,33096000.0
2011-05-04,0.8922284211703275,0.8928354054768478,0.8400569511828208,0.8717540502548218,20118000.0
2011-05-05,0.8568912526136205,0.9031478813584966,0.8515824329051189,0.877061665058136,41994000.0
2011-05-06,0.9099726617400756,0.926200199176602,0.8854033907610093,0.8963230848312378,40860000.0
2011-05-09,0.8963232334187671,0.8966262645118842,0.8706920206949784,0.8885884284973145,18708000.0
2011-05-10,0.9011760829279848,0.9084558256093164,0.8849485435451778,0.9001150131225586,19446000.0
2011-05-11,0.9037550117289704,0.9142197548601184,0.8623512638562097,0.8794887661933899,18096000.0
2011-05-12,0.8669011985935526,0.9239256167574704,0.8640193382920548,0.9155848026275636,25260000.0
2011-05-13,0.9107308176107012,0.9177075292741296,0.8773657232578708,0.8800956606864929,16488000.0
2011-05-16,0.8776686510225283,0.8993560086136237,0.8396017792650687,0.8427866697311401,23142000.0
2011-05-17,0.8335349941325663,0.8342929785548667,0.7887943330825722,0.8123025894165039,35832000.0
2011-05-18,0.8215534408994286,0.8659910751552046,0.820795456404483,0.8581043481826782,17988000.0
2011-05-19,0.847639625205025,0.8480945785989428,0.8138186567550957,0.8367199301719666,20982000.0
2011-05-20,0.8385401218759472,0.844151920277708,0.8160937960867595,0.8289853930473328,10974000.0
2011-05-23,0.8009280344506702,0.8009280344506702,0.7769648219697749,0.7780267596244812,23688000.0
2011-05-24,0.7918283348185048,0.7928893504432758,0.7584623711189655,0.7604342699050903,23982000.0
2011-05-25,0.7546705501709088,0.7883395473881837,0.7461777600416387,0.7804537415504456,19098000.0
2011-05-26,0.7778748244160661,0.8074489137187759,0.7695340112374287,0.8024441003799438,14706000.0
2011-05-27,0.8183686102736678,0.8382369718273447,0.8183686102736678,0.8309571743011475,19008000.0
2011-05-31,0.8568913377862528,0.8682659864425659,0.8435447362357853,0.8682659864425659,15954000.0
2011-06-01,0.8615923726727726,0.8615923726727726,0.7886434480479174,0.7895534634590149,17838000.0
2011-06-02,0.7907663299254172,0.8130606191776899,0.7772686741186903,0.7898563146591187,16122000.0
2011-06-03,0.7648321562483659,0.7825766419435766,0.7445097095648395,0.7478457093238831,38124000.0
2011-06-06,0.7440548066600321,0.7536095345477657,0.7281302963395498,0.7296462655067444,18660000.0
2011-06-07,0.7520924173348534,0.7630121116041155,0.7401107855505145,0.7404147386550903,14688000.0
2011-06-08,0.7305560956501209,0.7307080179599774,0.6890012488903261,0.6959770917892456,36198000.0
2011-06-09,0.6984041180502965,0.7112957126916833,0.686574461080025,0.6982521414756775,25770000.0
2011-06-10,0.6900624539069768,0.6933993215186093,0.6501755988937454,0.6644321084022522,22752000.0
2011-06-13,0.6647349568537821,0.6755026734523663,0.6384977427787322,0.6450185775756836,18828000.0
2011-06-14,0.6676170703649211,0.6933993388538665,0.6676170703649211,0.681114673614502,15768000.0
2011-06-15,0.6661000155081647,0.6750477573437029,0.639710821321822,0.6410757899284363,13464000.0
2011-06-16,0.6462326665487003,0.6463837210700417,0.6028570217542011,0.6193884611129761,17418000.0
2011-06-17,0.641227854986858,0.641227854986858,0.5861745247609202,0.5923923850059509,23820000.0
2011-06-20,0.588752295177227,0.6020988403535905,0.585870381699406,0.5942121148109436,18750000.0
2011-06-21,0.6051318782978385,0.6419857600049568,0.5952741210926568,0.6389527916908264,30174000.0
2011-06-22,0.629853044564627,0.6477485819148233,0.6239382169466177,0.6295491456985474,20856000.0
2011-06-23,0.6066488975728243,0.6592753755041794,0.5948192392971563,0.6579104065895081,41520000.0
2011-06-24,0.6516926098948795,0.6516926098948795,0.6064969801423887,0.6108949184417725,21660000.0
2011-06-27,0.6108947795046371,0.6303081322554385,0.5929992398805479,0.6213594675064087,15390000.0
2011-06-28,0.6287910415288522,0.6456255616656207,0.624696190502315,0.6450185775756836,24696000.0
2011-06-29,0.650782485429059,0.6585172900143598,0.6328860784044944,0.6477486491203308,16728000.0
2011-06-30,0.6521474516066332,0.7006790151708517,0.6521474516066332,0.6946122646331787,30492000.0
2011-07-01,0.6999210034377166,0.7431447213243622,0.6891523630046351,0.7399597764015198,25212000.0
2011-07-05,0.7360160925565209,0.7440547969333632,0.7090208312953958,0.7197885513305664,15444000.0
2011-07-06,0.7123567604968348,0.712660713659808,0.6856645309676883,0.7031059861183167,10506000.0
2011-07-07,0.7228213455275132,0.7567942898196287,0.7173615252461144,0.7446607351303101,18822000.0
2011-07-08,0.715996698227245,0.7188786126169292,0.6880914749361585,0.7112957835197449,16896000.0
2011-07-11,0.6973421660015613,0.7161485887403379,0.6688300160734602,0.6747448444366455,22608000.0
2011-07-12,0.6544224876612135,0.6574554566331791,0.6074069396716039,0.6171135902404785,46284000.0
2011-07-13,0.6319762153012861,0.6400139979737612,0.6037670384760768,0.6105918288230896,27108000.0
2011-07-14,0.6130186522779477,0.6350090437849066,0.5793496585953495,0.5831406116485596,41184000.0
2011-07-15,0.5949702919973419,0.5954252997136998,0.5710079986321425,0.5923923850059509,24444000.0
2011-07-18,0.584960468559834,0.591937233772918,0.5543253146608164,0.5669130086898804,25644000.0
2011-07-19,0.5848095962262275,0.6269713875774526,0.5848095962262275,0.6230284571647644,31746000.0
2011-07-20,0.6383457353750193,0.6444125386198433,0.6036148136147104,0.6149894595146179,21420000.0
2011-07-21,0.6104398103731256,0.6354640941681847,0.5863255419528242,0.6318241953849792,32058000.0
2011-07-22,0.6350090313404183,0.6809626342310076,0.6350090313404183,0.6745928525924683,40338000.0
2011-07-25,0.6545732966781397,0.6630670059700055,0.6350088941042477,0.6488104462623596,17520000.0
2011-07-26,0.6606402259823424,0.6877874601017114,0.6606402259823424,0.6650381088256836,30282000.0
2011-07-27,0.643350716672427,0.643350716672427,0.588145368150808,0.5922402739524841,54816000.0
2011-07-28,0.591482368823468,0.6187815842822654,0.5705529901925479,0.5878425240516663,23532000.0
2011-07-29,0.5569032201011203,0.589662245810267,0.5484104326518843,0.5737377405166626,33750000.0
2011-08-01,0.597700235480851,0.6063450025032685,0.5493206405757483,0.5723729729652405,41922000.0
2011-08-02,0.5594810988147408,0.5705527128155795,0.5194423376424512,0.5215662121772766,44364000.0
2011-08-03,0.5247511049238034,0.542343607217267,0.4903232167575599,0.5380967259407043,48840000.0
2011-08-04,0.5205045637704145,0.5217175561718815,0.445431756772072,0.4498296678066253,70020000.0
2011-08-05,0.4633281209577543,0.4783426682375905,0.3809755605040161,0.4170705378055572,60150000.0
2011-08-08,0.3714209092611225,0.4009950271408459,0.3471546632055242,0.3518564999103546,42156000.0
2011-08-09,0.3723308704429383,0.4003880699717684,0.3366899740942838,0.399175077676773,49818000.0
2011-08-10,0.3862834225778909,0.4132796022527898,0.3576192973956636,0.3752118051052093,35904000.0
2011-08-11,0.3911362997696485,0.4469485792935808,0.3885583390754573,0.4310240447521209,29616000.0
2011-08-12,0.4417917601326899,0.4548343807775786,0.4176774682240315,0.4267772138118744,27114000.0
2011-08-15,0.4345119301489065,0.4528633693482204,0.4301140478121979,0.4519533812999725,22326000.0
2011-08-16,0.4361800253723517,0.4493746244520711,0.4094877689900042,0.4264742434024811,25092000.0
2011-08-17,0.4225303707959869,0.4458866518232163,0.4058478514312284,0.4172224998474121,17232000.0
2011-08-18,0.3824915630546988,0.3824915630546988,0.3366899120813947,0.3450316190719604,38010000.0
2011-08-19,0.3369929352489764,0.3673259830361777,0.3230403255524199,0.3248602747917175,28344000.0
2011-08-22,0.3521594335310676,0.3529174450867163,0.3272871573269144,0.3339599967002868,21594000.0
2011-08-23,0.3457896258410188,0.3861314559673632,0.336689907409192,0.3850704133510589,51924000.0
2011-08-24,0.3850703593019752,0.3952311189239261,0.361562132908839,0.3844634294509887,51954000.0
2011-08-25,0.3783967062488104,0.3923502380157919,0.3518564555380702,0.3539794087409973,33522000.0
2011-08-26,0.3551924209725647,0.3884064354835858,0.3382068689180059,0.3820366263389587,38676000.0
2011-08-29,0.4011460430913934,0.4254122868131439,0.3981131016174603,0.4246542751789093,29448000.0
2011-08-30,0.4146445676126546,0.4322370763322392,0.4061508833148693,0.4246542751789093,25152000.0
2011-08-31,0.4373938904451631,0.4445217110106787,0.4066058884833831,0.4155545532703399,29664000.0
2011-09-01,0.4161606441991584,0.432085182236584,0.3943213040923009,0.3947762846946716,26106000.0
2011-09-02,0.3768806595636987,0.3791556163129819,0.3606522261546864,0.3676289916038513,22992000.0
2011-09-06,0.3335050049693461,0.3611072197082851,0.3318370323404307,0.3603492081165313,29136000.0
2011-09-07,0.3814306007448905,0.4079708536165785,0.3814306007448905,0.4067578613758087,43224000.0
2011-09-08,0.396748103024838,0.4313270828021693,0.3940181928463884,0.4006910324096679,32784000.0
2011-09-09,0.3868903622855658,0.4196493920161439,0.3797616474687437,0.3876483738422394,39306000.0
2011-09-12,0.3774867516029233,0.4229853749275207,0.3774867516029233,0.4229853749275207,34446000.0
2011-09-13,0.4305691047641114,0.4519534615861851,0.4202554711430581,0.4486165940761566,43494000.0
2011-09-14,0.4555934155991053,0.4982102146283026,0.4496786132001422,0.4822856485843658,86268000.0
2011-09-15,0.4974520724164506,0.5086747990124979,0.4850154858533661,0.5041249394416809,61032000.0
2011-09-16,0.5035179265605058,0.521717418046506,0.4991200438096055,0.5057928562164307,62544000.0
2011-09-19,0.4825886279484305,0.4991201223281124,0.4639341801398032,0.4888074100017547,54882000.0
2011-09-20,0.4966931336629224,0.5009399618754954,0.4696978768887066,0.4727308452129364,72882000.0
2011-09-21,0.4821337392381561,0.4925984295547521,0.4428538343823184,0.4431568384170532,117186000.0
2011-09-22,0.4094877478209902,0.4117626776440499,0.376121784984482,0.3987200558185577,61854000.0
2011-09-23,0.3894684274810825,0.4269292759180016,0.3837055746663451,0.4205594658851623,52566000.0
2011-09-26,0.4357250299769936,0.4357250299769936,0.390985309387556,0.4198005199432373,98616000.0
2011-09-27,0.4423987529884658,0.4698489651174505,0.4351189559291277,0.4427017569541931,75846000.0
2011-09-28,0.4504364320295683,0.4504364320295683,0.4035728508237199,0.4044828116893768,57690000.0
2011-09-29,0.4201044359265495,0.4240473386803594,0.3655060628804066,0.3879514634609222,82098000.0
2011-09-30,0.3688420244579323,0.3808236309941591,0.3488226089571197,0.3489745855331421,47844000.0
2011-10-03,0.3419978212158142,0.3529174901318916,0.3093907639251465,0.3101487755775451,52956000.0
2011-10-04,0.3002910650628746,0.3498845727208989,0.296651166133328,0.3492776155471802,89970000.0
2011-10-05,0.3501875102252076,0.3849184360008776,0.3357798949458944,0.3821884989738464,78738000.0
2011-10-06,0.3797616461318308,0.3959901064385161,0.3662640179761828,0.3953831493854522,78432000.0
2011-10-07,0.4056958654780359,0.4154025410618689,0.3882553349348625,0.4016009867191314,53652000.0
2011-10-10,0.4188904915673272,0.4405788009764289,0.4188904915673272,0.4336020350456238,30468000.0
2011-10-11,0.4266252714082023,0.4376969164390433,0.421924357295435,0.4307201504707336,30294000.0
2011-10-12,0.4470996701486334,0.4565033425588248,0.4420948028564453,0.4420948028564453,41778000.0
2011-10-13,0.4346638885371241,0.4734887690334147,0.433298920081424,0.4698488712310791,45486000.0
2011-10-14,0.4882002458268151,0.4889582843590449,0.4613561032509068,0.4865323007106781,47322000.0
2011-10-17,0.4750057992686626,0.4768257213771164,0.4411848297858781,0.4464935958385467,36648000.0
2011-10-18,0.4472516964282308,0.4792527230500777,0.4311752083780629,0.4753089249134063,52332000.0
2011-10-19,0.4742477915892462,0.4742477915892462,0.4408818275686288,0.4442186951637268,44826000.0
2011-10-20,0.4319340834697818,0.4378488849335317,0.3970511741673593,0.4228343367576599,53466000.0
2011-10-21,0.4398198786646335,0.465906098871238,0.4395168746929686,0.4486165940761566,28434000.0
2011-10-24,0.4587783831277509,0.4971483003696815,0.4563514761534861,0.4951772689819336,81846000.0
2011-10-25,0.4844086701737754,0.4953283140249579,0.4656031652872018,0.468484103679657,63798000.0
2011-10-26,0.4807685667190618,0.4904752140140765,0.4455835567535138,0.4750057160854339,38490000.0
2011-10-27,0.5129216853988713,0.544618783641556,0.5057929420987559,0.5355190634727478,55464000.0
2011-10-28,0.5274811705012236,0.5397658348083496,0.523689349642693,0.5397658348083496,25170000.0
2011-10-31,0.5233862528092955,0.5233862528092955,0.4982100516090972,0.4986650049686432,29562000.0
2011-11-01,0.4578682635547898,0.4687879593730689,0.4414887740659771,0.4508915245532989,40368000.0
2011-11-02,0.4671190659536552,0.4701529022097023,0.4464935896937861,0.4577163159847259,15834000.0
2011-11-03,0.470152901305671,0.5013949874084322,0.4436117291502103,0.4988170266151428,44694000.0
2011-11-04,0.4872902574574235,0.5215662239202884,0.4856223124355768,0.5162574052810669,40914000.0
2011-11-07,0.5088268450208308,0.518229596528566,0.4853185831668908,0.5139827132225037,44898000.0
2011-11-08,0.5252062876475246,0.5300591787646838,0.497603174447513,0.5221724510192871,42258000.0
2011-11-09,0.4882003060906421,0.4882003060906421,0.4501334352283087,0.4513464272022247,41424000.0
2011-11-10,0.4736408647927166,0.4745508259126962,0.4428537565023956,0.4633281528949737,21204000.0
2011-11-11,0.4762188563128565,0.5162576363037679,0.4762188563128565,0.5106467604637146,34920000.0
2011-11-14,0.5032148532060592,0.5182294527596998,0.4833474179213128,0.4930531978607178,29382000.0
2011-11-15,0.4898681938382699,0.5217172531962748,0.4869872029613175,0.5130724906921387,45540000.0
2011-11-16,0.5004853012611562,0.5285425120152628,0.4941154620056234,0.5047321319580078,36810000.0
2011-11-17,0.5004851296895039,0.5035180445095893,0.4296591813412794,0.4474036693572998,73242000.0
2011-11-18,0.4566544032405999,0.4566544032405999,0.4272322375592508,0.4340570271015167,32286000.0
2011-11-21,0.4157056174990969,0.4178294928584577,0.3912883188397397,0.4091847538948059,39312000.0
2011-11-22,0.4046348790106707,0.4170705435636211,0.3868903940754831,0.3944731950759887,28380000.0
2011-11-23,0.3818856237859968,0.382491658945613,0.3570124188998234,0.3573163449764251,31662000.0
2011-11-25,0.3536764197986001,0.3673260271738079,0.3424528241157532,0.3424528241157532,22728000.0
2011-11-28,0.3820366251713154,0.3847665356194396,0.3664160148330809,0.3774867653846741,23802000.0
2011-11-29,0.3809756048783174,0.3882554026614901,0.3661121103790485,0.3689939975738525,23424000.0
2011-11-30,0.3990230624840721,0.4334500682698919,0.3990230624840721,0.4320851266384125,51342000.0
2011-12-01,0.4329950572792345,0.4434597446479147,0.4175255300417816,0.4395168423652649,24264000.0
2011-12-02,0.4528634187455174,0.4605981688431732,0.4354219656919779,0.4366349577903747,28338000.0
2011-12-05,0.4577163003068371,0.463328097168913,0.4414887346037568,0.4501334726810455,29232000.0
2011-12-06,0.448161681107865,0.4546834405376853,0.4360290184131639,0.4474036693572998,16620000.0
2011-12-07,0.4414886879316248,0.466967946083975,0.4307200758511483,0.4631760716438293,20436000.0
2011-12-08,0.4498295606108848,0.4668160333465219,0.420407423747345,0.4237442910671234,26226000.0
2011-12-09,0.4147956637569925,0.4443697817603272,0.4016010639387183,0.4390619099140167,35904000.0
2011-12-12,0.4120657051379002,0.4120657051379002,0.3887103449351328,0.4038759469985962,28650000.0
2011-12-13,0.4100947507452239,0.4173745486876778,0.3692970367691892,0.374908834695816,41736000.0
2011-12-14,0.3730887703787601,0.3811265504413609,0.3507944570603069,0.3568612337112427,31500000.0
2011-12-15,0.3765767932506526,0.3794586803987572,0.3507945516700905,0.3559513688087463,20004000.0
2011-12-16,0.3676290094478068,0.378700627072894,0.3594392515346344,0.3642921149730682,18036000.0
2011-12-19,0.3680840019071457,0.3689939629850918,0.3321400783001312,0.3336569964885711,36264000.0
2011-12-20,0.3535244031074628,0.3809755349861425,0.3535244031074628,0.3776386678218841,36492000.0
2011-12-21,0.3771838044488455,0.3791557307309773,0.3510976059642007,0.3665671646595001,24912000.0
2011-12-22,0.3721789415394178,0.4058479408092513,0.3709659491773976,0.4026630222797394,28410000.0
2011-12-23,0.403875918861106,0.4093357662800293,0.3944731692180167,0.4084257781505584,15252000.0
2011-12-27,0.4026628906390272,0.4164644438285974,0.4019048791378057,0.4073647260665893,19536000.0
2011-12-28,0.4031180087055033,0.4075159196604513,0.3867385165666941,0.3874965012073517,23736000.0
2011-12-29,0.3950801572539411,0.4002360519566363,0.3859804379617021,0.3987200558185577,13962000.0
2011-12-30,0.3988711852027932,0.4034210457029248,0.39310833230554,0.3937152624130249,15528000.0
2012-01-03,0.4185874958145105,0.4276872151411403,0.4049378897052631,0.4081228077411651,20838000.0
2012-01-04,0.4059997987638174,0.4107007126123899,0.392501275241119,0.4078197479248047,19632000.0
2012-01-05,0.4063028983186314,0.4269292454001056,0.4040279682637566,0.4254123270511627,25092000.0
2012-01-06,0.4252603115030908,0.4307201594061664,0.4154025804807816,0.4292041361331939,19224000.0
2012-01-09,0.4364839797289783,0.4565033970487154,0.4337540419276377,0.4530145525932312,27516000.0
2012-01-10,0.4698488475399138,0.4756126199140685,0.4616590914572588,0.466967910528183,20658000.0
2012-01-11,0.4581712521393309,0.4768256968657623,0.4572612911318808,0.4727308452129364,16698000.0
2012-01-12,0.4812235853670397,0.4901723037613917,0.4671190539854988,0.4886553585529327,20850000.0
2012-01-13,0.4753088252277303,0.4756127241209719,0.4539244423714195,0.4568063020706177,24198000.0
2012-01-17,0.4750057727721793,0.4775837334621021,0.4605981563213703,0.4627211093902588,17028000.0
2012-01-18,0.4791006970883092,0.5349120629303954,0.4791006970883092,0.5308172106742859,50442000.0
2012-01-19,0.5462865843932083,0.5656999881592368,0.543405647120039,0.5634250044822693,41148000.0
2012-01-20,0.561150348930437,0.5744960332201985,0.5549316196534763,0.5716150403022766,17694000.0
2012-01-23,0.5751028803022145,0.5793497092008445,0.5531115648180569,0.5672160983085632,22410000.0
2012-01-24,0.5579652156128722,0.5779846283236245,0.5549313795689492,0.571159839630127,11994000.0
2012-01-25,0.5767707148927984,0.5838994567040989,0.5534153571142095,0.5785906910896301,29904000.0
2012-01-26,0.5861745919575525,0.5954253679708028,0.5526566445589683,0.5606953501701355,22794000.0
2012-01-27,0.5537185469533303,0.5728279499490141,0.5506855778537999,0.5684300661087036,9660000.0
2012-01-30,0.5553865370111783,0.5553865370111783,0.5308172585430521,0.548561692237854,15960000.0
2012-01-31,0.5631211672071572,0.5655480734573345,0.5397658081960648,0.5508365035057068,17148000.0
2012-02-01,0.5693398118276705,0.6005819472127387,0.5666099291408807,0.5870842933654785,39444000.0
2012-02-02,0.596032099192082,0.6105916920621945,0.5881453728213368,0.598459005355835,22602000.0
2012-02-03,0.6189335581254982,0.6325831386749993,0.6116537601369862,0.623786449432373,26310000.0
2012-02-06,0.6178715194206785,0.6184784493867431,0.5942122069419369,0.6039189100265503,16218000.0
2012-02-07,0.5945155237422977,0.6104400394355785,0.5854158004889942,0.6045252084732056,18906000.0
2012-02-08,0.6083168655867519,0.6404689165824976,0.6083168655867519,0.627426266670227,28428000.0
2012-02-09,0.6377389425362715,0.6377389425362715,0.6177195289092068,0.6328860521316528,20448000.0
2012-02-10,0.6128666040916989,0.616506502204837,0.5870843404879778,0.593757152557373,28206000.0
2012-02-13,0.6119568037104761,0.6142317338483413,0.5772258673263347,0.5999751687049866,18954000.0
2012-02-14,0.5939092777291837,0.6086199283599854,0.591482371027729,0.6086199283599854,20418000.0
2012-02-15,0.6215113226278897,0.6392557500305548,0.6142315269434866,0.6168094873428345,32016000.0
2012-02-16,0.6127146165354276,0.6657969557327214,0.6127146165354276,0.6624600887298584,32184000.0
2012-02-17,0.6786875715369145,0.6788395480751923,0.6410757105726729,0.6469905376434326,18594000.0
2012-02-21,0.6518435798799365,0.6521475330529325,0.6127147615246991,0.6210564970970154,19566000.0
2012-02-22,0.6131697685736489,0.6289432242952212,0.6051319861829038,0.611653745174408,12120000.0
2012-02-23,0.6127147982555972,0.618326596422852,0.5884494730164854,0.6152936816215515,14346000.0
2012-02-24,0.6187814223732337,0.6287911013538012,0.607254798290127,0.6107436418533325,8700000.0
2012-02-27,0.5987620612743676,0.6245443266879396,0.5867804828105755,0.6113497018814087,16248000.0
2012-02-28,0.6154447155571613,0.6503276279320346,0.6154447155571613,0.6422889232635498,25620000.0
2012-02-29,0.6445637970381003,0.6456257347275345,0.6087718486555341,0.6125636696815491,17994000.0
2012-03-01,0.6234833029317733,0.6306111230112137,0.6054348658340489,0.6131696701049805,11220000.0
2012-03-02,0.6084688738480237,0.6227245167618856,0.5914823710500151,0.5943642854690552,15672000.0
2012-03-05,0.5882974093969167,0.588600440486875,0.5441637271446056,0.5499265789985657,37602000.0
2012-03-06,0.5252063550568523,0.5373390454351418,0.5154997037589485,0.5332441926002502,25242000.0
2012-03-07,0.5424957420335139,0.5650930621968387,0.5382488595177244,0.5588752031326294,33216000.0
2012-03-08,0.5763158671352816,0.5875394625286846,0.5660031007054964,0.582685649394989,18336000.0
2012-03-09,0.5820795041098,0.6030088786711282,0.5816245507210938,0.6014919877052307,25692000.0
2012-03-12,0.6020988357851965,0.6020988357851965,0.5782876048523626,0.5851123929023743,16902000.0
2012-03-13,0.5957292940252162,0.6230284571647644,0.5957292940252162,0.6230284571647644,29352000.0
2012-03-14,0.6293980728801458,0.6472935554707935,0.6134735124158817,0.6174164414405823,32916000.0
2012-03-15,0.628184358487963,0.6554835206934942,0.6245444593461694,0.652298629283905,32976000.0
2012-03-16,0.6529054177362212,0.6603371910038167,0.6454736987072279,0.6536634564399719,17574000.0
2012-03-19,0.650630625137752,0.6774748336825057,0.6475977103432657,0.669437050819397,17856000.0
2012-03-20,0.6541185384310849,0.6618532894095872,0.639255912262606,0.6563934683799744,16914000.0
2012-03-21,0.661702222317325,0.6714080041379357,0.6506305496492606,0.662763237953186,10542000.0
2012-03-22,0.6491137744647323,0.6570005032826971,0.6354641925925424,0.6513887047767639,12330000.0
2012-03-23,0.6548774450387397,0.6566973673024078,0.6313691847035829,0.6563934683799744,17070000.0
2012-03-26,0.6732280179919644,0.6841477155685425,0.6604883979385973,0.6841477155685425,19938000.0
2012-03-27,0.6794467055487605,0.6984041292592451,0.6794467055487605,0.6824796199798584,11262000.0
2012-03-28,0.6817216997322335,0.6868775679695273,0.6439577947936482,0.6579104065895081,20256000.0
2012-03-29,0.6457776402258192,0.6632181709132138,0.633189077845795,0.6600332260131836,13368000.0
2012-03-30,0.6811146860926853,0.6811146860926853,0.6521475259600601,0.6676170825958252,17772000.0
2012-04-02,0.6627631809416878,0.6736828760927958,0.638648915168086,0.6670100092887878,16848000.0
2012-04-03,0.6642802172459382,0.6642802172459382,0.6281843137720158,0.6362230181694031,24684000.0
2012-04-04,0.6118048272184677,0.6136247496336157,0.5770748128850033,0.5928473472595215,43110000.0
2012-04-05,0.5905722789850898,0.6036149266861814,0.5864774273894957,0.598459005355835,13242000.0
2012-04-09,0.5711598242791776,0.5782876438346,0.5619081297149952,0.5735858082771301,20418000.0
2012-04-10,0.5705529370038231,0.5846575240148234,0.5382489108759745,0.543556809425354,19278000.0
2012-04-11,0.5611502228436855,0.5808657407830916,0.5603913162064511,0.5688850283622742,15714000.0
2012-04-12,0.5728279439624138,0.607406958870779,0.5711599980983246,0.6001271605491638,29892000.0
2012-04-13,0.5926955070886696,0.5996722757024254,0.5676712698081198,0.5679752230644226,13854000.0
2012-04-16,0.582837639704139,0.5857194997924879,0.5537185026802188,0.5688850283622742,26910000.0
2012-04-17,0.5805628086969469,0.6028571594110825,0.5805628086969469,0.5952743291854858,25710000.0
2012-04-18,0.5758607998163456,0.5879943550992679,0.5628181512994296,0.5804106593132019,18018000.0
2012-04-19,0.573434857049822,0.6020989848018246,0.5505335813413142,0.5614532232284546,19344000.0
2012-04-20,0.5619082858638947,0.5620602624568847,0.520656458056044,0.5224764347076416,40272000.0
2012-04-23,0.5036700379254975,0.5044280225820674,0.4874424949251499,0.503367006778717,27534000.0
2012-04-24,0.5098877949197091,0.5103427483369811,0.4856224736544999,0.4912333488464355,19170000.0
2012-04-25,0.5153475355843294,0.5274810892700577,0.5073097552674457,0.5239923000335693,29502000.0
2012-04-26,0.5280872729529772,0.5625151757097361,0.5280872729529772,0.5593302845954895,28902000.0
2012-04-27,0.5584203375877349,0.5650931510930073,0.5427988042517922,0.5597853064537048,29844000.0
2012-04-30,0.5584204512179914,0.5597854203617123,0.5505337217715095,0.5506856441497803,15000000.0
2012-05-01,0.5505336380445848,0.5708560327769467,0.5458318011561079,0.5572064518928528,19788000.0
2012-05-02,0.5459835704200777,0.5687328632548341,0.5421916961827302,0.5649409890174866,15480000.0
2012-05-03,0.5673681391950193,0.5685811315991751,0.5223244874393383,0.5244474411010742,26280000.0
2012-05-04,0.5164095241274652,0.5247512583634526,0.4891103680404142,0.490627259016037,31662000.0
2012-05-07,0.4833473338567332,0.4982099542772643,0.4833473338567332,0.4875932931900024,21600000.0
2012-05-08,0.4783427196224997,0.4824375719393338,0.4487686024145211,0.4791007041931152,33234000.0
2012-05-09,0.4571092580207695,0.480920543260007,0.4443696427767493,0.4750057160854339,33318000.0
2012-05-10,0.4845604765765384,0.4845604765765384,0.4575642991082301,0.468938946723938,21144000.0
2012-05-11,0.4663610124103375,0.4959351521148893,0.464693066945432,0.4789486527442932,23736000.0
2012-05-14,0.4645411361376174,0.4734888790631561,0.45801932336805,0.4648441672325134,18600000.0
2012-05-15,0.4630241440483884,0.4760677140322122,0.4472515859698764,0.4501334726810455,18522000.0
2012-05-16,0.4542284057977728,0.4590812696145124,0.4276872313257601,0.4293552041053772,32856000.0
2012-05-17,0.4319340567136318,0.4336020293755987,0.3982650637626648,0.3982650637626648,27282000.0
2012-05-18,0.4061508692288979,0.4075158379330988,0.3738468449300943,0.3762737512588501,48906000.0
2012-05-21,0.3779417549858184,0.4064548286513742,0.3761218056037392,0.4047859609127044,43740000.0
2012-05-22,0.4055447954824845,0.4055447954824845,0.388558324034267,0.3969000577926636,29538000.0
2012-05-23,0.3827954875498898,0.4026629242828997,0.3730888119660567,0.4016009867191314,27300000.0
2012-05-24,0.4022080439425687,0.4040279935241153,0.3776387652706513,0.3858285248279571,28086000.0
2012-05-25,0.3853734585639758,0.4040279037297835,0.3850704274935599,0.3997810482978821,21594000.0
2012-05-29,0.4119146790134983,0.4289002315140794,0.4107007647146879,0.4232893288135528,18396000.0
2012-05-30,0.4116107626009532,0.4119146886512878,0.3961412330870693,0.4003880620002746,22146000.0
2012-05-31,0.3979611180081638,0.4005400009487196,0.3752118200133941,0.3870414495468139,21192000.0
2012-06-01,0.3676290471360005,0.3686909848599006,0.3412398214749586,0.3416948020458221,45294000.0
2012-06-04,0.3429077777409485,0.3535244425369629,0.3278932297921802,0.3369929492473602,27960000.0
2012-06-05,0.3382068437652835,0.3630791213605528,0.3382068437652835,0.3597422540187835,36054000.0
2012-06-06,0.3702070135021727,0.3978101287660572,0.3691459977417544,0.3961412608623504,41736000.0
2012-06-07,0.4099427345227556,0.4147955978894094,0.3783966954620418,0.3800655901432037,32898000.0
2012-06-08,0.372936917947353,0.3981131241843664,0.37157194911844,0.3967481553554535,22326000.0
2012-06-11,0.4129757316347511,0.4147956539506831,0.3727858437696311,0.374150812625885,29760000.0
2012-06-12,0.3796106509098598,0.3999330710357462,0.3783967366141706,0.3996300399303436,36006000.0
2012-06-13,0.3940181782581048,0.4034209276517028,0.3815815927940927,0.3859803974628448,21486000.0
2012-06-14,0.3873453448843138,0.3908332936836566,0.3706619039324709,0.3847664892673492,21318000.0
2012-06-15,0.3858284398323421,0.4035729240039405,0.3850704282460035,0.4020559787750244,16392000.0
2012-06-18,0.3946251602447597,0.4264742035577799,0.3946251602447597,0.4208624064922333,31980000.0
2012-06-19,0.4310241163024096,0.440426867452675,0.4229854119491263,0.433754026889801,23340000.0
2012-06-20,0.4370899533903093,0.4533184149055652,0.4345119925413258,0.4484646022319793,39066000.0
2012-06-21,0.4437636759553964,0.4443697109806944,0.3912882890418908,0.3923502266407013,48192000.0
2012-06-22,0.3988711230817412,0.4131276595885847,0.3973550997759099,0.4085777997970581,21888000.0
2012-06-25,0.3982651275157313,0.398568131524111,0.3673260398970102,0.3691459894180298,41736000.0
2012-06-26,0.3741508371931202,0.3794587092624676,0.360652310749987,0.3724819421768188,24744000.0
2012-06-27,0.3783966937726925,0.3912882874850268,0.3746057409029883,0.3878003656864166,23748000.0
2012-06-28,0.3752118047203066,0.3841604690392214,0.364747117221517,0.3800655901432037,30120000.0
2012-06-29,0.4085777433647183,0.4284451796695577,0.406150837227185,0.4276871681213379,48804000.0
2012-07-02,0.4360289895896466,0.438909954742044,0.4184355572767441,0.4260192811489105,17688000.0
2012-07-03,0.4307201338156913,0.445431649684906,0.4267772314761487,0.445431649684906,18162000.0
2012-07-05,0.4357251092147627,0.4395169853440206,0.4204075535568292,0.4332991242408752,17106000.0
2012-07-06,0.4214693455083538,0.4229853415181655,0.3905302645654426,0.4016009867191314,30462000.0
2012-07-09,0.3970511233290821,0.4029659511548031,0.3815815965781425,0.3876483738422394,25698000.0
2012-07-10,0.3788518182219491,0.3921983975203897,0.3533725742445113,0.3605013191699981,48462000.0
2012-07-11,0.3636861296150923,0.3667190713709201,0.3442727748585327,0.3492776155471802,34476000.0
2012-07-12,0.3418467390126353,0.3423017195307728,0.324102254731561,0.3335050046443939,49020000.0
2012-07-13,0.3359319487743026,0.3453346997467087,0.3339600499149829,0.3419978320598602,30048000.0
2012-07-16,0.3372968514513278,0.3372968514513278,0.323192266730729,0.3306230902671814,27762000.0
2012-07-17,0.3366898616703825,0.3374478731244256,0.3096937139822745,0.3260731995105743,49782000.0
2012-07-18,0.3219783868247823,0.3659610130776218,0.320917371256152,0.3591362237930298,82602000.0
2012-07-19,0.3746057744416887,0.3902263848276655,0.3746057744416887,0.3820366263389587,54054000.0
2012-07-20,0.38067162577239,0.38279550097441,0.3624721880894998,0.3629271686077118,30600000.0
2012-07-23,0.3397227972004794,0.358074207846734,0.3269831824747166,0.3521593809127807,36108000.0
2012-07-24,0.3548894623818388,0.357619400515364,0.3382069380170963,0.348822683095932,30174000.0
2012-07-25,0.3562543751593151,0.3814306089247396,0.3561024256943092,0.367326021194458,43992000.0
2012-07-26,0.3902263618466104,0.4011460301487081,0.3821885532892326,0.3931082487106323,42372000.0
2012-07-27,0.3988710544698647,0.4238953061380133,0.3929562269105989,0.4204073846340179,44328000.0
2012-07-30,0.4208624175745775,0.4302651678099593,0.4022079716173122,0.4093357920646667,21042000.0
2012-07-31,0.422530510209233,0.4336021583284756,0.417070660896416,0.4190425872802734,64002000.0
2012-08-01,0.4260193144142761,0.4308722059867272,0.4094878185646844,0.41828453540802,20508000.0
2012-08-02,0.4058479119532976,0.4337540293891994,0.4009950207938226,0.4143406748771667,21774000.0
2012-08-03,0.4337540482844539,0.4474036561332791,0.4246543277981079,0.4398199319839477,25608000.0
2012-08-06,0.4481616050299355,0.4545314139012024,0.4442186754127624,0.4475546479225158,15390000.0
2012-08-07,0.4561994266362467,0.4853185632090029,0.4561994266362467,0.4745508432388305,31686000.0
2012-08-08,0.4701528069362963,0.4818304842623812,0.4677259011390641,0.4809205234050751,15552000.0
2012-08-09,0.4783426852911653,0.4924472720165935,0.4777357010535303,0.4897173345088959,14832000.0
2012-08-10,0.4883524176111293,0.4977551690744203,0.4850155497500745,0.4960872232913971,13224000.0
2012-08-13,0.4960870249433722,0.4960870249433722,0.4684838675406162,0.4865323007106781,17268000.0
2012-08-14,0.4951771509976402,0.4962382208339395,0.4671190865455464,0.4731858372688293,21054000.0
2012-08-15,0.4621142422037952,0.4878974323520213,0.4621142422037952,0.4812236428260803,13752000.0
2012-08-16,0.481072655689517,0.5065518962473371,0.4798587954716109,0.5062479972839355,14346000.0
2012-08-17,0.5032149904309653,0.5032149904309653,0.4888074253235962,0.4960872232913971,16194000.0
2012-08-20,0.4924472837957355,0.4930532917529613,0.4730339303463428,0.4830436110496521,60024000.0
2012-08-21,0.4885035607912513,0.5033670583647067,0.4789488310044783,0.4841056764125824,14460000.0
2012-08-22,0.4766737724621281,0.4807686788016065,0.4645411384972825,0.4739438891410827,16560000.0
2012-08-23,0.4698489057550411,0.4715178274139464,0.455896297625529,0.4643890857696533,12726000.0
2012-08-24,0.4595361789142851,0.4753087626220191,0.4549863200528443,0.4719727635383606,11352000.0
2012-08-27,0.4768257110246696,0.4772807186612062,0.4602942731241318,0.4677259922027588,7974000.0
2012-08-28,0.4619631779040555,0.4722758896635782,0.4595362714387893,0.4665130376815796,10518000.0
2012-08-29,0.4648441335874875,0.4730338913934693,0.4565033212731468,0.4674229621887207,8772000.0
2012-08-30,0.4595362744751798,0.4595362744751798,0.4416398392242202,0.4442186951637268,13566000.0
2012-08-31,0.4536213824368628,0.4672709599506778,0.4420947579524299,0.461659163236618,18720000.0
2012-09-04,0.4604462400838295,0.4615081777855004,0.4345120226558309,0.4510435163974762,33096000.0
2012-09-05,0.4486165815365032,0.457413296702142,0.4358769639084143,0.4410337805747986,15120000.0
2012-09-06,0.4522565172639093,0.4901723693060787,0.4522565172639093,0.4880484938621521,33888000.0
2012-09-07,0.4812235823955202,0.4844085272981189,0.4687879186222001,0.4789486527442932,13488000.0
2012-09-10,0.4713659317992017,0.4730339316883487,0.451043512117708,0.4539244771003723,19014000.0
2012-09-11,0.4586262492207015,0.4677259675632449,0.4508914723579598,0.461659163236618,15582000.0
2012-09-12,0.4656030748989429,0.4751578020928163,0.4575643710007817,0.4645411372184753,18390000.0
2012-09-13,0.4619632010540823,0.4819826176215711,0.4522565238822146,0.4774327576160431,30066000.0
2012-09-14,0.4856223290190476,0.5114045336665478,0.4844084151660058,0.4957830607891083,22680000.0
2012-09-17,0.502607870771133,0.502607870771133,0.47576367334996,0.4821335077285766,13680000.0
2012-09-18,0.4784937663146721,0.4807686962842388,0.4704559841584128,0.475460797548294,8472000.0
2012-09-19,0.4760678405922307,0.4763708717370958,0.4640862049939527,0.4663611352443695,11808000.0
2012-09-20,0.4604462337360347,0.4627211636306736,0.4458866932580677,0.454228401184082,18546000.0
2012-09-21,0.4616591165826941,0.4698488731110701,0.4543793480681916,0.4546832740306854,10662000.0
2012-09-24,0.4428537580937797,0.4452797425439616,0.4292041514099101,0.4342090189456939,20208000.0
2012-09-25,0.4395169036823459,0.4440667636740367,0.4009950160980224,0.4009950160980224,29880000.0
2012-09-26,0.3928052109016963,0.3967481132690327,0.377486737841453,0.3940182030200958,29124000.0
2012-09-27,0.4029659330017181,0.4235922750925156,0.3959900899937273,0.4204073846340179,22788000.0
2012-09-28,0.4154026186611563,0.4185875370105075,0.4075158907323672,0.4088808596134186,18846000.0
2012-10-01,0.4158574819527669,0.4232892271981293,0.4025109365028742,0.4053927958011627,17454000.0
2012-10-02,0.4150996050849769,0.4155545856617288,0.402662990212705,0.4126726984977722,12186000.0
2012-10-03,0.4173744723279182,0.4173744723279182,0.4031179101730766,0.4058478474617004,11076000.0
2012-10-04,0.4096397855902977,0.4163126266035384,0.4006911194770177,0.415250688791275,13104000.0
2012-10-05,0.4214694379135004,0.4334501236984088,0.4103977912761938,0.4135826826095581,21108000.0
2012-10-08,0.4064547828653171,0.4075158255205904,0.3952311889148658,0.3997810482978821,13800000.0
2012-10-09,0.3965962152826325,0.3965962152826325,0.3773357322928747,0.380975604057312,26988000.0
2012-10-10,0.3780936657829498,0.3808236031365561,0.3645960640570285,0.3652020990848541,33456000.0
2012-10-11,0.3782457044834995,0.3791556927906221,0.3670221085727328,0.3674770891666412,24282000.0
2012-10-12,0.3661121461602546,0.3715719950312411,0.360956250490508,0.3612592816352844,20214000.0
2012-10-15,0.366416030011547,0.3791556759088965,0.366416030011547,0.3770317733287811,23754000.0
2012-10-16,0.3799136043902485,0.4026629280268749,0.3799136043902485,0.4012979865074157,25398000.0
2012-10-17,0.3909852339317333,0.4059997799136414,0.3888613588646887,0.3985680341720581,19134000.0
2012-10-18,0.3937151443320215,0.3985680345215178,0.3821885199380569,0.3885583281517029,17580000.0
2012-10-19,0.3856765270839477,0.3859804531208112,0.3545863877864439,0.3551924228668213,56556000.0
2012-10-22,0.3601973287295075,0.3645961619515177,0.3495815838331552,0.3545864522457123,23040000.0
2012-10-23,0.3436667303646279,0.3605012285553384,0.3397229054872861,0.3579223453998565,41184000.0
2012-10-24,0.3694489412552222,0.3694489412552222,0.341087818890609,0.341391772031784,38772000.0
2012-10-25,0.3586812670526355,0.3586812670526355,0.3447277344220322,0.3551924228668213,27804000.0
2012-10-26,0.3548893161181931,0.3674769823334007,0.3518564023131306,0.3601971864700317,28536000.0
2012-10-31,0.3639891095245679,0.3682359379110507,0.3564063087332674,0.3597422540187835,17892000.0
2012-11-01,0.3639891236399583,0.3973550864214169,0.3608042056213478,0.3964451253414154,59682000.0
2012-11-02,0.3978101153333579,0.400540053143916,0.3741508260641255,0.3743018805980682,29826000.0
2012-11-05,0.3738468029477836,0.3961411446431736,0.3708138619196316,0.3929562270641327,21156000.0
2012-11-06,0.3967481426436461,0.4129757101309164,0.3929562945050352,0.4085777997970581,36810000.0
2012-11-07,0.3914402687578325,0.3964451361927398,0.3694489544709692,0.3777906894683838,49578000.0
2012-11-08,0.3837055609793207,0.3849185533158057,0.3639891743659973,0.3639891743659973,29484000.0
2012-11-09,0.362624234151727,0.3802167465584376,0.3620172769072124,0.3665671646595001,39966000.0
2012-11-12,0.3752118117936167,0.3759707183348027,0.3591362219158855,0.3668709993362427,20754000.0
2012-11-13,0.360197283839916,0.3679320622558155,0.3565574120435857,0.3589842915534973,25692000.0
2012-11-14,0.3661120738120797,0.3692969918039371,0.3389648656609994,0.341391772031784,41352000.0
2012-11-15,0.3430598021376532,0.3459416895269123,0.3257703219149701,0.3274382948875427,44232000.0
2012-11-16,0.3335049943846443,0.3335049943846443,0.3104526669210466,0.3278931975364685,43050000.0
2012-11-19,0.3421496942585366,0.3476095410568388,0.3360829175832383,0.3465476036071777,43926000.0
2012-11-20,0.3421497820298902,0.3450316691516064,0.3330500621510083,0.3442727625370025,28992000.0
2012-11-21,0.3457895968364267,0.3494294947515654,0.3415427690360208,0.3459415733814239,13506000.0
2012-11-23,0.3526144398565318,0.3688420064501526,0.3518564553646618,0.3636860847473144,39354000.0
2012-11-26,0.3630791495763116,0.3715719391916224,0.3603492391107217,0.3697519898414612,27870000.0
2012-11-27,0.3715718599026836,0.376728675753528,0.364292064055459,0.3653540015220642,26604000.0
2012-11-28,0.3603492881639552,0.3791557142418197,0.3500365749139492,0.3780937492847442,30288000.0
2012-11-29,0.3835534441667353,0.3881033027760848,0.3739987465109606,0.3812785148620605,28662000.0
2012-11-30,0.3809756727003547,0.3859805413470888,0.3758188545601086,0.3797617852687835,17814000.0
2012-12-03,0.3868904265134347,0.3900753447634374,0.3730888700230149,0.3747568428516388,20892000.0
2012-12-04,0.3764257278548581,0.3844635369724825,0.3689939809402341,0.3811266422271728,11244000.0
2012-12-05,0.3779416479784684,0.3853733928637631,0.3721787974786304,0.3787005543708801,11466000.0
2012-12-06,0.3805206134808564,0.3931082826578526,0.3791556717747872,0.3921982944011688,22764000.0
2012-12-07,0.3964451796871787,0.3982651292159678,0.386890451440862,0.3947762846946716,12366000.0
2012-12-10,0.3931082365548341,0.4055448226288858,0.3931082365548341,0.4020559787750244,10578000.0
2012-12-11,0.4078198386096379,0.4290522490711224,0.4075159125373885,0.4263223111629486,43932000.0
2012-12-12,0.4346640040726576,0.4346640040726576,0.4182844867276993,0.4213174283504486,21654000.0
2012-12-13,0.4187393586859174,0.4313270245348048,0.4044828255286101,0.4094876646995544,27486000.0
2012-12-14,0.4038759811964732,0.4099427866170509,0.3946252066857943,0.4009950160980224,18882000.0
2012-12-17,0.402814920642353,0.4111557330731947,0.3955351237712207,0.4056958854198456,17166000.0
2012-12-18,0.4158574598731422,0.4279901449100587,0.4055447508138634,0.4245022237300873,29934000.0
2012-12-19,0.4263222444553324,0.4393648933900962,0.4263222444553324,0.4278391897678375,24540000.0
2012-12-20,0.4272322502064761,0.4295071801212421,0.4158575735133423,0.4270802736282348,15660000.0
2012-12-21,0.4064548610927769,0.4152506826636274,0.3912883619180896,0.4135826826095581,23190000.0
2012-12-24,0.4204074339583319,0.4290521725133112,0.4049378789700093,0.4099427461624145,9054000.0
2012-12-26,0.4113076691754037,0.4201043839017069,0.3993260637607927,0.4006910324096679,11136000.0
2012-12-27,0.3994780495622441,0.400084979528635,0.3806716275875783,0.3943212330341339,24114000.0
2012-12-28,0.385221570990314,0.3991751054894087,0.383553597991257,0.3874965012073517,12612000.0
2012-12-31,0.3911363065905534,0.4105496581066352,0.3844634941383106,0.4078197479248047,29208000.0
2013-01-02,0.4325401711746681,0.4599913369896168,0.4322371400398487,0.4596883058547973,59640000.0
2013-01-03,0.4580192545411605,0.462114160244494,0.4461896263911828,0.451498419046402,23976000.0
2013-01-04,0.4527115106630253,0.4546834095809362,0.4419437905431478,0.4499816000461578,14664000.0
2013-01-07,0.447099649432455,0.451346477781993,0.4361799813943796,0.445431649684906,14658000.0
2013-01-08,0.4419437449527973,0.4478585732785983,0.4292041272292115,0.4307201504707336,20568000.0
2013-01-09,0.4334500131320853,0.4439146999054292,0.4334500131320853,0.4434597194194793,15072000.0
2013-01-10,0.4580193601741503,0.4639341891729256,0.4505885348806692,0.4613562822341919,31482000.0
2013-01-11,0.4561994602623046,0.4701529944728573,0.4561994602623046,0.4693940877914428,11706000.0
2013-01-14,0.4557442711765634,0.4695458232997127,0.4536213184466562,0.4654509723186493,11772000.0
2013-01-15,0.4598392470663384,0.4601431459440812,0.4519534156040245,0.4584742784500122,11472000.0
2013-01-16,0.4605981818405001,0.4777356822512048,0.4569582833863613,0.4733377993106842,16008000.0
2013-01-17,0.4844086579473152,0.504276968036912,0.4810726576405536,0.503367006778717,35070000.0
2013-01-18,0.4921433267605182,0.5003330851763177,0.4868354824721076,0.4953282177448272,25674000.0
2013-01-22,0.4951772676013734,0.4951772676013734,0.4818307166035114,0.490930438041687,14790000.0
2013-01-23,0.4966931901646876,0.5082198162252847,0.4925983380460482,0.507006824016571,19140000.0
2013-01-24,0.4862283354376961,0.5065516430341336,0.4822854070064878,0.4935081303119659,15810000.0
2013-01-25,0.4985130505994056,0.519291367987863,0.4985130505994056,0.5118595957756042,17778000.0
2013-01-28,0.517167456682693,0.5205043232557576,0.5103426148230541,0.5153474807739258,9876000.0
2013-01-29,0.5103427155282804,0.5112527307815314,0.4997269737585791,0.5057928562164307,12882000.0
2013-01-30,0.5035182528262659,0.5164098546615127,0.5035182528262659,0.5083720684051514,14028000.0
2013-01-31,0.5074618679750025,0.5158026815679735,0.4997270623822543,0.5038219690322876,17040000.0
2013-02-01,0.5162576313674867,0.5327891259608054,0.5127697090374631,0.530666172504425,23550000.0
2013-02-04,0.5186843805738043,0.5350638936090247,0.5063997729166859,0.5076127648353577,17340000.0
2013-02-05,0.5171674371398375,0.5353668701082416,0.5141344695047131,0.5315759181976318,13062000.0
2013-02-06,0.523386278661956,0.5368838798583765,0.5212624035387947,0.5344570279121399,8304000.0
2013-02-07,0.5393107946449736,0.5393107946449736,0.5126176465932538,0.5274811387062073,14106000.0
2013-02-08,0.5308173236539265,0.5491687439266774,0.5308173236539265,0.5479557514190674,20130000.0
2013-02-11,0.5488653992288056,0.5540213195430249,0.5408266978847026,0.5503814220428467,7806000.0
2013-02-12,0.5503816546311692,0.5567514372693747,0.5444668254736283,0.5538704991340637,12744000.0
2013-02-13,0.5600881111998101,0.5656999615249773,0.5479554801979672,0.5582681894302368,9024000.0
2013-02-14,0.5499265783042043,0.5749508607316097,0.5490166172177873,0.5741928219795227,8382000.0
2013-02-15,0.5770747316596271,0.5795007159931546,0.5570553167177421,0.5631211996078491,15144000.0
2013-02-19,0.5652450964930701,0.5846575279453485,0.5637281511248264,0.5834445357322693,14514000.0
2013-02-20,0.5838993259423246,0.5869322392543084,0.5443155169487,0.5443155169487,25884000.0
2013-02-21,0.5293011848128114,0.537035935836986,0.5039730020644283,0.5145896673202515,27420000.0
2013-02-22,0.5291491564629113,0.5488655396391026,0.5250543046267878,0.5467416644096375,29910000.0
2013-02-25,0.5596333380589112,0.5631212604203789,0.5154996514320374,0.5154996514320374,27048000.0
2013-02-26,0.5179264361410544,0.5321820754068972,0.5139825849435699,0.5283911228179932,17646000.0
2013-02-27,0.5309691721156339,0.5603912843446197,0.5280872579525299,0.5520504713058472,12156000.0
2013-02-28,0.5478036019404668,0.5664580474990684,0.5478036019404668,0.5661550164222717,18894000.0
2013-03-01,0.5393108151357239,0.5535664557834437,0.524296267947161,0.5461356043815613,21294000.0
2013-03-04,0.5488655410401035,0.5508365176517929,0.5309691341531996,0.543860673904419,10890000.0
2013-03-05,0.5584203183322948,0.5787427113192896,0.5582683417515681,0.5747998356819153,24552000.0
2013-03-06,0.5869322876458188,0.5872353186567836,0.5720697203133345,0.5773776173591614,22008000.0
2013-03-07,0.5834445728248311,0.5937572853131419,0.5793497204311234,0.5848095417022705,15654000.0
2013-03-08,0.5990652221439269,0.5990652221439269,0.5710080209506917,0.5861745476722717,29580000.0
2013-03-11,0.5831404889711463,0.590875237839081,0.5725247487310529,0.5889042615890503,9966000.0
2013-03-12,0.5807145377959031,0.5983070435481375,0.5807145377959031,0.5977000594139099,10350000.0
2013-03-13,0.5960322776590226,0.6064969678283304,0.58617457184575,0.603009045124054,12882000.0
2013-03-14,0.6095297798163849,0.6199944672867777,0.6067998424802468,0.6113497018814087,10014000.0
2013-03-15,0.6113499590464389,0.6113499590464389,0.5760130065690606,0.5816248059272766,22080000.0
2013-03-18,0.5575101897964121,0.5737377256926861,0.5502303944405619,0.5581161975860596,22266000.0
2013-03-19,0.5670649492092158,0.569187956514897,0.5373388875118347,0.5515954494476318,18228000.0
2013-03-20,0.5641830015747564,0.5763156864933834,0.562363025614863,0.5732827186584473,21108000.0
2013-03-21,0.5716148392614622,0.5716148392614622,0.5443156822781128,0.5461356043815613,20580000.0
2013-03-22,0.5550834917753373,0.5725249481304433,0.5534154917277936,0.5632732510566711,14652000.0
2013-03-25,0.5751028176805248,0.583747529064415,0.5514435048093658,0.5603912472724915,13764000.0
2013-03-26,0.5649411030509365,0.5767707594082648,0.5649411030509365,0.5758607983589172,9618000.0
2013-03-27,0.5664580639953634,0.5801076428293227,0.5553864460526854,0.5782877206802368,9366000.0
2013-03-28,0.5875395157982296,0.5914823918485719,0.5710080201364108,0.5887525081634521,11640000.0
2013-04-01,0.5801076302141694,0.585415528452258,0.550230512304684,0.5555383563041687,14892000.0
2013-04-02,0.5714628503689257,0.5714628503689257,0.5335469793049344,0.5396137833595276,23736000.0
2013-04-03,0.5611501040597262,0.5611501040597262,0.5015469279970077,0.5071578025817871,25308000.0
2013-04-04,0.5077647881711748,0.5277841466248813,0.4969970702831828,0.5265711545944214,17364000.0
2013-04-05,0.5012430506677175,0.5215664194847925,0.4906273077593757,0.5189875364303589,27174000.0
2013-04-08,0.5133764598801976,0.5380967259407043,0.5068546495949138,0.5380967259407043,14004000.0
2013-04-09,0.5330921955536488,0.5641832338197125,0.5285423351388621,0.5528085827827454,19890000.0
2013-04-10,0.5581162971330432,0.5904203202083887,0.557813266064874,0.5882973670959473,29310000.0
2013-04-11,0.5820796630782008,0.5933023921172774,0.5713110739728366,0.582534670829773,13578000.0
2013-04-12,0.5685810257150675,0.5791976903982101,0.5543253844971268,0.5738897919654846,11412000.0
2013-04-15,0.5587233098109695,0.5691879976955598,0.5299072070314408,0.5329410433769226,22998000.0
2013-04-16,0.5461354927175532,0.5664579339713585,0.5408267277649264,0.5649409890174866,15036000.0
2013-04-17,0.5429506860014411,0.5429506860014411,0.502456905989904,0.5092816948890686,26514000.0
2013-04-18,0.5226275409540482,0.5352161072697464,0.4929023374758027,0.4954802989959717,19272000.0
2013-04-19,0.5007882719673327,0.5107979561719231,0.4847126482991147,0.5073100328445435,22866000.0
2013-04-22,0.5111016663929174,0.5285421967931213,0.4910822532647612,0.5227793455123901,22254000.0
2013-04-23,0.5308171871789683,0.5590263067488941,0.5308171871789683,0.5564484000205994,29820000.0
2013-04-24,0.546438656901231,0.5817756508853524,0.546438656901231,0.576467752456665,17994000.0
2013-04-25,0.5825345897247537,0.604221951644345,0.5808657219742569,0.593302309513092,18084000.0
2013-04-26,0.5769227895781927,0.5834445483349245,0.5705529531637173,0.5770747661590576,9282000.0
2013-04-29,0.5763157685531833,0.6013399940964544,0.5763157685531833,0.5967901349067688,10020000.0
2013-04-30,0.6027049609167366,0.6145346164703369,0.588449321274805,0.6145346164703369,9654000.0
2013-05-01,0.6175685923683871,0.6175685923683871,0.5952742448141463,0.5972452759742737,9882000.0
2013-05-02,0.6111987606707865,0.6246964190509842,0.5992171799859853,0.6219664812088013,12612000.0
2013-05-03,0.6438056342681872,0.6521473677257742,0.6377388845108349,0.6400138139724731,21360000.0
2013-05-06,0.6524505107451104,0.6606402690603288,0.6444127290039456,0.6529054641723633,17496000.0
2013-05-07,0.6624601678584231,0.6624601678584231,0.6413788156940435,0.6519954800605774,10182000.0
2013-05-08,0.652147549835416,0.6786878043412269,0.6515406197687934,0.6776267886161804,10608000.0
2013-05-09,0.6777778213615524,0.6974942069992283,0.6751998602231065,0.6883944869041443,15090000.0
2013-05-10,0.6949161611919031,0.7073518797251329,0.6932472936008175,0.707200825214386,12012000.0
2013-05-13,0.7090208174635486,0.7090208174635486,0.6829346500522594,0.6859675645828247,14652000.0
2013-05-14,0.6915794011374498,0.7006791215357933,0.6838446496465802,0.6964322924613953,11418000.0
2013-05-15,0.6964322089972798,0.7238833434930094,0.6900624271772724,0.7149356007575989,8250000.0
2013-05-16,0.72085036387788,0.7264612386228128,0.6987070755519388,0.7012859582901001,8520000.0
2013-05-17,0.7173616837638663,0.7287363344630245,0.7076559009442703,0.7276753187179565,9216000.0
2013-05-20,0.7317700040489321,0.7363199175274546,0.719333418390316,0.7235803008079529,16860000.0
2013-05-21,0.7313151784628004,0.7313151784628004,0.7152386917552181,0.7220634818077087,9300000.0
2013-05-22,0.7282811802369787,0.7451156477838079,0.6783846532686761,0.6890012621879578,25668000.0
2013-05-23,0.6683748237974404,0.6918821541855241,0.6498723593123678,0.6882422566413879,18678000.0
2013-05-24,0.674896830187963,0.6880914568901062,0.6673131334718846,0.6880914568901062,6270000.0
2013-05-28,0.7244904396070079,0.7244904396070079,0.7014371846327542,0.7064419984817505,11004000.0
2013-05-29,0.6868775235806018,0.7217604339005815,0.6868775235806018,0.7150866985321045,5958000.0
2013-05-30,0.7196364352803074,0.7561872850384805,0.7196364352803074,0.7479975819587708,11388000.0
2013-05-31,0.7304051440328715,0.7523955353713302,0.7206984406525652,0.7261582612991333,9222000.0
2013-06-03,0.7232765118662632,0.7448128208932165,0.7018921251937409,0.7279783487319946,14388000.0
2013-06-04,0.7340450662366474,0.7605853742100056,0.7270683537968312,0.737684965133667,24846000.0
2013-06-05,0.7331348336970016,0.7331348336970016,0.7008308175216023,0.7034087777137756,13428000.0
2013-06-06,0.7023470542533637,0.7176655554713662,0.6792947243421235,0.6979491710662842,11610000.0
2013-06-07,0.7111435699641856,0.7325279490478993,0.6965840331061416,0.7313149571418762,11730000.0
2013-06-10,0.7429926242343966,0.7470874752729244,0.7255511741952115,0.7428406476974487,10980000.0
2013-06-11,0.7272202289390816,0.727523260035024,0.6927923275397053,0.6953712105751038,16632000.0
2013-06-12,0.7125086899202532,0.716906572974378,0.6674650470841186,0.6698919534683228,17346000.0
2013-06-13,0.6661000253894912,0.7132666719555273,0.6629151347525446,0.7103856801986694,14190000.0
2013-06-14,0.7255511930946723,0.7278261224505778,0.6985559396670253,0.7026508450508118,8658000.0
2013-06-17,0.7214565347867223,0.7463297659737593,0.7214565347867223,0.7328312397003174,12372000.0
2013-06-18,0.748755341993527,0.7713535764734089,0.7357126983786794,0.7684717178344727,15378000.0
2013-06-19,0.7696849327494661,0.7789366275164492,0.7411727318466177,0.7434476613998413,16416000.0
2013-06-20,0.7156936763503297,0.7156936763503297,0.6670101284671316,0.6741379499435425,19248000.0
2013-06-21,0.6758068427046543,0.6946123450739676,0.6545735116761562,0.679294764995575,19020000.0
2013-06-24,0.6529054753367721,0.6653421167156178,0.6218144413950306,0.6371329426765442,22710000.0
2013-06-25,0.6542703758701495,0.6877874449655478,0.6526024304034468,0.6842994689941406,13842000.0
2013-06-26,0.7041668552385256,0.7062907302347364,0.6809625527459598,0.6930961608886719,11466000.0
2013-06-27,0.7128117448634559,0.720091542203425,0.7008310332254607,0.7021960020065308,11340000.0
2013-06-28,0.7040159254789219,0.7210015045982918,0.6847545486488648,0.7115987539291382,11352000.0
2013-07-01,0.7169066442645222,0.7291913098660019,0.7041670251984091,0.7062909007072449,8286000.0
2013-07-02,0.7062908923779148,0.7294952001974927,0.6940062811599187,0.7081108689308167,12954000.0
2013-07-03,0.687029388329156,0.7279781752644023,0.687029388329156,0.7193334102630615,6444000.0
2013-07-05,0.7325280577748408,0.7504244640412223,0.7226703004122077,0.747390627861023,11562000.0
2013-07-08,0.7660450911313116,0.7660450911313116,0.6956741921052776,0.7029539346694946,29700000.0
2013-07-09,0.7219115639649571,0.7308602302343677,0.7167556412827448,0.7246415019035339,10788000.0
2013-07-10,0.7228214864168274,0.7533055928871224,0.7223665329438838,0.749514639377594,14016000.0
2013-07-11,0.7812117515729088,0.7980462236104292,0.772566984575157,0.7972882390022278,13638000.0
2013-07-12,0.803809132542101,0.8142738219677907,0.7972882411112113,0.8109378218650818,8298000.0
2013-07-15,0.817458457537805,0.817458457537805,0.8050227408232775,0.8107855916023254,8160000.0
2013-07-16,0.8059329256239639,0.8292882867458854,0.8047190113610455,0.8174586296081543,11532000.0
2013-07-17,0.8289853330664029,0.8292883641919244,0.8129088457390384,0.8195825815200806,13026000.0
2013-07-18,0.8259523382034404,0.8259523382034404,0.7906144733579433,0.7992591857910156,14046000.0
2013-07-19,0.7862165364101596,0.7944062948226929,0.771353910697536,0.7944062948226929,12150000.0
2013-07-22,0.8000180633612237,0.8000180633612237,0.7784817033087726,0.7886433601379395,6804000.0
2013-07-23,0.7889464028366815,0.8130606698869155,0.7763587615111832,0.7799986600875854,13200000.0
2013-07-24,0.7886432405269252,0.7886432405269252,0.7343479104811181,0.7372298240661621,20934000.0
2013-07-25,0.727826145287489,0.7508793926516962,0.7229732553976974,0.7504243850708008,9228000.0
2013-07-26,0.7489075901074378,0.7489075901074378,0.718120457415468,0.7301011681556702,10296000.0
2013-07-29,0.729191205416629,0.7344999713719126,0.7120537053138358,0.7181204557418823,7278000.0
2013-07-30,0.7254003450178386,0.7469357849668011,0.7249453373217503,0.7420828938484192,7872000.0
2013-07-31,0.7492108229817169,0.7669552578695725,0.7440549000080818,0.752699613571167,7854000.0
2013-08-01,0.7777237775121839,0.7950132561216611,0.7724150109606324,0.793496310710907,11010000.0
2013-08-02,0.7859134956713298,0.7859134956713298,0.7636191505864036,0.7784817218780518,5070000.0
2013-08-05,0.7695340598616177,0.7783298270421367,0.7675621608950216,0.7748419046401978,3534000.0
2013-08-06,0.7759036724620396,0.7759036724620396,0.7502725170203812,0.7590692043304443,4620000.0
2013-08-07,0.7467847390422861,0.749817653649865,0.7266133456542324,0.7354100346565247,6234000.0
2013-08-08,0.7472396929585171,0.747997731775736,0.7244903926504077,0.737684965133667,4242000.0
2013-08-09,0.7355609207236983,0.7392008187848785,0.721305281581167,0.7267651557922363,4308000.0
2013-08-12,0.715996540493345,0.7411727424945848,0.7158454859932676,0.7348029613494873,3732000.0
2013-08-13,0.7416278092215068,0.7624052082071542,0.7266132619100139,0.7593722939491272,8910000.0
2013-08-14,0.7429929435503164,0.744660943710698,0.7214565789783318,0.7255514860153198,12360000.0
2013-08-15,0.7021958947101479,0.7021958947101479,0.6748966859759192,0.6758067011833191,10518000.0
2013-08-16,0.6756548302886927,0.7020440279422548,0.6717119005078871,0.6824796199798584,7278000.0
2013-08-19,0.6732277849189532,0.6906692359629549,0.6680718639929846,0.6686779260635376,6270000.0
2013-08-20,0.670194936875316,0.6888493817083936,0.6697399292496892,0.6820245385169983,6636000.0
2013-08-21,0.6755027981653458,0.6842994859324233,0.6597302667599853,0.6670100092887878,8808000.0
2013-08-22,0.6742899204253642,0.6938543300973908,0.6742899204253642,0.6896075010299683,8454000.0
2013-08-23,0.6970390550486638,0.6993139846016443,0.6783846652573838,0.6900623440742493,9096000.0
2013-08-26,0.6871814213181288,0.6990110778751764,0.6820245775350051,0.6853614449501038,4092000.0
2013-08-27,0.6597304175831532,0.662308324716761,0.6313692627401107,0.6342511773109436,16050000.0
2013-08-28,0.6394079256505357,0.6651901953623923,0.6394079256505357,0.6551805138587952,6834000.0
2013-08-29,0.6592751972309027,0.6847544292862711,0.655332268144478,0.6802045702934265,5964000.0
2013-08-30,0.67883970138558,0.6815696388774165,0.6547254343363764,0.6615502238273621,7362000.0
2013-09-03,0.6920342696117185,0.7037119488848086,0.668071926881717,0.6777777075767517,7626000.0
2013-09-04,0.6906694380499785,0.7343481175376075,0.6847546089595645,0.7297982573509216,17016000.0
2013-09-05,0.7357129984393435,0.7510305771948659,0.7337410997058106,0.7469357252120972,5136000.0
2013-09-06,0.7543674365001484,0.7557324052258257,0.7188785208255613,0.7378359436988831,10566000.0
2013-09-09,0.7408697904692823,0.7705949305808611,0.7392008687016263,0.7674100399017334,5964000.0
2013-09-10,0.7846994806801465,0.8113926275225496,0.7843964496273661,0.8100276589393616,10008000.0
2013-09-11,0.7998661633050397,0.8091178599481585,0.7818186455349145,0.8030510544776917,4254000.0
2013-09-12,0.8074486922437771,0.8089656372235856,0.7856093599012852,0.7890982031822205,3576000.0
2013-09-13,0.786823373991186,0.7998660217252449,0.7768136945466326,0.7995629906654358,2934000.0
2013-09-16,0.8282271327423604,0.8294401248257388,0.8065388516479067,0.8091177344322205,6642000.0
2013-09-17,0.8136676721591704,0.8295921813251794,0.8136676721591704,0.8254973292350769,5118000.0
2013-09-18,0.8242834857611648,0.8488527631274068,0.8139707731519001,0.8467297554016113,6474000.0
2013-09-19,0.8508244777639088,0.8606822347655666,0.8303501115134696,0.8379328846931458,5850000.0
2013-09-20,0.8364169926070145,0.8523415564236207,0.8207955141324945,0.8244354128837585,4320000.0
2013-09-23,0.827317217370551,0.8389948973895262,0.8036579584317713,0.8138186931610107,12870000.0
2013-09-24,0.8235253020502836,0.8399048174128818,0.8136675988859202,0.8301981687545776,5820000.0
2013-09-25,0.8350519441860987,0.8455166317588577,0.8162455764365988,0.8323220610618591,4452000.0
2013-09-26,0.8433927021246302,0.8464265924225473,0.8210984139748501,0.8311080932617188,6276000.0
2013-09-27,0.8188236287116503,0.8229184809747813,0.805325971193524,0.8119987845420837,3846000.0
2013-09-30,0.7895534309425205,0.8197335825928626,0.7766618357554841,0.8135157227516174,8412000.0
2013-10-01,0.8188235379740738,0.8409667730732537,0.8130606321685916,0.8345969915390015,5850000.0
2013-10-02,0.814880615376577,0.8330800533294678,0.814880615376577,0.8330800533294678,2394000.0
2013-10-03,0.8277723418641931,0.8459717827303677,0.8004731263263192,0.8264073729515076,4836000.0
2013-10-04,0.8264071998521735,0.8515824803047092,0.8264071998521735,0.84490966796875,4698000.0
2013-10-07,0.8251933187625172,0.8493075846722828,0.81594254536201,0.8323220610618591,3126000.0
2013-10-08,0.8339902767040624,0.8391471220254321,0.7831837676311633,0.7927384972572327,6852000.0
2013-10-09,0.7931933456265026,0.7998661590497542,0.7569454658764253,0.7825766801834106,7686000.0
2013-10-10,0.8059330023276536,0.8396020004878902,0.8035060956271576,0.835810124874115,10824000.0
2013-10-11,0.8265583929772148,0.8493076931101431,0.818217579553183,0.8435448408126831,6798000.0
2013-10-14,0.8203403935861936,0.8631091031118376,0.8189754249624368,0.8600761890411377,5442000.0
2013-10-15,0.8611375100683085,0.8653843397667023,0.83414224384937,0.8380851745605469,6456000.0
2013-10-16,0.8435448593789223,0.8640192841878053,0.8394500069603124,0.861896276473999,4344000.0
2013-10-17,0.8485496206426733,0.8819155828131716,0.8355069719582194,0.8800956606864929,5004000.0
2013-10-18,0.8898013666826636,0.8898013666826636,0.8652321473604269,0.886010468006134,6288000.0
2013-10-21,0.8932903695230098,0.8978402297802872,0.8841906490084548,0.8964753150939941,4620000.0
2013-10-22,0.9019350379648994,0.9019350379648994,0.8752418873577255,0.8905603885650635,6168000.0
2013-10-23,0.8508245033270027,0.8508245033270027,0.790463286065264,0.8025959730148315,13896000.0
2013-10-24,0.8165487440205876,0.8308052547078009,0.8165487440205876,0.822160542011261,5088000.0
2013-10-25,0.8297431994249116,0.8341420044738895,0.8221604255865211,0.8312601447105408,7236000.0
2013-10-28,0.8311081360558282,0.8515825032944478,0.8256483156399168,0.8483976125717163,3276000.0
2013-10-29,0.8568913054343373,0.8869203984486973,0.8568913054343373,0.8857064843177795,6594000.0
2013-10-30,0.8904083397193544,0.8961711912113334,0.8620471915428856,0.8726638555526733,4176000.0
2013-10-31,0.874938811584503,0.90329996061467,0.873725819446658,0.8875264525413513,6642000.0
2013-11-01,0.8946551389551113,0.8985980682580936,0.869023928941705,0.8778206706047058,4572000.0
2013-11-04,0.888891478100104,0.888891478100104,0.8709959919814309,0.8761518597602844,2082000.0
2013-11-05,0.8565873846542881,0.8787306740540946,0.8467296270118324,0.8682659864425659,3276000.0
2013-11-06,0.8810057242697196,0.882825646608177,0.8625023307571714,0.877971887588501,2826000.0
2013-11-07,0.8753936434318604,0.8753936434318604,0.8236771449895567,0.8274680972099304,7236000.0
2013-11-08,0.823828342626742,0.8558293892608871,0.8189754521503955,0.8549193739891052,5514000.0
2013-11-11,0.846729828593493,0.8568915417871208,0.838995076513502,0.8543126583099365,2082000.0
2013-11-12,0.8462748467984752,0.8709961020644486,0.8462748467984752,0.8685691952705383,4428000.0
2013-11-13,0.8584074166282162,0.8938963335841819,0.8526445104330149,0.8931383490562439,2928000.0
2013-11-14,0.8925313175483842,0.8925313175483842,0.8750907860262679,0.8807016611099243,2946000.0
2013-11-15,0.8851004564405645,0.9008730422468922,0.8697820104587084,0.8973851203918457,3630000.0
2013-11-18,0.9008731033407256,0.9014800333515304,0.8678110384706376,0.8731189370155334,7848000.0
2013-11-19,0.8779718524471597,0.8791857125027249,0.8403599267495756,0.8426348567008972,6336000.0
2013-11-20,0.8458196620648052,0.8521894978261149,0.8236772948234072,0.8300471305847168,5040000.0
2013-11-21,0.8388429789173459,0.8760008188777899,0.8383880254715662,0.8743319511413574,4164000.0
2013-11-22,0.8711469290132009,0.8791855776900999,0.8628061170953449,0.8758487105369568,2322000.0
2013-11-25,0.8805508381800479,0.8805508381800479,0.8565876201039199,0.8728160858154297,3900000.0
2013-11-26,0.8866163446612297,0.9008729050995266,0.8752416977258509,0.8952611088752747,5604000.0
2013-11-27,0.886161484792781,0.9072427813772106,0.8799436258529867,0.9069398045539856,4746000.0
2013-11-29,0.9099728229142144,0.9184656124543592,0.9042099709348016,0.906787931919098,2976000.0
2013-12-02,0.9148254780804084,0.9163424231363052,0.8982949641907534,0.9019348621368408,5214000.0
2013-12-03,0.8958683978706451,0.9199827241264396,0.8940484753268876,0.9111859798431396,5022000.0
2013-12-04,0.9073949814725178,0.9175557179895794,0.8811568349904346,0.8996602296829224,2712000.0
2013-12-05,0.9008730815551762,0.9163425827218928,0.8990531051458766,0.905574917793274,3810000.0
2013-12-06,0.9465238202127704,0.9465238202127704,0.9266554561860192,0.9368171691894532,4728000.0
2013-12-09,0.9521344108838802,0.9545613712241664,0.9392437400700772,0.9440966844558716,3150000.0
2013-12-10,0.9409115837819212,0.9483432464474656,0.9262000180162776,0.9360586404800416,1938000.0
2013-12-11,0.9395469358420632,0.942731826735989,0.9046648956260676,0.9084558486938475,3504000.0
2013-12-12,0.9057260363709742,0.9114898106748428,0.88221869763042,0.8855555653572083,4140000.0
2013-12-13,0.894806141727474,0.8999629848504406,0.8750906827733341,0.880853533744812,4620000.0
2013-12-16,0.8999630946936594,0.9324190956561944,0.8999630946936594,0.916342556476593,3594000.0
2013-12-17,0.9163424230479572,0.9513764339958468,0.9163424230479572,0.9448546767234802,5094000.0
2013-12-18,0.9468267242161914,0.9662391547262736,0.9029960196578356,0.9636611938476562,6684000.0
2013-12-19,0.9621442609710192,0.9621442609710192,0.9337840874871722,0.9463716745376588,3366000.0
2013-12-20,0.9463717172112384,0.9783727127602329,0.9463717172112384,0.9704859852790833,7314000.0
2013-12-23,0.988230405866178,0.9983921168400544,0.9803436789068214,0.9946002960205078,4920000.0
2013-12-24,1.0021832548535217,1.0127999211993457,0.9964204020935143,1.0064300298690796,2052000.0
2013-12-26,1.0115871825946603,1.0200799754156529,1.0058233520937012,1.0156819820404053,4362000.0
2013-12-27,1.0187145834967777,1.0250843653052308,1.0108278563748123,1.0129517316818235,2088000.0
2013-12-30,1.0080980613161097,1.0270564091427026,1.0080980613161097,1.0206866264343262,2718000.0
2013-12-31,1.027511319396791,1.0476817908976082,1.027511319396791,1.0467718839645386,4722000.0
2014-01-02,1.0270557179905764,1.0270557179905764,0.989442892358672,0.9997565746307372,7344000.0
2014-01-03,1.0041549505877372,1.0041549505877372,0.9814056532352088,0.996117115020752,4176000.0
2014-01-06,1.0014249824054953,1.0014249824054953,0.9729128343368904,0.9773107171058656,3546000.0
2014-01-07,0.9861071730787644,1.0035476988321326,0.9826183302833232,1.000059723854065,2796000.0
2014-01-08,1.0228091914541744,1.0464685006122292,1.0161364340345975,1.0441936254501345,4404000.0
2014-01-09,1.0546588789787474,1.0546588789787474,1.0102221502745263,1.0220518112182615,2556000.0
2014-01-10,1.022202635062519,1.0388861076264797,1.0202316037908614,1.034487247467041,2616000.0
2014-01-13,1.0291791360742182,1.039188760890884,0.9895952647374888,0.9976330995559692,5268000.0
2014-01-14,1.0021830142455606,1.068459981446908,0.9983920614539852,1.0661849975585938,8208000.0
2014-01-15,1.0781657524054675,1.1022800173216305,1.075284706413563,1.0931802988052368,5568000.0
2014-01-16,1.0904503437863664,1.0934841256284034,1.0692178845484936,1.0749807357788086,6768000.0
2014-01-17,1.0619383756985987,1.0786208700881967,1.049653656200726,1.056478500366211,4092000.0
2014-01-21,1.0701277875654578,1.077559559732796,1.050411407737013,1.0772556066513062,5472000.0
2014-01-22,1.0772558159418435,1.1147166845485788,1.069673042055264,1.114109754562378,3648000.0
2014-01-23,1.0825643048656908,1.0936350521060625,1.0573880527538764,1.0761945247650146,6252000.0
2014-01-24,1.0567811153534048,1.061786035519956,0.9991499011376944,1.0006667375564575,8844000.0
2014-01-27,1.0131027931403338,1.0135577465892092,0.9632063105971465,0.9815577268600464,8034000.0
2014-01-28,0.9742779244225394,0.9985431930134568,0.9621443138321308,0.9935383796691896,4476000.0
2014-01-29,0.9745809045586652,1.0076429161897635,0.9745809045586652,0.979585826396942,6654000.0
2014-01-30,1.003092800980668,1.0262971565649557,0.9971779737515116,1.01765239238739,5076000.0
2014-01-31,0.9871681168645068,1.01643916084283,0.9754904417014062,1.0018795728683472,3480000.0
2014-02-03,0.9996049764796912,0.9996049764796912,0.9301439917882596,0.9386367797851562,7428000.0
2014-02-04,0.9393949902204768,0.9466747875652428,0.9246843952492552,0.9401538968086244,6804000.0
2014-02-05,0.934997128237506,0.9565334354250864,0.9120958522369758,0.9439448714256288,4200000.0
2014-02-06,0.9595660153747207,0.9949029986570892,0.9588079768513608,0.9888370633125304,7758000.0
2014-02-07,1.0023346294137805,1.039491529102479,0.99126301622194,1.03661048412323,7098000.0
2014-02-10,1.0303927639395776,1.056933895950838,1.02993770182004,1.0525360107421875,4908000.0
2014-02-11,1.057691254836817,1.1007638601645646,1.0546583409828014,1.092725157737732,6120000.0
2014-02-12,1.1101666116459736,1.1286690233002052,1.1044037610076185,1.123513102531433,8586000.0
2014-02-13,1.1037968939663807,1.1638550758361816,1.100459918504212,1.1638550758361816,5844000.0
2014-02-14,1.1637031396208042,1.1875143185830264,1.1488405701879327,1.183116436004639,7818000.0
2014-02-18,1.1990412003605044,1.1990412003605044,1.167798134763823,1.1926714181900024,5424000.0
2014-02-19,1.1876663032199424,1.207078840395488,1.1800826622267184,1.1899412870407104,4584000.0
2014-02-20,1.1923674112637317,1.220880537936742,1.1861496059543326,1.2179986238479614,5178000.0
2014-02-21,1.2228513901440552,1.229980186669497,1.1885763898524824,1.1994960308074951,5064000.0
2014-02-24,1.21708871152197,1.236046190679558,1.2088990067613816,1.213296890258789,4512000.0
2014-02-25,1.2085957460065635,1.218150526730691,1.1755328701117906,1.1955522298812866,6354000.0
2014-02-26,1.2035910189461057,1.244690865436392,1.2035910189461057,1.2187566757202148,5082000.0
2014-02-27,1.2132967592776949,1.2252783924852115,1.1923673834545676,1.2170885801315308,3162000.0
2014-02-28,1.2267953617422729,1.229221454791938,1.189334597551798,1.213296890258789,4836000.0
2014-03-03,1.1770497158968212,1.201164090352997,1.1579403712564946,1.1934292316436768,8346000.0
2014-03-04,1.2301310616336014,1.260160152558904,1.2296761082793377,1.2553073167800903,7014000.0
2014-03-05,1.255307594880706,1.273961988264548,1.2483307740854606,1.2631943225860596,3366000.0
2014-03-06,1.2739620092048884,1.293374441711802,1.2604644056197758,1.2920094728469849,3126000.0
2014-03-07,1.304143188251469,1.3074791884787385,1.2736591342773251,1.2859437465667725,3978000.0
2014-03-10,1.275479083877048,1.2942845882408165,1.2603125567188875,1.2777540683746338,1980000.0
2014-03-11,1.2904931763958103,1.2989859643074622,1.246814509231127,1.2574301958084106,2088000.0
2014-03-12,1.2377149977158663,1.2891284227371216,1.2316481927357337,1.2891284227371216,2508000.0
2014-03-13,1.302778119382938,1.30869294832465,1.203894081598183,1.224671483039856,5796000.0
2014-03-14,1.2132965615470868,1.236045855804516,1.2028318753409504,1.2052587270736694,3678000.0
2014-03-17,1.2305863592726454,1.260464458302112,1.2278565299061357,1.2484828233718872,4002000.0
2014-03-18,1.2628902521823264,1.303687987946377,1.24787570478719,1.3017160892486572,8142000.0
2014-03-19,1.3038390177597958,1.3258303858007274,1.2742649841895386,1.298834204673767,6624000.0
2014-03-20,1.2782089404464685,1.372694121684915,1.2782089404464685,1.3719360828399658,6588000.0
2014-03-21,1.3881634219282422,1.389680258618541,1.3249202379209188,1.3358399868011477,7470000.0
2014-03-24,1.3555563934206736,1.3555563934206736,1.2863983803394956,1.319308519363403,9888000.0
2014-03-25,1.3294702488248666,1.3696610560822575,1.3256784278594629,1.3466078042984009,6858000.0
2014-03-26,1.3740589323844157,1.3952912855722168,1.3036880293053037,1.3058109283447266,8124000.0
2014-03-27,1.2947392317075177,1.317488528849606,1.2642551843848402,1.2735068798065186,5778000.0
2014-03-28,1.2876111997026831,1.3300768728146952,1.2815443960310562,1.3009577989578247,4116000.0
2014-03-31,1.331442072772069,1.373603908612503,1.3240104078337094,1.3635941743850708,9546000.0
2014-04-01,1.3930163693594173,1.4272923469543457,1.378456775339542,1.4272923469543457,8106000.0
2014-04-02,1.4407903141919132,1.4407903141919132,1.3978705362869783,1.4183448553085327,7266000.0
2014-04-03,1.425624571128426,1.4667244240451764,1.405605206802166,1.4268375635147097,6804000.0
2014-04-04,1.465814188959239,1.465814188959239,1.301564078723436,1.306872844696045,15960000.0
2014-04-07,1.284578421906538,1.327802138178117,1.2469655802806088,1.270776867866516,9858000.0
2014-04-08,1.281544772010914,1.3229485740804388,1.274568927460516,1.3183987140655518,5208000.0
2014-04-09,1.3455467572115904,1.3651111644271658,1.3194605916515962,1.360864281654358,7512000.0
2014-04-10,1.3655658689762071,1.3667788609177371,1.2314959806450367,1.2354397773742676,11070000.0
2014-04-11,1.1981311446912626,1.2454497728857037,1.1668881886226123,1.1764428615570068,9384000.0
2014-04-14,1.2037421769894834,1.2243685793731471,1.1725000846656808,1.2040461301803589,5760000.0
2014-04-15,1.2170887746614552,1.2393831227735497,1.1647653267406677,1.228918433189392,6870000.0
2014-04-16,1.2536398174647867,1.2536398174647867,1.170832304115884,1.221790790557861,5334000.0
2014-04-17,1.2190604070498705,1.3082377799929374,1.2190604070498705,1.2923132181167605,10782000.0
2014-04-21,1.29731815650779,1.3273472501464902,1.2756298751175932,1.32643723487854,6312000.0
2014-04-22,1.3346269682861256,1.3740587552060453,1.3267401336024705,1.364352107048035,5940000.0
2014-04-23,1.368598812129998,1.3778505064547106,1.347214486199677,1.3587411642074585,2610000.0
2014-04-24,1.3943812512476808,1.3943812512476808,1.3284082373297297,1.3798216581344604,6888000.0
2014-04-25,1.3449399057087534,1.3449399057087534,1.2378660590929866,1.2463598251342771,12810000.0
2014-04-28,1.255004344229547,1.2779047498898086,1.175532859535627,1.223610281944275,7662000.0
2014-04-29,1.2408998710533186,1.260767255013872,1.2183015733442832,1.2459046840667725,3888000.0
2014-04-30,1.2325583553842432,1.2710801362991333,1.2319513168388754,1.2710801362991333,4680000.0
2014-05-01,1.2730519443452846,1.3061139529214842,1.251970592417224,1.258492350578308,4398000.0
2014-05-02,1.2465110795591,1.2851849507131388,1.2465110795591,1.2660754919052124,4212000.0
2014-05-05,1.2524255501406156,1.281999691182606,1.2349850186504383,1.272141933441162,2844000.0
2014-05-06,1.2777536663944435,1.2936781189587985,1.256520339793988,1.2569752931594849,2064000.0
2014-05-07,1.268805079518933,1.273354939075389,1.2274012816211368,1.2594022750854492,3090000.0
2014-05-08,1.2480279373944008,1.3382672168474037,1.2477248520114257,1.2851848602294922,7788000.0
2014-05-09,1.2812415922045644,1.2841235060369145,1.2468146164332097,1.2747198343276978,2988000.0
2014-05-12,1.2824545990380558,1.3478215516664391,1.2824545990380558,1.3437267541885376,9942000.0
2014-05-13,1.3540398014508437,1.355252793841864,1.312333018269158,1.314000964164734,4584000.0
2014-05-14,1.303991182350805,1.3129389263940805,1.2785119428693414,1.2804838418960571,3846000.0
2014-05-15,1.2694120909330548,1.2798767794319323,1.2061690064981223,1.235591173171997,8310000.0
2014-05-16,1.2334680733827452,1.2780567616495602,1.2298282291670577,1.272141933441162,3402000.0
2014-05-19,1.267439980103593,1.32340325772469,1.267439980103593,1.312938570976257,4440000.0
2014-05-20,1.3141525987224327,1.3256783014591051,1.2739617952971418,1.29443621635437,3666000.0
2014-05-21,1.3073275929595012,1.3243131681262903,1.293981102043266,1.313090443611145,4350000.0
2014-05-22,1.3220385819569078,1.3467597793329769,1.3170336603290511,1.3323521614074707,4740000.0
2014-05-23,1.3311385775144298,1.370571354144707,1.326588716849022,1.368144392967224,7674000.0
2014-05-27,1.4065148223939508,1.4204673767089844,1.3849784101287017,1.4204673767089844,6498000.0
2014-05-28,1.4330550727022089,1.4376049318738116,1.4040878637784562,1.425017237663269,4740000.0
2014-05-29,1.4283541741053367,1.4504965411075827,1.4257753455204631,1.4338140487670898,3030000.0
2014-05-30,1.4324490594683217,1.4451886221926358,1.4230453876917093,1.439728856086731,2382000.0
2014-06-02,1.4647533922203697,1.4749142373997073,1.4263826094714511,1.4630845785140991,3918000.0
2014-06-03,1.464298240673065,1.5094929944168505,1.4567145985496697,1.5043370723724363,6246000.0
2014-06-04,1.5046400594672211,1.5310293118188807,1.4891705575933332,1.5248115062713623,4044000.0
2014-06-05,1.5340625785346595,1.559845774600183,1.506763413026577,1.5458922386169434,6264000.0
2014-06-06,1.5568116769535345,1.5792580016369684,1.5512008008846487,1.568945288658142,6654000.0
2014-06-09,1.5769828795098817,1.6065569127045365,1.572735996751368,1.5801677703857422,6924000.0
2014-06-10,1.583200916062336,1.5973054503562945,1.5598455524531454,1.5959405899047852,4128000.0
2014-06-11,1.581380830912988,1.6358281482524837,1.581380830912988,1.6191446781158447,4884000.0
2014-06-12,1.6186898177976283,1.6332493049147028,1.583655797678683,1.602310299873352,6840000.0
2014-06-13,1.6479605283422265,1.6644920193540524,1.620964350551089,1.64780855178833,6210000.0
2014-06-16,1.6526624287489824,1.6876963343492362,1.6400738664238157,1.6785966157913208,7470000.0
2014-06-17,1.684207834845063,1.7228815898918544,1.6731370839788855,1.7163608074188232,6432000.0
2014-06-18,1.7209103996990815,1.7224263685719925,1.6528135118367302,1.6957341432571411,9090000.0
2014-06-19,1.7110519233585268,1.7136308607037043,1.666767184492739,1.700436234474182,7944000.0
2014-06-20,1.7036210912593466,1.715298771858215,1.6905775740549622,1.715298771858215,4170000.0
2014-06-23,1.7222759374844168,1.7222759374844168,1.6911848429489822,1.696341633796692,6738000.0
2014-06-24,1.686786373771154,1.7327400269567428,1.6447756497941572,1.6585772037506104,9162000.0
2014-06-25,1.645533899608859,1.682387730778636,1.6236945078778264,1.6764729022979736,6300000.0
2014-06-26,1.6660080653344644,1.679202689880598,1.6165665428583045,1.6550884246826172,5352000.0
2014-06-27,1.6426526292395405,1.6629750728607178,1.6344629262558792,1.6629750728607178,2694000.0
2014-06-30,1.664492107993693,1.7198484588070226,1.664492107993693,1.7149956226348877,4662000.0
2014-07-01,1.7274314136199005,1.8091779985851664,1.7274314136199005,1.7856696844100952,9978000.0
2014-07-02,1.8006841981509467,1.807054088559483,1.782181782362183,1.7991682291030884,5664000.0
2014-07-03,1.8032630128795613,1.8423918256235865,1.8032630128795613,1.835415005683899,3942000.0
2014-07-07,1.835415295705872,1.8405720859089405,1.7874898418521938,1.7970445156097412,8154000.0
2014-07-08,1.7867316931659778,1.7982582651653785,1.717270694509574,1.769897222518921,10506000.0
2014-07-09,1.7840018380088494,1.80629618491338,1.7425980354036903,1.8006843328475952,6528000.0
2014-07-10,1.7219717157626906,1.7967413746924203,1.7034691904023678,1.7747501134872437,6774000.0
2014-07-11,1.7841533623717505,1.79173613514102,1.753365365356298,1.7782385349273682,3882000.0
2014-07-14,1.8113011109792383,1.821765909123931,1.788096855704716,1.8022013902664185,7164000.0
2014-07-15,1.8187325564382808,1.8188835567117247,1.7377449916760346,1.7879445552825928,6828000.0
2014-07-16,1.829499852056233,1.8525521219103027,1.8156982996745183,1.8498224020004272,5760000.0
2014-07-17,1.8058407559742555,1.8058407559742555,1.6972509643692109,1.7069567441940308,12642000.0
2014-07-18,1.728948051926504,1.7786935242573974,1.7171183967984378,1.7738397121429443,5280000.0
2014-07-21,1.7736888641811943,1.7982580832631088,1.7577643020313432,1.7883994579315186,3408000.0
2014-07-22,1.8200977284181248,1.8337474178303423,1.797196558742689,1.8225237131118768,4308000.0
2014-07-23,1.804021014542193,1.804021014542193,1.6943693221420553,1.696644306182861,12192000.0
2014-07-24,1.6966442197649794,1.6986161183815818,1.6481126034110474,1.6537234783172607,9876000.0
2014-07-25,1.6212683160841044,1.6212683160841044,1.5390668985338765,1.5542333126068115,10626000.0
2014-07-28,1.5590865461844623,1.5593904993509555,1.492052506569764,1.5492287874221802,8148000.0
2014-07-29,1.5592382210621905,1.5857793369993824,1.5398257926425871,1.5421006679534912,5832000.0
2014-07-30,1.5686410627940213,1.600035126056723,1.5574184447892527,1.587599515914917,5922000.0
2014-07-31,1.5389160146702805,1.5463468123287172,1.4689991957217634,1.4799188375473022,9606000.0
2014-08-01,1.4711231956291086,1.5302713780412198,1.4650563899500422,1.502062201499939,9360000.0
2014-08-04,1.514649899367469,1.534821239089908,1.4787059713382669,1.5208677053451538,4602000.0
2014-08-05,1.498573244519338,1.523901481056991,1.4559565602605853,1.4755209684371948,6888000.0
2014-08-06,1.4532264427569297,1.5179864644933547,1.4501935286680832,1.488715410232544,8052000.0
2014-08-07,1.5202618079695511,1.525721575311478,1.4180408960018058,1.4303255081176758,7098000.0
2014-08-08,1.4445821620455064,1.4823460175876058,1.4359373939698874,1.4782512187957764,6456000.0
2014-08-11,1.4997872692573346,1.5468019470208958,1.4997872692573346,1.5228395462036133,7698000.0
2014-08-12,1.5140428292878925,1.5352761590654718,1.4779477958242104,1.51707661151886,5640000.0
2014-08-13,1.5307262763378973,1.5607553720474243,1.5263274169177712,1.5607553720474243,5910000.0
2014-08-14,1.5621202447720317,1.5783477838127589,1.555143424839792,1.5690960884094238,4776000.0
2014-08-15,1.6010970237474522,1.635827952354888,1.5642430878320526,1.6164145469665527,7260000.0
2014-08-18,1.6365858048873012,1.6402257572064336,1.6036749083263844,1.6377989053726196,6054000.0
2014-08-19,1.643258942176903,1.6811747658708651,1.643258942176903,1.6728330850601196,4548000.0
2014-08-20,1.6728332265261203,1.7225787115801812,1.6669183974492794,1.7139339447021484,4878000.0
2014-08-21,1.7196965649547011,1.7388060185052054,1.7045310172785713,1.736683011054993,4374000.0
2014-08-22,1.7436597107625773,1.7606452878719234,1.7177254154221546,1.740474820137024,6348000.0
2014-08-25,1.7749021878523754,1.7749021878523754,1.7110520592384388,1.7193938493728638,6822000.0
2014-08-26,1.7154507930798115,1.73941308491529,1.7154507930798115,1.720910668373108,3456000.0
2014-08-27,1.720000115393166,1.7354696125860514,1.6975537996831238,1.7303128242492676,3738000.0
2014-08-28,1.7139336539875634,1.7673190832138062,1.6964922550772803,1.7673190832138062,3102000.0
2014-08-29,1.7767216443116811,1.803262868498314,1.7645890122500394,1.7868833541870115,5214000.0
2014-09-02,1.7985614107622865,1.7985614107622865,1.7397162074297474,1.7627694606781006,4158000.0
2014-09-03,1.794314095640887,1.8000779228321315,1.7645889581658385,1.7782385349273682,3906000.0
2014-09-04,1.788248868868003,1.8334435201645949,1.7794521248719333,1.79188871383667,6786000.0
2014-09-05,1.7894615673222545,1.8369320631027224,1.7874896685628687,1.8369320631027224,8496000.0
2014-09-08,1.836931834595592,1.8789415822991005,1.829045108356821,1.8483065366744995,5826000.0
2014-09-09,1.848458063444472,1.8540698074750144,1.7918887070014295,1.7993195056915283,4278000.0
2014-09-10,1.7987132675315094,1.8087228938133653,1.7624653901084566,1.7974992990493774,7584000.0
2014-09-11,1.7812717626251424,1.81205889724755,1.755489549631167,1.811148881912232,4134000.0
2014-09-12,1.797803312374387,1.797803312374387,1.728948375897833,1.7410811185836792,5574000.0
2014-09-15,1.7486646253107836,1.7547305622750362,1.6757148965396464,1.677534818649292,7626000.0
2014-09-16,1.6711653782200664,1.7717173699143427,1.6670704712794226,1.764589548110962,6174000.0
2014-09-17,1.7712623252001845,1.8351123486041443,1.7712623252001845,1.806296348571777,8154000.0
2014-09-18,1.8322307282619088,1.8839472532272337,1.8134243543056148,1.8839472532272337,6774000.0
2014-09-19,1.8995684879747456,1.904725278123082,1.8062961933133352,1.8166089057922363,6696000.0
2014-09-22,1.8002292990706874,1.807813049718596,1.7401711053856743,1.7501808404922483,8310000.0
2014-09-23,1.7224264872364194,1.777934816793177,1.7099907686249989,1.7365310192108154,5520000.0
2014-09-24,1.7491198656901277,1.8018983748694613,1.7445700054309328,1.798864483833313,4500000.0
2014-09-25,1.7947695020126195,1.7947695020126195,1.6845117361845972,1.7014973163604736,8892000.0
2014-09-26,1.727128318966419,1.7755088280387024,1.7253083968577374,1.7606453895568848,5322000.0
2014-09-29,1.706047274711753,1.7849119543590732,1.697706460729554,1.768077373504639,4182000.0
2014-09-30,1.7709590134732385,1.7729300443818616,1.7061989868248724,1.7239434719085691,5490000.0
2014-10-01,1.7160567264233575,1.7160567264233575,1.5856275270265865,1.5982152223587036,13020000.0
2014-10-02,1.5909355171806272,1.5909355171806272,1.4849236635918248,1.5716750621795654,17538000.0
2014-10-03,1.61884178758346,1.6303683600414005,1.5742530940614976,1.5954854488372805,10464000.0
2014-10-06,1.6147467596060812,1.615656774937446,1.5263274180237465,1.5569634437561035,7080000.0
2014-10-07,1.5416458482830673,1.5510485441094104,1.469454050064087,1.469454050064087,6960000.0
2014-10-08,1.4740039275091852,1.574252922633152,1.4294152388427102,1.566366195678711,11916000.0
2014-10-09,1.5621203015118166,1.5621203015118166,1.4368470236478448,1.4409419298171997,11388000.0
2014-10-10,1.3234031579626844,1.3234031579626844,1.1044037677040766,1.142318606376648,57942000.0
2014-10-13,1.1467177393756014,1.1853916021983883,1.0684601068496704,1.0684601068496704,18840000.0
2014-10-14,1.1253335047914734,1.187514602376094,1.0984892969461502,1.1288213729858398,30090000.0
2014-10-15,1.0683078538903277,1.167797814468341,1.0416156318138017,1.1436835527420044,41124000.0
2014-10-16,1.0942421070311938,1.2213352891919156,1.0843843505079818,1.19327712059021,31764000.0
2014-10-17,1.2625869301232648,1.282454308489689,1.2155712936179042,1.2223961353302002,43908000.0
2014-10-20,1.215723673402709,1.2832136404771095,1.1985862260366895,1.2801798582077026,16344000.0
2014-10-21,1.328257173500521,1.4241074155743338,1.3124837199622956,1.4194055795669556,22548000.0
2014-10-22,1.446553484645067,1.4620230920024944,1.3576792034957073,1.360409140586853,32538000.0
2014-10-23,1.4084856635569123,1.4413966676040115,1.3999928756434563,1.4192543029785156,17814000.0
2014-10-24,1.4180406403119428,1.471273986041173,1.4180406403119428,1.4650561809539795,15600000.0
2014-10-27,1.4409420130089057,1.489170549086161,1.4221355351219214,1.4800708293914795,24660000.0
2014-10-28,1.497814996250607,1.5460435220534456,1.488108240126194,1.5445265769958496,18132000.0
2014-10-29,1.537854192677244,1.5651533525706671,1.5005452974320113,1.5537786483764648,24510000.0
2014-10-30,1.541190782996906,1.541190782996906,1.438363835733811,1.50130295753479,17796000.0
2014-10-31,1.6189935451688444,1.696037202332052,1.6189935451688444,1.6758668422698977,30552000.0
2014-11-03,1.704530760265893,1.7328909289382424,1.6757146619543932,1.7069567441940308,12402000.0
2014-11-04,1.6916395861313067,1.720000739017567,1.6502358913438897,1.6927015781402588,8046000.0
2014-11-05,1.7289481215778193,1.746389628165412,1.6820845610129305,1.7425976991653442,13212000.0
2014-11-06,1.715601536425356,1.7254602698745485,1.6629751241362123,1.698161005973816,11454000.0
2014-11-07,1.6981611483865386,1.708928921682271,1.6071639560101447,1.648263692855835,16014000.0
2014-11-10,1.6632780345937073,1.6931560153734435,1.6399226787411023,1.6855722665786743,3756000.0
2014-11-11,1.6977061632500745,1.6977061632500745,1.6573634896066494,1.6708619594573977,4548000.0
2014-11-12,1.6485676397768556,1.6743499605651162,1.6409839980547254,1.6678282022476196,3774000.0
2014-11-13,1.6808717983883037,1.7207586532851733,1.6531175775714133,1.6707100868225098,7716000.0
2014-11-14,1.6553925967594632,1.716208829796673,1.6332492509278496,1.7118109464645386,9924000.0
2014-11-17,1.6910325513189357,1.702104169877395,1.6464438595617406,1.689667582511902,10320000.0
2014-11-18,1.697099121560928,1.801442907128472,1.697099121560928,1.787338376045227,10830000.0
2014-11-19,1.7914334756468089,1.7970443509892593,1.7263703622343314,1.752910614013672,8220000.0
2014-11-20,1.714388674152839,1.804779044279132,1.7052889549894337,1.801746129989624,8310000.0
2014-11-21,1.8615016606863488,1.8745443124323125,1.817974085794176,1.855889916419983,12906000.0
2014-11-24,1.8690842794215112,1.9167059980802963,1.857861659648564,1.9132180213928225,9054000.0
2014-11-25,1.9261094185088712,1.9335403243878049,1.900933159660518,1.9124597311019893,6144000.0
2014-11-26,1.9223180475846369,2.037277672707793,1.9223180475846369,2.035761594772339,10092000.0
2014-11-28,2.053050125039136,2.072159683591988,2.013769450162752,2.047438383102417,6168000.0
2014-12-01,2.0313625117779925,2.0583588047114283,1.949768980928748,1.9760061502456665,13002000.0
2014-12-02,1.992688142126496,2.014072468928241,1.9358148494584693,2.013617515563965,8928000.0
2014-12-03,2.032120742850726,2.146777442722748,2.032120742850726,2.1387386322021484,10110000.0
2014-12-04,2.1677070858989027,2.1869674300580786,2.108103853383157,2.147990703582764,11634000.0
2014-12-05,2.1639154188149816,2.2139639854431152,2.1517826762176737,2.2139639854431152,6846000.0
2014-12-08,2.210171776130077,2.2245803688756984,2.077012757165174,2.118568420410156,15150000.0
2014-12-09,2.012405113728783,2.1311566548071514,2.007703276722496,2.112805128097534,12642000.0
2014-12-10,2.1147762537371606,2.123118149583137,1.98313332693004,1.9945080280303955,11838000.0
2014-12-11,2.028632330322799,2.097335287388552,2.0087649460099835,2.02286958694458,9138000.0
2014-12-12,1.9716088346853489,2.009675673248179,1.917313581718448,1.9227732419967647,10422000.0
2014-12-15,1.957199367792121,2.00618702389436,1.8502777233200216,1.8681740760803225,16956000.0
2014-12-16,1.845121780767026,1.951436602536877,1.821917421545516,1.83632493019104,16812000.0
2014-12-17,1.841481997486621,1.963569409105152,1.7956793396809412,1.954773426055908,15510000.0
2014-12-18,2.04683145226122,2.0626049041748047,2.003456845997142,2.0626049041748047,21252000.0
2014-12-19,2.084140198669307,2.089751940230208,2.0143761366548985,2.0465283393859863,15420000.0
2014-12-22,2.0753451739482376,2.1437441834671884,2.067003492663385,2.1373744010925293,10992000.0
2014-12-23,2.1840122707858014,2.188259087270892,2.1194018200862,2.125316858291626,16380000.0
2014-12-24,2.133051699857276,2.15822863139672,2.123344599092849,2.132748603820801,3030000.0
2014-12-26,2.155801659783472,2.1639917615028805,2.1304735060648645,2.141089677810669,3072000.0
2014-12-29,2.1291081538255727,2.136084134267368,2.0951340681296613,2.121978998184204,5970000.0
2014-12-30,2.0786027864650105,2.111210877969817,2.0786027864650105,2.085427761077881,5286000.0
2014-12-31,2.091343443941697,2.136084716954532,2.043568172947068,2.04478120803833,8412000.0
2015-01-02,2.081332513954983,2.1130306620448263,1.985933021114514,2.0449323654174805,15978000.0
2015-01-05,1.988816137486035,2.0247613385827057,1.9245089957045287,1.9292107820510864,12648000.0
2015-01-06,1.9269351083711308,1.9337600832095585,1.7810312835719608,1.7978663444519043,13386000.0
2015-01-07,1.8294134558410688,1.8779476688910293,1.7990801964509866,1.8523155450820925,8574000.0
2015-01-08,1.926178545089397,2.0582803243579755,1.911011368051066,2.0189990997314453,13884000.0
2015-01-09,2.043718301910073,2.0497854274227607,1.9451348890370808,2.024002313613892,11070000.0
2015-01-12,1.9962475111418791,1.9962475111418791,1.870666833878784,1.9023652076721191,10962000.0
2015-01-13,1.944679976647456,2.01429527551378,1.8166722813660248,1.8456413745880127,12708000.0
2015-01-14,1.7854295184019686,1.871121830845368,1.7594944158833807,1.8160666227340696,9324000.0
2015-01-15,1.85125308564848,1.88810821831608,1.7669265399788778,1.7717796564102173,6774000.0
2015-01-16,1.755399335188434,1.839119678005117,1.7320421762962488,1.8322947025299072,8616000.0
2015-01-20,1.847310645580549,1.9101010135174457,1.8174324610371824,1.890232920646668,9438000.0
2015-01-21,1.8747625945838653,1.976076098062962,1.8524673492737007,1.9522640705108645,9642000.0
2015-01-22,1.9580272122140343,1.993668432726972,1.83669249871989,1.9889672994613647,12336000.0
2015-01-23,1.966672682342688,2.00201103496716,1.9377036860339656,1.9715259075164795,9594000.0
2015-01-26,1.9694028354512376,1.995338052308838,1.9141955244646267,1.99215304851532,6576000.0
2015-01-27,1.9110106240269304,1.9337608383214435,1.8385133815097288,1.877643585205078,15486000.0
2015-01-28,1.9413432782876687,2.00034263791439,1.8471578803324444,1.8495848178863523,13218000.0
2015-01-29,1.821830018489989,1.875217229079653,1.7510015509317467,1.8548930883407595,15474000.0
2015-01-30,1.805752911482993,1.8639931301273127,1.7365924484409037,1.7408394813537598,10230000.0
2015-02-02,1.7581295480660122,1.768442623607959,1.6434688852752355,1.756764531135559,14562000.0
2015-02-03,1.7831541620057918,1.85443757828828,1.7702621698973355,1.8515565395355225,10800000.0
2015-02-04,1.8385134827347824,1.91192088539968,1.823498401223096,1.8737006187438965,8946000.0
2015-02-05,1.882952372526046,1.9269358005759325,1.8676335453477628,1.9249638319015503,6324000.0
2015-02-06,1.936945552941524,1.982445757771495,1.879312177118985,1.8958433866500848,11220000.0
2015-02-09,1.863538070643422,1.8871982193458328,1.8200098364655075,1.83381187915802,6336000.0
2015-02-10,1.901000564631249,2.0209693317072204,1.8887155188436835,2.019604206085205,10446000.0
2015-02-11,2.016873786561892,2.062677951496497,1.959998480982888,2.0399279594421387,9228000.0
2015-02-12,2.0776930453385813,2.138511420113465,2.062222998546818,2.138359546661377,8820000.0
2015-02-13,2.174002431038508,2.2013025618039803,2.1257721783232904,2.183860540390014,8976000.0
2015-02-17,2.184618563414378,2.210856870465875,2.16004847766291,2.2056996822357178,5856000.0
2015-02-18,2.199179367788448,2.2037294976099377,2.1597451986183773,2.1840124130249023,5652000.0
2015-02-19,2.1693002545563704,2.223142663000018,2.162930246247763,2.2040324211120605,5124000.0
2015-02-20,2.187499667652157,2.245891971091756,2.167934679143475,2.243314027786255,6198000.0
2015-02-23,2.241494203218011,2.2430103343399312,2.175366977079406,2.1987240314483643,5010000.0
2015-02-24,2.190836715943343,2.290785281153102,2.155498368776838,2.287752151489258,8376000.0
2015-02-25,2.2871453979921794,2.2915443040249537,2.231635000694851,2.249380111694336,5766000.0
2015-02-26,2.2797136168357763,2.316719959847961,2.2598446694466725,2.295031785964966,6090000.0
2015-02-27,2.300036794252287,2.315658928037172,2.257418726346356,2.2784998416900635,4236000.0
2015-03-02,2.3283996698087424,2.4689954466535853,2.3283996698087424,2.467781543731689,10602000.0
2015-03-03,2.444426065167899,2.444426065167899,2.320513335774617,2.3252153396606445,11424000.0
2015-03-04,2.3065598469584785,2.324455967174136,2.238005459021009,2.321423053741455,7704000.0
2015-03-05,2.355700175861448,2.363435309731025,2.293970978396047,2.3235461711883545,5172000.0
2015-03-06,2.2948804506946305,2.3138394656319954,2.2320901042241323,2.2534751892089844,6402000.0
2015-03-09,2.247712612523038,2.2877527551580146,2.2410395085396844,2.2731926441192627,3822000.0
2015-03-10,2.222989780633556,2.240734890441285,2.1366913861440424,2.1448814868927,10950000.0
2015-03-11,2.172788987095626,2.228147303980684,2.1595940023100915,2.162930011749268,5814000.0
2015-03-12,2.098017052447407,2.16050432140997,2.088462039339837,2.160200357437134,5214000.0
2015-03-13,2.1741542172307007,2.214952425680857,2.131383823084656,2.2047903537750244,5982000.0
2015-03-16,2.220563489028685,2.305649057109572,2.220563489028685,2.3018569946289062,6324000.0
2015-03-17,2.258479963429384,2.2654570291948755,2.210856792351412,2.252868890762329,6150000.0
2015-03-18,2.2530205759171493,2.3364381719938616,2.1644470920096865,2.3023128509521484,8148000.0
2015-03-19,2.3023126509658978,2.3362858786101413,2.283809472053454,2.319147825241089,4704000.0
2015-03-20,2.372685843295315,2.43957134823995,2.357519759752845,2.420916080474853,6618000.0
2015-03-23,2.42076600484374,2.4280461703435763,2.353121757507324,2.353121757507324,6318000.0
2015-03-24,2.34250499135306,2.370563182551128,2.290330810530264,2.292909622192383,6552000.0
2015-03-25,2.3015544633939,2.3015544633939,1.9716777079019567,1.9788057804107664,21066000.0
2015-03-26,1.873092860044188,1.933760223516177,1.767684341157311,1.8972079753875728,24066000.0
2015-03-27,1.8859853950531469,2.077389580003991,1.8818904523056752,2.052971363067627,16368000.0
2015-03-30,2.0930114512242914,2.1497348901090443,2.059341320117493,2.138511657714844,16764000.0
2015-03-31,2.0995337994419443,2.114244916287644,2.05175852268448,2.0632846355438232,6942000.0
2015-04-01,2.044326257303969,2.0503931685128145,1.9716777998131905,2.024458169937134,12366000.0
2015-04-02,2.0290082339279447,2.0664695638430817,2.0017081077753134,2.004134178161621,10686000.0
2015-04-06,1.9440739073410784,2.046753401225662,1.919048845296685,2.032799482345581,8514000.0
2015-04-07,2.0478141051101875,2.0899782975214203,2.024912890398908,2.0379559993743896,5790000.0
2015-04-08,2.026125548677488,2.0928589478151087,2.020210512766008,2.074658870697021,3948000.0
2015-04-09,2.039624275917043,2.160654849096748,2.039624275917043,2.155194997787476,7356000.0
2015-04-10,2.1676321185896303,2.1793103218078613,2.1445790252007493,2.1793103218078613,4248000.0
2015-04-13,2.179310018985523,2.214042178614977,2.131838713127819,2.1369946002960205,7758000.0
2015-04-14,2.154891213617076,2.154891213617076,2.051908665818396,2.074658870697021,8010000.0
2015-04-15,2.126075208387408,2.1978146099373905,2.09559007416134,2.179462432861328,8970000.0
2015-04-16,2.1233449496897663,2.164902091785814,2.11075680728468,2.152010202407837,3702000.0
2015-04-17,2.1046894541509604,2.1046894541509604,2.027793971426656,2.059796094894409,9108000.0
2015-04-20,2.092556146754352,2.1353263123131656,2.0852762016659825,2.110149383544922,4416000.0
2015-04-21,2.1806744087463006,2.1991784503346863,2.131383019619894,2.1562561988830566,6054000.0
2015-04-22,2.1832545750442,2.249532824769051,2.1460954669092938,2.2455899715423584,9702000.0
2015-04-23,2.1225871058792065,2.166570323037203,2.0813339234064654,2.140180349349976,11388000.0
2015-04-24,2.130928448723925,2.134871517593944,1.9968539099254767,2.035529136657715,18216000.0
2015-04-27,2.0406862805506565,2.115761675962297,2.0335582077221326,2.056763172149658,8376000.0
2015-04-28,2.040079553750122,2.0704136807703803,1.9716781183217311,2.0593416690826416,4686000.0
2015-04-29,2.0388661009834816,2.044023072921096,1.9618187402399232,2.0247609615325928,7008000.0
2015-04-30,2.007318884336337,2.034771096861316,1.9346704321849584,1.978502631187439,6360000.0
2015-05-01,1.9982188747782963,2.1482186515579067,1.9982188747782963,2.132748603820801,17382000.0
2015-05-04,2.1413941278131565,2.1661152272319435,2.102111831764572,2.1187949180603027,7014000.0
2015-05-05,2.0995334754870787,2.0995334754870787,1.978957661298734,1.9848726987838743,11862000.0
2015-05-06,2.0035284044656305,2.0279464083188694,1.9334578783609635,1.9774413108825684,9012000.0
2015-05-07,1.9956411582460143,2.0529714437749296,1.9956411582460143,2.044023275375366,7686000.0
2015-05-08,2.0931640348704907,2.12804720928967,2.081029992727553,2.102566957473755,10140000.0
2015-05-11,2.097409224578314,2.127743342620716,2.076631200956156,2.10317325592041,7164000.0
2015-05-12,2.082242951604465,2.0849729850952503,2.0188455554211364,2.052818775177002,6732000.0
2015-05-13,2.072991187747952,2.130624340293426,2.069503088599589,2.08633804321289,5100000.0
2015-05-14,2.130624721260101,2.186590096404781,2.106206721083098,2.1633849143981934,10308000.0
2015-05-15,2.18401236918423,2.1991793236433224,2.141696943757464,2.174002170562744,4164000.0
2015-05-18,2.165508694575427,2.239370179491567,2.165508694575427,2.2322421073913574,6348000.0
2015-05-19,2.256964306692646,2.2812306497964148,2.187197105775131,2.211919069290161,6744000.0
2015-05-20,2.2337590988364795,2.2750122681504954,2.198571755270235,2.223444938659668,2923500.0
2015-05-21,2.2173785715795886,2.2689450256786863,2.187651516952944,2.2568118572235107,2389500.0
2015-05-22,2.2634857587853467,2.296245954382008,2.257419714819076,2.2731926441192627,2566500.0
2015-05-26,2.2507454956588666,2.2671257017172626,2.1882591036212715,2.2240524291992188,4063500.0
2015-05-27,2.2404323078042023,2.504333951242842,2.235579299366299,2.4837067127227783,13917000.0
2015-05-28,2.4891661460657395,2.530420395618349,2.4412398794617123,2.490380048751831,6607500.0
2015-05-29,2.50554617502042,2.548620299313982,2.484312968207881,2.5122201442718506,5224500.0
2015-06-01,2.5546865817889293,2.5759206584515537,2.485526237296084,2.523746490478516,6366000.0
2015-06-02,2.5019070071429383,2.5019070071429383,2.426680596844621,2.434566736221313,5436000.0
2015-06-03,2.480066352421768,2.481886447264067,2.384212724905625,2.386032819747925,4191000.0
2015-06-04,2.356306368053516,2.3836064959474617,2.302920015384671,2.3235461711883545,8517000.0
2015-06-05,2.31748008992945,2.3417462190052047,2.25741976613074,2.327186107635498,6295500.0
2015-06-08,2.3271864554691923,2.330220454304317,2.176732527393583,2.199179649353028,10593000.0
2015-06-09,2.190684546809095,2.206458556190733,2.12334429752633,2.1876516342163086,10443000.0
2015-06-10,2.234972633232092,2.2944258966196736,2.214345393079524,2.269552707672119,8491500.0
2015-06-11,2.30049347005926,2.305346479819076,2.262273197692537,2.2683401107788086,5124000.0
2015-06-12,2.2392187545317723,2.244678821685244,2.1973585289712307,2.206458568572998,3468000.0
2015-06-15,2.162778850107145,2.197358919962102,2.102111474709625,2.1900789737701416,3541500.0
2015-06-16,2.169451796679808,2.2276920128968256,2.162778693954057,2.213131904602051,3762000.0
2015-06-17,2.2295121317241606,2.243465180266018,2.191291874160413,2.217985153198242,4078500.0
2015-06-18,2.2373993961412326,2.34174602042051,2.2373993961412326,2.312019824981689,7689000.0
2015-06-19,2.318085605450083,2.336285686812426,2.252565225760815,2.2913923263549805,4377000.0
2015-06-22,2.332645864035116,2.352666041606798,2.299885672082405,2.334465742111206,4977000.0
2015-06-23,2.344779540659633,2.3605526827281795,2.27319203972311,2.2944252490997314,5640000.0
2015-06-24,2.286538876951118,2.3035250521746526,2.2234445794660225,2.226478576660156,4566000.0
2015-06-25,2.264699222231448,2.264699222231448,2.2016049137331755,2.2216250896453857,3018000.0
2015-06-26,2.1670248296449075,2.1670248296449075,2.0274908762106025,2.059644222259521,10182000.0
2015-06-29,1.9716777640667664,2.0177841621895025,1.878857256989556,1.883710265159607,11571000.0
2015-06-30,1.935883689129548,1.9492307641609048,1.8782503083762745,1.9061574935913088,11799000.0
2015-07-01,1.9771377445616225,1.994123923290315,1.9043374181468329,1.92011034488678,10522500.0
2015-07-02,1.932243667439983,1.9619707300822808,1.917683557620898,1.9437706470489504,3387000.0
2015-07-06,1.9049434739028777,1.9437705766557256,1.833963022466168,1.866117238998413,8164500.0
2015-07-07,1.863083323482288,1.863083323482288,1.6738023282383778,1.8412432670593264,8449500.0
2015-07-08,1.7666227023674306,1.804842852386988,1.677442171520056,1.7065622806549072,7170000.0
2015-07-09,1.7896771103089495,1.796350106063449,1.6252691745758057,1.6252691745758057,11626500.0
2015-07-10,1.6986762819193295,1.7356825297234262,1.68047619982011,1.7174824476242063,10768500.0
2015-07-13,1.7684427351460852,1.7702627216744649,1.7223364459208144,1.7587366104125977,7369500.0
2015-07-14,1.7775428187711442,1.827897010045517,1.7775428187711442,1.819403052330017,5853000.0
2015-07-15,1.8303227027527909,1.8303227027527909,1.7581293383912695,1.78239643573761,8317500.0
2015-07-16,1.826076779673806,1.826076779673806,1.7435694622496598,1.793922781944275,9607500.0
2015-07-17,1.7763296805952586,1.7866427564358067,1.7375024709598252,1.778756618499756,5380500.0
2015-07-20,1.7975629928701116,1.810910068087411,1.7411427549642062,1.7423566579818726,4542000.0
2015-07-21,1.7308294529877248,1.7927098637264125,1.7308294529877248,1.747209548950195,6831000.0
2015-07-22,1.632548693224224,1.632548693224224,1.55914131635378,1.6179885864257812,14968500.0
2015-07-23,1.6458957529991876,1.7441763169191071,1.6458957529991876,1.6889690160751345,8224500.0
2015-07-24,1.7241564352780598,1.7241564352780598,1.5803756551223545,1.5870486497879028,7174500.0
2015-07-27,1.563388774781908,1.5828018942011162,1.4984753363359231,1.5494356155395508,9583500.0
2015-07-28,1.5749153860168497,1.676835920536239,1.5385152261116488,1.6458957195281982,12343500.0
2015-07-29,1.6458958154825336,1.663488945078358,1.598575626543252,1.6543889045715332,9057000.0
2015-07-30,1.6404361212564469,1.689576413019848,1.6143490305093011,1.6731963157653809,5058000.0
2015-07-31,1.676228942530864,1.6804759749249902,1.60524861014687,1.6143486499786377,5568000.0
2015-08-03,1.6034288388762965,1.6185959004321868,1.5718816806224474,1.5985758304595947,3805500.0
2015-08-04,1.5834084424621433,1.5931154336237991,1.514248096654038,1.5451881885528564,6415500.0
2015-08-05,1.5633885236955378,1.636188848876667,1.5633885236955378,1.602821707725525,7600500.0
2015-08-06,1.6076759602389543,1.6076759602389543,1.480881345108574,1.5191015005111694,7930500.0
2015-08-07,1.5166753474388996,1.5482216378540763,1.498475264097995,1.5439754724502563,6246000.0
2015-08-10,1.5773418460202482,1.6659163063407747,1.5773418460202482,1.6598492860794067,8170500.0
2015-08-11,1.6270890236094062,1.6270890236094062,1.5245615165720443,1.5470086336135864,7215000.0
2015-08-12,1.5009015491725306,1.595542061177594,1.4547952505751245,1.5730959177017212,9519000.0
2015-08-13,1.573095304396292,1.594328404277942,1.5251680612564087,1.5251680612564087,7285500.0
2015-08-14,1.512428243413083,1.5215283931387502,1.469961058828382,1.498475193977356,5598000.0
2015-08-17,1.4760282020200444,1.543368577957153,1.4560081313018447,1.543368577957153,4459500.0
2015-08-18,1.5403354990295903,1.5403354990295903,1.4408410158299287,1.4481210708618164,8851500.0
2015-08-19,1.4523680136503825,1.457828082112298,1.3789607278875586,1.4074747562408447,7707000.0
2015-08-20,1.3710745473938335,1.3710745473938335,1.2497399012850503,1.2509539127349854,13956000.0
2015-08-21,1.203633285166735,1.2576265681389458,1.1472129562793687,1.1623791456222534,12129000.0
2015-08-24,0.9294179231543056,1.219406475077497,0.913644781853824,1.073198676109314,29239500.0
2015-08-25,1.1890735960207015,1.204846742212044,1.0380127429962158,1.0380127429962158,14115000.0
2015-08-26,1.1393262245620104,1.196353518411466,1.0719858544037868,1.1921064853668213,21187500.0
2015-08-27,1.2558069436390598,1.330427372111216,1.249133840102853,1.326180338859558,24174000.0
2015-08-28,1.2976668476625868,1.3565141159168546,1.2976668476625868,1.351660132408142,10723500.0
2015-08-31,1.316474133347041,1.3777475916467783,1.297060148200621,1.3352802991867063,9834000.0
2015-09-01,1.2254736918393876,1.2970601160678392,1.1751193945803176,1.1975665092468262,13606500.0
2015-09-02,1.2570197982227722,1.2818938493728638,1.2151595691649129,1.2818938493728638,5200500.0
2015-09-03,1.3067668813849234,1.3619741770548754,1.3000937795798149,1.311619997024536,7801500.0
2015-09-04,1.24791987646354,1.2916000960489884,1.2266867723771944,1.2418538331985474,7768500.0
2015-09-08,1.3286073017753364,1.4092946365726644,1.3255741717054603,1.4044407606124878,11443500.0
2015-09-09,1.4456949102097163,1.4748150200359746,1.3213272479083231,1.3304272890090942,17734500.0
2015-09-10,1.3286072047009845,1.3850274336770836,1.289779996693112,1.3492342233657837,8355000.0
2015-09-11,1.3085871998676677,1.3528744813104263,1.2934201383920574,1.3486274480819702,6459000.0
2015-09-14,1.3668272467299212,1.3807804023162331,1.3443801349363007,1.3619742393493652,5242500.0
2015-09-15,1.3741071834229015,1.4220344240687055,1.3741071834229015,1.4086873531341553,5133000.0
2015-09-16,1.4074746496055452,1.4244608288777725,1.3753205418867402,1.4202147722244265,6328500.0
2015-09-17,1.4202149894964158,1.4535811610558065,1.37653465539013,1.3819947242736816,10005000.0
2015-09-18,1.3249673265056643,1.3662206107905066,1.2964541658654327,1.3128342628479004,9004500.0
2015-09-21,1.334674230139285,1.3510542162085173,1.2824999487774078,1.2994869947433472,7872000.0
2015-09-22,1.2303266181868864,1.247313663799948,1.1987794647247036,1.2145534753799438,10623000.0
2015-09-23,1.2181938612576428,1.2357869948255755,1.183613677828123,1.1866466999053955,5457000.0
2015-09-24,1.1557063617828305,1.2048466512466622,1.0883659892170725,1.181793451309204,11694000.0
2015-09-25,1.2309337074247078,1.2539869067376108,1.1666263583416552,1.19999361038208,14334000.0
2015-09-28,1.1745135216809854,1.198779648611577,1.0998930931091309,1.0998930931091309,19645500.0
2015-09-29,1.1144528552189534,1.1544930951009984,1.0822987523312244,1.1241589784622192,8577000.0
2015-09-30,1.1751195712434794,1.2558070248209778,1.1745135960384372,1.2497400045394895,11164500.0
2015-10-01,1.2473136445861912,1.2473136445861912,1.1435731218415668,1.2084864377975464,11292000.0
2015-10-02,1.1672333610381127,1.2861400842666626,1.1569193088165204,1.2861400842666626,11044500.0
2015-10-05,1.32132712809732,1.3777474645910388,1.3067670202639017,1.357727289199829,11214000.0
2015-10-06,1.371680736541748,1.383207717023381,1.2982742067332678,1.371680736541748,10017000.0
2015-10-07,1.4038347720140882,1.4517610508689585,1.3559075168297303,1.4335609674453735,13086000.0
2015-10-08,1.417787723789849,1.460860991215738,1.3844205810520325,1.4602549076080322,10491000.0
2015-10-09,1.452368186728638,1.4669282987081669,1.40019486797942,1.421428084373474,9637500.0
2015-10-12,1.4214276263856935,1.434774590281792,1.4050475328067005,1.4274946451187134,3466500.0
2015-10-13,1.3935208023704635,1.419607893921884,1.3692546739038507,1.3698606491088867,5832000.0
2015-10-14,1.3953408432660803,1.5603557303326725,1.3819947432942554,1.524561643600464,12873000.0
2015-10-15,1.5585350984422397,1.6003953205171668,1.526987949977019,1.570061206817627,7219500.0
2015-10-16,1.5773415177828451,1.5821955018174532,1.5379083351136726,1.5761284828186035,3847500.0
2015-10-19,1.5536815432040756,1.6058558295906509,1.540335445079558,1.57552170753479,3388500.0
2015-10-20,1.5664216097135717,1.586441678267538,1.5451883976224472,1.5682415962219238,3612000.0
2015-10-21,1.6198090070457372,1.667129312590229,1.5761287834175457,1.5767357349395752,7911000.0
2015-10-22,1.6446820886400142,1.749029686571271,1.6446820886400142,1.736896514892578,9553500.0
2015-10-23,1.7914967324311688,1.818796854742188,1.7332564064123683,1.804842829704285,12801000.0
2015-10-26,1.7805766145278092,1.7830026845969869,1.6804761650530604,1.6968562602996826,7888500.0
2015-10-27,1.6622758480702893,1.6968561308832557,1.6495358352284897,1.66166889667511,5899500.0
2015-10-28,1.6932158616061768,1.7490292398320195,1.6762288181009712,1.7478162050247192,7332000.0
2015-10-29,1.642861852923892,1.648321811895695,1.5803754750004173,1.59432852268219,7363500.0
2015-10-30,1.6046417886880693,1.6501421030877337,1.6046417886880693,1.6349759101867676,4933500.0
2015-11-02,1.6507492181830397,1.683509413084253,1.6422561276204022,1.6762293577194214,4515000.0
2015-11-03,1.6713758395642262,1.7217291550319411,1.6647018694754332,1.7011021375656128,3586500.0
2015-11-04,1.7065622934252278,1.7290094082481515,1.6804761819430072,1.7193024158477783,4272000.0
2015-11-05,1.6992825828004483,1.6992825828004483,1.6003959130377985,1.611922025680542,6928500.0
2015-11-06,1.637402181096106,1.7381097064083613,1.637402181096106,1.733256697654724,7741500.0
2015-11-09,1.720516410059248,1.720516410059248,1.658636106599688,1.684116244316101,4533000.0
2015-11-10,1.6307291763117746,1.638009123325105,1.5773418495637657,1.5925089120864868,6873000.0
2015-11-11,1.603428424846974,1.6489287299173532,1.5925083993617342,1.5961483716964722,6765000.0
2015-11-12,1.5791617765216583,1.600395858515342,1.5354815536903377,1.537301540374756,5874000.0
2015-11-13,1.533055212847498,1.5506483420386634,1.4754209734103458,1.4942280054092407,8245500.0
2015-11-16,1.491801112408631,1.5518614235669583,1.490588077412799,1.550041437149048,4926000.0
2015-11-17,1.55186141922032,1.6161687629374673,1.5488283978150728,1.5803755521774292,5721000.0
2015-11-18,1.58219576583704,1.6313360569271227,1.5518616421103042,1.627089023590088,7293000.0
2015-11-19,1.635581967943638,1.6810821731429195,1.6107087827892084,1.638615965843201,4227000.0
2015-11-20,1.6592424180927037,1.6804765019118946,1.6398292974439888,1.6556023359298706,4059000.0
2015-11-23,1.6586363581344106,1.6586363581344106,1.5864419908500575,1.5894759893417358,4002000.0
2015-11-24,1.5773420381865066,1.6604564399039987,1.5415488164493028,1.650749444961548,6042000.0
2015-11-25,1.6586358909826362,1.6804760526780078,1.6343687915320262,1.6549959182739258,2290500.0
2015-11-27,1.6701621330277605,1.6962492208927082,1.6634890300032408,1.692002296447754,1800000.0
2015-11-30,1.6980691730542925,1.7466023953767094,1.6883620729694566,1.7435693740844729,4113000.0
2015-12-01,1.753882635994298,1.8145499026042728,1.753882635994298,1.8115168809890747,8346000.0
2015-12-02,1.821222869750577,1.847309956250798,1.7769365701079918,1.7860366106033323,9337500.0
2015-12-03,1.848523099679372,1.8655101466807904,1.726582484799592,1.7526695728302002,6945000.0
2015-12-04,1.7666225462280043,1.8606569446118584,1.738109282575226,1.8497368097305296,6492000.0
2015-12-07,1.839423216149052,1.839423216149052,1.7896769501200671,1.7969568967819214,3729000.0
2015-12-08,1.7229423473252048,1.7708695973574615,1.7023161958229895,1.7532764673233032,6631500.0
2015-12-09,1.7387161824307298,1.7611624265881738,1.661061880189433,1.6835089921951294,6715500.0
2015-12-10,1.684722595643696,1.7520629780572874,1.6835095603397867,1.7126296758651731,5155500.0
2015-12-11,1.6628823054667123,1.676836332717054,1.6040358865306417,1.611922025680542,7531500.0
2015-12-14,1.6094958789755556,1.6295160576806018,1.5324485114160074,1.5809818506240845,8115000.0
2015-12-15,1.614348941668149,1.6731962236857338,1.604641840228616,1.6537821292877195,5202000.0
2015-12-16,1.6701621330277605,1.7023162403167793,1.612528757170968,1.692002296447754,5487000.0
2015-12-17,1.7199093042898703,1.738716336954088,1.6173818111419678,1.6173818111419678,5890500.0
2015-12-18,1.58340850201909,1.6076756011523816,1.5530752518684292,1.560355305671692,5401500.0
2015-12-21,1.5997887217475169,1.6477159723896715,1.587655659391508,1.6471089124679563,3751500.0
2015-12-22,1.6671289872995747,1.6701620086209827,1.61374167201608,1.6531758308410645,2517000.0
2015-12-23,1.667128963080287,1.6907891108922346,1.6471087879404689,1.6889690160751345,3277500.0
2015-12-24,1.6810821444815207,1.7235494358676606,1.677442171520056,1.7065622806549072,1558500.0
2015-12-28,1.6865421533584597,1.6865421533584597,1.634368847800585,1.6865421533584597,3654000.0
2015-12-29,1.719909027747191,1.767229318144526,1.6992820119718937,1.7478162050247192,5613000.0
2015-12-30,1.738109311675098,1.7550963571898424,1.692002159111689,1.693822145462036,3543000.0
2015-12-31,1.671981892454871,1.6798688973058835,1.6240556240081787,1.6240556240081787,2239500.0
2016-01-04,1.5312352929332838,1.5700615257270982,1.5002950894904374,1.5688484907150269,6852000.0
2016-01-05,1.5870485968388912,1.5882616318698717,1.5160682566353765,1.5203152894973757,7008000.0
2016-01-06,1.4463011220910726,1.4487280602877024,1.3571205812168463,1.3977677822113037,8817000.0
2016-01-07,1.291600097756209,1.3492343431558695,1.2448868564765194,1.254593849182129,8475000.0
2016-01-08,1.2812869698765308,1.2928140571509483,1.1890734176314717,1.192713499069214,9717000.0
2016-01-11,1.2133396089211197,1.243673728334182,1.1617732548307278,1.2109135389328003,9301500.0
2016-01-12,1.2539870632099812,1.2752201701266246,1.1896797061026638,1.2412469387054443,8331000.0
2016-01-13,1.2436736405915665,1.2691537740526504,1.1199129458601451,1.123552918434143,6531000.0
2016-01-14,1.1381131453514295,1.210913580814794,1.0901858945858518,1.192713499069214,8373000.0
2016-01-15,1.0489329840394237,1.0750191017815875,0.9834125866713352,1.031945824623108,12220500.0
2016-01-19,1.0859392123458875,1.1029262628433796,1.0076786915147302,1.035585880279541,9246000.0
2016-01-20,0.994938613955862,1.0877591326612188,0.9682454384608558,1.0556058883666992,11091000.0
2016-01-21,1.0847259595619467,1.142966287547095,1.0519657682902352,1.0992859601974487,13318500.0
2016-01-22,1.1611665922146368,1.18664673381079,1.1417534712759574,1.1635935306549072,12348000.0
2016-01-25,1.1508530413318026,1.1623791500100638,1.1065657722325883,1.1138458251953125,7657500.0
2016-01-26,1.1314390293992875,1.1726931719201912,1.1114189637437195,1.1466060876846311,7986000.0
2016-01-27,1.1265861863169029,1.1702664049685976,1.088365927196016,1.1059590578079224,9180000.0
2016-01-28,1.1332587957732534,1.1381127785309972,1.0719854673330602,1.0962525606155396,6303000.0
2016-01-29,1.1144532150601107,1.2467070382670793,1.1144532150601107,1.2442800998687744,11986500.0
2016-02-01,1.2181937761111852,1.2818940695885872,1.207273639015928,1.263087034225464,8037000.0
2016-02-02,1.2218336035586892,1.2218336035586892,1.1253731272784266,1.1381131410598757,8760000.0
2016-02-03,1.1775463517577376,1.1830063107890174,1.0762327661320974,1.147213101387024,9664500.0
2016-02-04,1.1526732736850969,1.2266867454395525,1.1441793162621636,1.2036335468292236,13746000.0
2016-02-05,1.192713653007342,1.192713653007342,1.065918931055256,1.0816930532455444,16936500.0
2016-02-08,1.0276986822133445,1.0313386553071162,0.9494382843678152,0.9979724884033204,10143000.0
2016-02-09,0.9609652896913232,1.0355857164694788,0.9530782833434605,0.9785584211349488,6549000.0
2016-02-10,1.0131385614583377,1.033158630210558,0.9561122446445524,0.957325279712677,13690500.0
2016-02-11,0.910004987540426,0.9530782555180004,0.899691911264184,0.9354851245880128,18111000.0
2016-02-12,0.9828052969661786,1.001612328362387,0.9275979970653484,0.9973652958869934,14359500.0
2016-02-16,1.0416527803094373,1.119913183592618,1.027698753619411,1.1029261350631714,19578000.0
2016-02-17,1.1259792990284925,1.189073506246185,1.1205192307054936,1.181793451309204,18730500.0
2016-02-18,1.210306823880694,1.2109137754204713,1.1605595786418983,1.1629865169525146,11878500.0
2016-02-19,1.1599531733242463,1.2005993886280395,1.155706140939327,1.1787593364715576,7744500.0
2016-02-22,1.2212265303052816,1.2551997523590324,1.2175865577253844,1.2345736026763916,8479500.0
2016-02-23,1.2072735424272374,1.226686768382233,1.1696594747103282,1.1745134592056274,5545500.0
2016-02-24,1.134473135562218,1.2315396926486673,1.113239056662175,1.2236535549163818,14658000.0
2016-02-25,1.241246751174038,1.272186955883889,1.1939265593319064,1.2709739208221436,9294000.0
2016-02-26,1.2994873155558415,1.306767371428906,1.2746141258061596,1.2903872728347778,11154000.0
2016-02-29,1.3104070953780016,1.3504472290124236,1.2837138175964355,1.2837138175964355,15354000.0
2016-03-01,1.3316403884620935,1.391700706023594,1.3104072836434542,1.3904876708984375,12424500.0
2016-03-02,1.3929146400778416,1.4147548053516483,1.37532064024209,1.4141478538513184,8562000.0
2016-03-03,1.4135406846422889,1.4256746141704988,1.3874544664291912,1.4171806573867798,9262500.0
2016-03-04,1.4481209695998238,1.4972612562680685,1.415360778487661,1.4620749950408936,17245500.0
2016-03-07,1.4281012300369853,1.4978686665892578,1.417181199147956,1.4784555435180664,13198500.0
2016-03-08,1.4426609807679698,1.4469080139559385,1.3735006217268877,1.377747654914856,13114500.0
2016-03-09,1.3971603976372708,1.4226405287776682,1.3783542359878902,1.4117203950881958,10950000.0
2016-03-10,1.43416754019448,1.4711747572476674,1.3722872512000364,1.4305275678634644,10504500.0
2016-03-11,1.4723880588031737,1.516068277093302,1.4687479773317196,1.5154613256454468,10131000.0
2016-03-14,1.5051482346643872,1.5178882484850955,1.481488085019021,1.4978681802749634,10215000.0
2016-03-15,1.48270102486414,1.4893749952316284,1.452367774218576,1.4893749952316284,10891500.0
2016-03-16,1.477848073079237,1.5366954624037272,1.462681012145346,1.5306284427642822,12388500.0
2016-03-17,1.523348401142348,1.5730956411194643,1.5106082781318535,1.563995599746704,10372500.0
2016-03-18,1.5737017474674446,1.629516007942054,1.5591416376683922,1.626482009887695,9391500.0
2016-03-21,1.6076754908880664,1.6355816929202087,1.5876554256629702,1.634368658065796,6912000.0
2016-03-22,1.615561709056131,1.6458957180211915,1.594328499426272,1.6301217079162598,6469500.0
2016-03-23,1.621628845205116,1.6228418802895803,1.5621755896058511,1.5646016597747805,7260000.0
2016-03-24,1.5294156567683297,1.5621758541564172,1.5093954758750163,1.5609618425369265,10165500.0
2016-03-28,1.5864416390795444,1.5864416390795444,1.5379084135999035,1.5591415166854858,8259000.0
2016-03-29,1.5433685751370847,1.6270890482292208,1.5160684491673162,1.6185959577560425,8484000.0
2016-03-30,1.6489287227887657,1.6956419540050147,1.6452886419887387,1.6671288013458252,8788500.0
2016-03-31,1.6519620635115886,1.662882091063207,1.635581967943638,1.638615965843201,6111000.0
2016-04-01,1.61495604463159,1.6719823690697224,1.585228870852664,1.6707693338394165,8401500.0
2016-04-04,1.6707690785984437,1.6725891735711569,1.6167757844087995,1.624661922454834,6859500.0
2016-04-05,1.585228758005499,1.6319421100394318,1.5712757078994672,1.5955418348312378,4804500.0
2016-04-06,1.5937215670254945,1.648321807483588,1.5530752420601026,1.6440757513046265,7842000.0
2016-04-07,1.618595622658964,1.6258756764399278,1.5512552607863437,1.5670284032821655,4113000.0
2016-04-08,1.6131358203584718,1.6349758753415249,1.5749155614165606,1.590688705444336,5931000.0
2016-04-11,1.616168907552237,1.6604560792481384,1.5882617235183716,1.5882617235183716,4776000.0
2016-04-12,1.5943287412625222,1.611315788859642,1.5215284104760367,1.5834087133407593,6948000.0
2016-04-13,1.614955712284163,1.6938221871717305,1.610708679598304,1.6913961172103882,8346000.0
2016-04-14,1.645895789627838,1.6580289598175966,1.5997886364001663,1.650141954421997,7392000.0
2016-04-15,1.6537822220745209,1.6537822220745209,1.604641930258361,1.605855941772461,4174500.0
2016-04-18,1.57734164607543,1.6216288163812935,1.57734164607543,1.6082818508148191,5779500.0
2016-04-19,1.615562043575383,1.623449050260937,1.5294155014166904,1.5470086336135864,7656000.0
2016-04-20,1.537908658600145,1.61434907856966,1.5348755281463582,1.5925089120864868,6774000.0
2016-04-21,1.5937217700321804,1.5937217700321804,1.5427614957209437,1.5646016597747805,3598500.0
2016-04-22,1.5682419322593957,1.61495615876872,1.536088685747425,1.5730959177017212,4846500.0
2016-04-25,1.5555013205155075,1.5840154521613816,1.533661267603999,1.5445812940597534,3564000.0
2016-04-26,1.5797684848121012,1.649535895919098,1.570668444309992,1.606461763381958,5229000.0
2016-04-27,1.5603557942519062,1.6640964578304889,1.5548958335506071,1.6580294370651243,7045500.0
2016-04-28,1.6234491855287927,1.6568163338769906,1.5142485657222629,1.524561643600464,8776500.0
2016-04-29,1.5112152976498563,1.5112152976498563,1.3704676376079783,1.4074747562408447,10438500.0
2016-05-02,1.4129345767798247,1.4426607672260925,1.3844204449487634,1.4365947246551514,4453500.0
2016-05-03,1.3983745757883796,1.414754671068737,1.3686474067445586,1.3886675834655762,4360500.0
2016-05-04,1.3528745005912612,1.3862406694518614,1.3261803505149694,1.3389204740524292,4780500.0
2016-05-05,1.377747488117101,1.3898805499153406,1.3364942101547752,1.3492342233657837,5563500.0
2016-05-06,1.3364945197950109,1.3553006885785328,1.300094241156654,1.3546946048736572,3399000.0
2016-05-09,1.3601545363022134,1.3862406496955,1.3389204549704634,1.3486274480819702,3502500.0
2016-05-10,1.3625803389844329,1.4001944010595848,1.338314108503278,1.3989804983139038,4980000.0
2016-05-11,1.3904873954715091,1.4262806030579032,1.383814293351274,1.3862403631210327,7488000.0
2016-05-12,1.4020148029170076,1.4044408732432827,1.2800740688829653,1.3128342628479004,8350500.0
2016-05-13,1.3176874209883052,1.3595476615326771,1.315867434112695,1.3286075592041016,6027000.0
2016-05-16,1.3371004567789762,1.419000830645903,1.3358874216538197,1.3904876708984375,8338500.0
2016-05-17,1.3892747625860808,1.4092948341069929,1.3528745931004,1.3631876707077026,4624500.0
2016-05-18,1.3371005384736774,1.4645012363094831,1.3371005384736774,1.4293149709701538,10564500.0
2016-05-19,1.412327735306798,1.4402348094324593,1.3668274223557333,1.4014075994491575,5457000.0
2016-05-20,1.4705679350392646,1.5354812507268107,1.457220862408758,1.531841278076172,9211500.0
2016-05-23,1.5755216302124566,1.606461834375578,1.5567154648079535,1.5652085542678833,6511500.0
2016-05-24,1.6016087400325956,1.6829022663318332,1.5925086990024937,1.6786561012268066,9954000.0
2016-05-25,1.7047422866613016,1.7199093468454365,1.6683421232828934,1.7083823680877686,10669500.0
2016-05-26,1.7277962720206856,1.7362893610285577,1.7017091857367328,1.7253693342208862,4302000.0
2016-05-27,1.725369485494782,1.7654097319415396,1.725369485494782,1.756916642189026,3603000.0
2016-05-31,1.7714765588974664,1.7908897839739304,1.7508495394292245,1.7854297161102295,4935000.0
2016-06-01,1.7860367565417012,1.820617043426824,1.761162702994804,1.8163700103759768,4663500.0
2016-06-02,1.796956628060123,1.8151568174362185,1.781182617123922,1.8151568174362185,3682500.0
2016-06-03,1.8600499126729773,1.8691499528900464,1.7987766773802396,1.832142949104309,4863000.0
2016-06-06,1.8430629347261909,1.864297013563688,1.8078767838465624,1.8181898593902588,4572000.0
2016-06-07,1.8418505716321465,1.8812838781074943,1.8418505716321465,1.8715778589248653,5604000.0
2016-06-08,1.8697571777100848,1.8831033838301448,1.8515570956704288,1.8667231798172,4368000.0
2016-06-09,1.825470537934745,1.8770376689885688,1.809697389273056,1.8740038871765137,5599500.0
2016-06-10,1.8145501128161496,1.8145501128161496,1.7611628946576054,1.7799699306488037,5686500.0
2016-06-13,1.747816466376013,1.8145497713907737,1.74296248224359,1.7557024955749512,5010000.0
2016-06-14,1.729616274515254,1.7648025336984623,1.702922236570689,1.7508494853973389,6199500.0
2016-06-15,1.7781493070669152,1.7914963780290385,1.743569137284225,1.7514561414718628,3606000.0
2016-06-16,1.6883620909842585,1.7538824679516487,1.6604558865189178,1.74963641166687,7249500.0
2016-06-17,1.7405366392150714,1.7532766542076053,1.6689492322525543,1.7059564590454102,3912000.0
2016-06-20,1.7884626851100962,1.8266829420722768,1.760556479984568,1.7635895013809204,5973000.0
2016-06-21,1.7902828697030948,1.7927099162788842,1.7605566748793815,1.781789779663086,2568000.0
2016-06-22,1.779969434801834,1.8321428438420528,1.7690494088649482,1.773902416229248,3489000.0
2016-06-23,1.8479169631603976,1.9134373396329043,1.8327497955122525,1.912223219871521,5671500.0
2016-06-24,1.6531762890524904,1.7514568816406495,1.5749158774439935,1.5894759893417358,11479500.0
2016-06-27,1.533055401494017,1.533055401494017,1.3710745340888315,1.4001946449279783,11446500.0
2016-06-28,1.4669281918795427,1.5209214935738882,1.4566151144617163,1.5124284029006958,14646000.0
2016-06-29,1.5682417090700815,1.6198089373531546,1.5488285905714183,1.603428840637207,9870000.0
2016-06-30,1.6131356664618162,1.6907891035079956,1.597361547609516,1.6907891035079956,5794500.0
2016-07-01,1.642255883974868,1.660455965446249,1.628301858990096,1.6361888647079468,4080000.0
2016-07-05,1.6022158189218902,1.6028219025744548,1.5233484649449398,1.5536816120147705,4137000.0
2016-07-06,1.522135158805857,1.5670284080820078,1.4748148633251672,1.560355305671692,6273000.0
2016-07-07,1.5706684645613809,1.6507489521897063,1.5706684645613809,1.6173818111419678,6213000.0
2016-07-08,1.6647020215418404,1.7550964537738054,1.6628820350913385,1.7532764673233032,9957000.0
2016-07-11,1.790889916977317,1.8333571025732145,1.787856786785652,1.810909986495972,9292500.0
2016-07-12,1.85762333219762,1.9006974716698497,1.853377383617426,1.8849234580993648,6894000.0
2016-07-13,1.9049430259735365,1.924357006709138,1.8794627864638105,1.889776945114136,5205000.0
2016-07-14,1.9419508875465523,1.9474109561825,1.8946305819845,1.9310307502746584,6063000.0
2016-07-15,1.933457532849668,1.9377036980992408,1.904943505883247,1.926783561706543,4302000.0
2016-07-18,1.9850245639448985,2.0232446182563075,1.9832044683748573,2.0135385990142822,5875500.0
2016-07-19,2.0007974766467687,2.0074705781548587,1.9734973599363776,1.989877343177796,3187500.0
2016-07-20,2.012323425880369,2.1027178327812104,2.007470419321764,2.085730791091919,6294000.0
2016-07-21,2.088158584882534,2.09665156680604,2.016571284726532,2.042051315307617,5059500.0
2016-07-22,2.02870495595824,2.075419302011641,1.9844186337711704,2.0742053985595703,5407500.0
2016-07-25,2.079664417476492,2.120918676505013,2.079664417476492,2.107571601867676,4806000.0
2016-07-26,2.168238595044212,2.382999579240894,2.168238595044212,2.3647994995117188,15642000.0
2016-07-27,2.4175802547166905,2.4212202278630484,2.307165638643543,2.350239992141724,8205000.0
2016-07-28,2.3053458920147736,2.362373081395477,2.279259669434081,2.313232898712158,5161500.0
2016-07-29,2.3156597229260494,2.3314328676960514,2.251959433000088,2.278045654296875,5205000.0
2016-08-01,2.308380031267861,2.315659978420637,2.264699697464828,2.29017972946167,3016500.0
2016-08-02,2.2762256426804446,2.2762256426804446,2.1433649897143074,2.1803719997406006,7983000.0
2016-08-03,2.142152019103696,2.1955392360687256,2.142152019103696,2.1955392360687256,4182000.0
2016-08-04,2.2119192875069413,2.2543857175712114,2.196145273388695,2.252565622329712,5209500.0
2016-08-05,2.295032816479422,2.344172999194837,2.284112679448391,2.3387129306793213,5161500.0
2016-08-08,2.360553114404181,2.3787531974513167,2.3180858200366576,2.3290059566497803,3063000.0
2016-08-09,2.3435657788772075,2.4103000594133754,2.342959586833324,2.389065980911255,3786000.0
2016-08-10,2.3981664057004166,2.3999862838962254,2.307772830073996,2.333859920501709,5244000.0
2016-08-11,2.3508461350015644,2.3751131306201185,2.326580007231471,2.3672261238098145,2359500.0
2016-08-12,2.366012491362558,2.413939844427198,2.366012491362558,2.397559642791748,4086000.0
2016-08-15,2.4200064924086258,2.514040910388317,2.4175804220420734,2.497053861618042,4903500.0
2016-08-16,2.493413940878164,2.493413940878164,2.4345666543795024,2.443666696548462,2446500.0
2016-08-17,2.4515536648434297,2.4515536648434297,2.402413481298496,2.442453622817993,3484500.0
2016-08-18,2.4303205033735256,2.4964470863342285,2.4303205033735256,2.4964470863342285,3172500.0
2016-08-19,2.504940497345941,2.5783470144346468,2.49766055162777,2.5613608360290527,4912500.0
2016-08-22,2.553473386713364,2.5850205358840923,2.5322401792311595,2.5643935203552246,3501000.0
2016-08-23,2.6001877331875827,2.6365879050068823,2.5977616625602824,2.6056478023529053,4677000.0
2016-08-24,2.60564721070559,2.619601344405784,2.515253644782451,2.538306951522827,4705500.0
2016-08-25,2.567427388934993,2.6020076803711576,2.5128271343156943,2.5692474842071533,3475500.0
2016-08-26,2.5856268269973834,2.6602472430951787,2.548013631415796,2.605041027069092,3075000.0
2016-08-29,2.620207866801504,2.663888202367234,2.620207866801504,2.631734848022461,5029500.0
2016-08-30,2.636586576736386,2.6784467966324934,2.587446412928794,2.608680486679077,4834500.0
2016-08-31,2.613534180908484,2.6220273787189377,2.568640820040359,2.6105010509490967,2962500.0
2016-09-01,2.615354447557885,2.6790547370910645,2.57410105689461,2.6790547370910645,5970000.0
2016-09-02,2.709994719344176,2.709994719344176,2.6287014104924054,2.664494514465332,4899000.0
2016-09-06,2.708781690094388,2.708781690094388,2.6038271462780176,2.64204740524292,2661000.0
2016-09-07,2.649327124126468,2.660854101142772,2.57106674129316,2.5838067531585693,4519500.0
2016-09-08,2.560147083105788,2.591087179663067,2.525566796514162,2.5722811222076416,4620000.0
2016-09-09,2.5146460413037786,2.5146460413037786,2.276224738384056,2.2889647483825684,7638000.0
2016-09-12,2.239219034653384,2.4327461771957712,2.214344982469765,2.4260730743408203,7582500.0
2016-09-13,2.3848195131534724,2.4503398825442804,2.322332273217558,2.355699300765991,4434000.0
2016-09-14,2.362980072069244,2.4394203781078927,2.3338598521678025,2.4230403900146484,5754000.0
2016-09-15,2.435173516988093,2.6044343310024627,2.423040345375145,2.5904812812805176,11305500.0
2016-09-16,2.657214741077444,2.6620677494404177,2.532240880284561,2.5916943550109863,5265000.0
2016-09-19,2.651147492631436,2.716061900597066,2.575921093248117,2.6044342517852783,5494500.0
2016-09-20,2.6402266438820217,2.6511465592456016,2.5467999781202195,2.5716731548309326,3736500.0
2016-09-21,2.6050413766514366,2.682694715965783,2.571067281334058,2.672381639480591,3955500.0
2016-09-22,2.717881325301556,2.7530675811283496,2.6772341344521613,2.7033212184906006,4545000.0
2016-09-23,2.6978624345246,2.6978624345246,2.605647882032142,2.617174863815308,2404500.0
2016-09-26,2.572281208346112,2.5856271981590324,2.507973858118358,2.5358810424804688,2850000.0
2016-09-27,2.5298138905827865,2.6729878315893894,2.517680719036495,2.672381639480591,4380000.0
2016-09-28,2.688761511478679,2.730014680163825,2.6390142776098604,2.689974546432495,4860000.0
2016-09-29,2.689974350889306,2.837395079095055,2.6026137104335474,2.7888617515563965,12943500.0
2016-09-30,2.850135734052091,2.9720764656865093,2.8446756656716965,2.918689250946045,7447500.0
2016-10-03,2.924149294385137,2.9781435726461574,2.844069009421057,2.858022928237915,3537000.0
2016-10-04,2.9047354037002338,2.920508545715774,2.805848000479783,2.836182117462158,4381500.0
2016-10-05,2.8634827054259846,2.960549378890146,2.850742690973682,2.902308940887451,3516000.0
2016-10-06,2.905342882493988,2.956909131406981,2.8416425945066446,2.9526631832122803,4366500.0
2016-10-07,2.97207602058647,2.9896690412700706,2.858628504575853,2.935675859451294,4740000.0
2016-10-10,2.979963653783777,3.014543727363302,2.890176266985455,2.891996145248413,4125000.0
2016-10-11,2.878648547983444,2.8804686428787507,2.6335542960092044,2.711207628250122,11005500.0
2016-10-12,2.7112066561387804,2.7112066561387804,2.6032201110709368,2.6808736324310303,4563000.0
2016-10-13,2.607466899172647,2.6123207742655103,2.455800008598893,2.5838067531585693,7308000.0
2016-10-14,2.6784471974095707,2.736081433265165,2.637801090944257,2.646901130676269,8758500.0
2016-10-17,2.6341606653593512,2.6814809545089155,2.5995806042622367,2.602006673812866,3201000.0
2016-10-18,2.7227351428757216,2.726981959142072,2.674201804533985,2.6972548961639404,3852000.0
2016-10-19,2.62445492072295,2.669955135018542,2.5838077154794705,2.657215118408203,4539000.0
2016-10-20,2.652361567467691,2.7409352637200053,2.5953343788487406,2.714241981506348,4458000.0
2016-10-21,2.644474288664455,2.7021076634838463,2.614747228338452,2.692401647567749,3619500.0
2016-10-24,2.75428226137001,2.84588865141044,2.7488221930843943,2.842248678207397,4044000.0
2016-10-25,2.8677286892898755,2.873188540165472,2.817375260694128,2.8355753421783447,4288500.0
2016-10-26,2.781582073686445,2.871975418464712,2.7676279406319537,2.81919527053833,4497000.0
2016-10-27,2.903523115595452,2.9265764255806737,2.770662456529713,2.7815825939178467,4950000.0
2016-10-28,2.78886228382906,2.8659087797198364,2.720914961420572,2.7336549758911133,5382000.0
2016-10-31,2.788254653406605,2.814947928945576,2.762167569849037,2.7767276763916016,2971500.0
2016-11-01,2.800388029427846,2.841642282407411,2.606254056702743,2.698467493057251,5791500.0
2016-11-02,2.706961735058224,2.753674973757918,2.6232412734989405,2.6444742679595947,6438000.0
2016-11-03,2.6572146144901736,2.702107760216379,2.601401115656988,2.6268813610076904,5181000.0
2016-11-04,2.5789546673026225,2.652361852155576,2.5255672292965974,2.580774545669556,2907000.0
2016-11-07,2.7275884352949564,2.8070627478746863,2.69422204647328,2.8040287494659424,3789000.0
2016-11-08,2.80888267947091,2.871369070688227,2.751855272057468,2.82222867012024,4149000.0
2016-11-09,2.6268812878910373,2.805848324608488,2.590481124370706,2.7773351669311523,8143500.0
2016-11-10,2.8410357567751148,2.885322930872377,2.519500944642761,2.6032214164733887,11700000.0
2016-11-11,2.6899751229689755,2.91080329114611,2.6875479677307674,2.8968491554260254,8976000.0
2016-11-14,2.9120160041826955,2.9441691359464244,2.8252624082629554,2.848315715789795,3526500.0
2016-11-15,2.898668861231205,3.033349597960504,2.862875540266776,3.012723445892334,5700000.0
2016-11-16,2.999376273683843,3.1243499054036894,2.9902762329988177,3.117069959640503,6178500.0
2016-11-17,3.203824717759526,3.262064940191153,3.09705007262611,3.2189908027648926,4744500.0
2016-11-18,3.2359776862101777,3.298464938654313,3.1977574269212248,3.2851178646087646,3157500.0
2016-11-21,3.313024912123578,3.363378340485456,3.280264722211728,3.328798055648804,4183500.0
2016-11-22,3.42465237198137,3.46833248928595,3.393712053848322,3.462266445159912,5646000.0
2016-11-23,3.4501320873418964,3.492599382452328,3.410698790345376,3.4762191772460938,3952500.0
2016-11-25,3.5089787648391995,3.5089787648391995,3.44406544912367,3.490778684616089,1351500.0
2016-11-28,3.473186151027071,3.505946343412374,3.44103193378884,3.4616589546203613,2221500.0
2016-11-29,3.447099014682868,3.4974522291936623,3.3894656369851552,3.441638946533203,1993500.0
2016-11-30,3.446491287199062,3.4592312991059955,3.3755108489254804,3.379757881164551,1819500.0
2016-12-01,3.367625214120254,3.374905376982326,2.825262301784633,2.8798625469207764,10963500.0
2016-12-02,2.868335650778361,3.0036234494442384,2.839215432415368,2.99148941040039,6096000.0
2016-12-05,3.0667164258808253,3.1273837956185058,3.0066561160330174,3.100689649581909,6199500.0
2016-12-06,3.132237476818739,3.23840507124407,3.131024441588556,3.2293050289154053,4474500.0
2016-12-07,3.2153506218248427,3.4519519034121955,3.1892644018778507,3.4337518215179443,6499500.0
2016-12-08,3.4422455510532126,3.5763194396338505,3.4422455510532126,3.521718978881836,7072500.0
2016-12-09,3.6218196046848097,3.6272796723987706,3.405845352691667,3.4774317741394043,5371500.0
2016-12-12,3.4349661761901045,3.454986355691735,3.313025437890914,3.398566007614136,3918000.0
2016-12-13,3.445886008170294,3.582992820339256,3.4167657891053307,3.513226270675659,6130500.0
2016-12-14,3.518686219642561,3.572679622846084,3.468331921609926,3.5053391456604004,5143500.0
2016-12-15,3.5380995664311548,3.735267785748929,3.528392464838123,3.689767360687256,7221000.0
2016-12-16,3.761353873160224,3.772273575574381,3.523539330484169,3.5696465969085693,4263000.0
2016-12-19,3.640019706963257,3.721920289225662,3.5914863741177387,3.68066668510437,4107000.0
2016-12-20,3.809953793818028,3.809953793818028,3.73685619824138,3.783893346786499,5374500.0
2016-12-21,3.814403548714901,3.830293549573201,3.768638245822298,3.783893346786499,2376000.0
2016-12-22,3.9199166819705233,3.936443627435369,3.7972412102311344,3.844913482666016,3078000.0
2016-12-23,3.820125080232887,3.905298976990461,3.808683695163624,3.902121067047119,1362000.0
2016-12-27,3.9129258285038855,4.067383139858588,3.9091118825074,4.044500827789307,4866000.0
2016-12-28,4.123953807332917,4.126496589411572,3.803597135843413,3.809317827224731,8050500.0
2016-12-29,3.7711801790895794,3.810589664125792,3.6879132725949777,3.808682918548584,5998500.0
2016-12-30,3.890042745518272,3.906568782674124,3.597653730444499,3.629435777664185,5214000.0
2017-01-03,3.726687246032316,3.792156274472895,3.5398125254482125,3.635156631469727,6211500.0
2017-01-04,3.684099258683621,3.715880167634569,3.614180486109509,3.668208122253418,3565500.0
2017-01-05,3.677742879895349,3.727957939222867,3.549346704396885,3.567143678665161,3568500.0
2017-01-06,3.5919334420374605,3.681556856671375,3.517564902586806,3.652953624725342,4870500.0
2017-01-09,3.686642768231329,3.814404056925254,3.6860067316612,3.770545721054077,5397000.0
2017-01-10,3.76927334079925,3.851269313822147,3.762281940099818,3.827751874923706,3775500.0
2017-01-11,3.816310164899615,3.8639824390411377,3.7794434637774006,3.8639824390411377,3205500.0
2017-01-12,3.838556817621747,3.838556817621747,3.593204733571314,3.764188289642334,5007000.0
2017-01-13,3.775629883372112,3.867160489397172,3.7648245372764673,3.835379123687744,4092000.0
2017-01-17,3.7997840956400095,3.7997840956400095,3.614181429410881,3.6510472297668457,4072500.0
2017-01-18,3.661852447672547,3.810589271320871,3.661216411242519,3.8035967350006095,3651000.0
2017-01-19,3.748933755081025,3.877331075743117,3.74257725401846,3.751476764678955,2694000.0
2017-01-20,3.8519056226659183,3.963141097933537,3.8461849306890334,3.8970351219177246,4134000.0
2017-01-23,3.839827640806384,3.8766945696215127,3.731771454878667,3.8201241493225098,4033500.0
2017-01-24,3.862709583531871,4.061025621847228,3.862709583531871,4.047042369842529,4725000.0
2017-01-25,4.204042936451486,4.251714757363243,4.112512331067951,4.225018501281738,5010000.0
2017-01-26,4.2409100200938,4.250444658426684,4.095350845170744,4.151286602020264,3685500.0
2017-01-27,4.218027232434084,4.31019388710679,4.210399794584751,4.308921813964844,3610500.0
2017-01-30,4.242181152918696,4.245359971855162,4.07946081224255,4.240273952484131,7095000.0
2017-01-31,4.169084198230517,4.180525582205351,3.998099929809028,4.075011253356934,6417000.0
2017-02-01,4.234552407313847,4.280317934337767,4.143658298980072,4.268876552581787,5668500.0
2017-02-02,4.182431259998864,4.306378797015085,4.11060506485143,4.258070945739746,4839000.0
2017-02-03,4.317184507555392,4.352144690080141,4.281589652484191,4.331803798675537,2787000.0
2017-02-06,4.362314304733047,4.383925906653742,4.27650438818728,4.376934051513672,4750500.0
2017-02-07,4.448759817927645,4.471006547149705,4.351508972870897,4.425241470336914,4060500.0
2017-02-08,4.474820102232049,4.502152393269019,4.378840883925076,4.446852684020996,3667500.0
2017-02-09,4.4703714972434,4.4703714972434,4.312100243940989,4.330533027648926,5070000.0
2017-02-10,4.422063879454902,4.422063879454902,4.1913308239037805,4.3203630447387695,5946000.0
2017-02-13,4.366128346237225,4.4385901435001225,4.32799070177357,4.3508734703063965,4624500.0
2017-02-14,4.33561926063441,4.347696684603875,4.233919758378607,4.30510950088501,3199500.0
2017-02-15,4.327990704999976,4.425878053281533,4.2796837493952005,4.412529468536377,3541500.0
2017-02-16,4.427147514957601,4.455115840455485,4.3489655021716,4.429054260253906,2700000.0
2017-02-17,4.37502730584485,4.500245571136475,4.314006900540643,4.500245571136475,3577500.0
2017-02-21,4.588597947924943,4.695383422399019,4.564443565606521,4.693476676940918,4737000.0
2017-02-22,4.696655560151312,4.714453218694411,4.63563514647114,4.694112777709961,2751000.0
2017-02-23,4.647711580420769,4.661059707834211,4.372484195358741,4.460836887359619,7501500.0
2017-02-24,4.2447235637077405,4.454480586131674,4.200865231737264,4.45320987701416,5176500.0
2017-02-27,4.462107419609841,4.586690998018965,4.426512566129422,4.581605434417725,3328500.0
2017-02-28,4.601947361494567,4.601947361494567,4.374392185016816,4.404266357421875,4711500.0
2017-03-01,4.570163721155774,4.62737016992469,4.433504098637141,4.610844135284424,4848000.0
2017-03-02,4.647076025826744,4.673136246903123,4.454480621812834,4.467828750610352,4126500.0
2017-03-03,4.474819055943419,4.48181136349775,4.378203823779668,4.459563732147217,3142500.0
2017-03-06,4.38837549889192,4.490711454679045,4.309557436326792,4.46655797958374,3381000.0
2017-03-07,4.441768685364593,4.584149033957606,4.403631043280406,4.497703075408936,4263000.0
2017-03-08,4.562535924101842,4.638176056025819,4.500880408003448,4.530754566192627,4267500.0
2017-03-09,4.518678645003228,4.57652113888713,4.4436749867794365,4.552367210388184,2389500.0
2017-03-10,4.632456864324141,4.739877479625488,4.632456864324141,4.709367275238037,4827000.0
2017-03-13,4.748776049988209,4.821872500393552,4.726528414706547,4.818694591522217,4614000.0
2017-03-14,4.771659043464407,4.777379734891343,4.652796596502991,4.774200916290283,4156500.0
2017-03-15,4.808525996605399,4.91404033556177,4.722716063210386,4.889886856079102,4375500.0
2017-03-16,4.954084805742699,4.954084805742699,4.841578618847836,4.8708176612854,2938500.0
2017-03-17,4.916583621660482,4.927388970213396,4.86128389635928,4.897514343261719,2268000.0
2017-03-20,4.923574985398198,5.060234660648072,4.8943359406684985,5.006842136383057,3282000.0
2017-03-21,5.069768904460433,5.078032378961194,4.627371594616281,4.658517837524414,8511000.0
2017-03-22,4.664872574140417,4.819965427806248,4.619107507045289,4.807252883911133,4558500.0
2017-03-23,4.80534786193981,4.837764815033594,4.731615353689152,4.770388126373291,3840000.0
2017-03-24,4.969339681583509,5.047522170518259,4.817425141205984,4.8708176612854,5841000.0
2017-03-27,4.709366959682883,4.930565358374623,4.670594193192165,4.896241664886475,7363500.0
2017-03-28,4.92484524315058,4.997943075590318,4.853019938484293,4.945186138153076,4147500.0
2017-03-29,4.945186091177479,4.945186091177479,4.862554075908162,4.90386962890625,3456000.0
2017-03-30,4.8956071731743,5.014469179415782,4.8956071731743,4.987772464752197,5355000.0
2017-03-31,4.999849230612828,5.053242198309692,4.926116734226473,4.978237628936768,3334500.0
2017-04-03,5.006841300877731,5.027816866962077,4.791999166415445,4.891793251037598,4821000.0
2017-04-04,4.80089681187774,4.910225057637412,4.767844741937837,4.8167877197265625,3976500.0
2017-04-05,4.870816137604011,4.951540474411389,4.703645409770029,4.712544918060303,5608500.0
2017-04-06,4.709366823552009,4.762759789768146,4.59050529081263,4.730342388153076,5905500.0
2017-04-07,4.73224921395101,4.83522073792963,4.702375051328776,4.793269157409668,2850000.0
2017-04-10,4.797084465117552,4.806619103931143,4.647076663706943,4.682036399841309,3631500.0
2017-04-11,4.624829623400457,4.624829623400457,4.357865664644088,4.568258285522461,7803000.0
2017-04-12,4.539017643213506,4.546009495882546,4.300021670641992,4.3273539543151855,8232000.0
2017-04-13,4.2612492925822645,4.43731818956543,4.240909310083749,4.244087219238281,4864500.0
2017-04-17,4.283496584682407,4.411257615129678,4.283496584682407,4.409985542297363,5293500.0
2017-04-18,4.348965972738718,4.473549104973288,4.319091807984993,4.462743759155273,3120000.0
2017-04-19,4.568893496668512,4.659152942541034,4.5129581998935295,4.5358405113220215,3657000.0
2017-04-20,4.634999391999728,4.773567177071521,4.5695303553129385,4.753226280212402,5005500.0
2017-04-21,4.706825709001619,4.7157243108194296,4.569530007629284,4.6864848136901855,5757000.0
2017-04-24,4.890521380451305,4.932472968993226,4.826323061135916,4.887979507446289,7372500.0
2017-04-25,4.982688645828195,5.060235111169233,4.921668677612128,5.040531158447266,4311000.0
2017-04-26,5.022730643980723,5.037985513709786,4.857467585158148,4.910860538482666,5542500.0
2017-04-27,5.016375617568553,5.139052017199233,4.981416794465455,5.119983196258545,5331000.0
2017-04-28,5.080575275755412,5.080575275755412,4.81488246923566,4.85874080657959,7579500.0
2017-05-01,4.913403415102803,5.005569597914839,4.819966068659531,5.000484943389893,5449500.0
2017-05-02,4.95789607581937,4.95789607581937,4.760851214243091,4.839669704437256,4305000.0
2017-05-03,4.779922272983308,4.914040067295148,4.765303433403317,4.893064498901367,2863500.0
2017-05-04,4.913403615421219,4.932472434576676,4.823145083649201,4.880986213684082,2571000.0
2017-05-05,4.91912319264154,4.938827589176249,4.804075176557675,4.933106899261475,2940000.0
2017-05-08,4.921030423719671,4.955354111961609,4.847933974913243,4.878443717956543,1861500.0
2017-05-09,4.878445419803099,5.063413415688823,4.878445419803099,5.026546478271484,4875000.0
2017-05-10,5.196895387917854,5.371057133189733,5.194352605250818,5.344996452331543,6981000.0
2017-05-11,5.3062208424014665,5.472119961389041,5.196893502570059,5.399023056030273,3789000.0
2017-05-12,5.419998209669313,5.467670017805923,5.35579900478103,5.447965621948242,3030000.0
2017-05-15,5.485467508935212,5.709208637742027,5.469577511550512,5.69776725769043,3984000.0
2017-05-16,5.760695950374521,5.953291354268504,5.697768797718815,5.952020645141602,4143000.0
2017-05-17,5.717473524683264,5.775315111697827,5.170833110809326,5.170833110809326,14551500.0
2017-05-18,5.224861817742553,5.507716670433324,5.1485865357463405,5.467036247253418,12283500.0
2017-05-19,5.618949495526926,5.700945450469514,5.599880679369032,5.646917819976807,6928500.0
2017-05-22,5.728278878374274,5.833793651934667,5.711116804026268,5.827436923980713,5236500.0
2017-05-23,5.84015004922512,5.8477779422647895,5.613866951872449,5.760061264038086,4482000.0
2017-05-24,5.854133103363504,5.900534216211018,5.790569916395545,5.867481231689453,3240000.0
2017-05-25,5.950112940798159,6.021938688349797,5.847776537689409,5.966002941131592,3831000.0
2017-05-26,5.964732035672352,6.041643344587044,5.831250308847644,6.037829399108887,4323000.0
2017-05-30,6.034016199375718,6.2024567522547,6.031473417388776,6.15859842300415,4041000.0
2017-05-31,6.290808830971525,6.323861811108293,6.065160479174572,6.156691074371338,6340500.0
2017-06-01,6.184025377659058,6.216442331940272,6.061348962339687,6.171947956085205,3088500.0
2017-06-02,6.278731960605181,6.384882764433204,6.148429047208835,6.355643272399902,5817000.0
2017-06-05,6.356914956384,6.5050169009825884,6.337211008745093,6.410943508148193,4200000.0
2017-06-06,6.325133277175181,6.598453931932746,6.306700494210718,6.474506378173828,5025000.0
2017-06-07,6.548874515692434,6.689347643757923,6.512007588076129,6.626420497894287,6444000.0
2017-06-08,6.754818411886373,6.978558680521631,6.600360656565882,6.973474025726318,7707000.0
2017-06-09,7.11903230462433,7.187680136916589,5.685055717014399,6.094399929046631,32179500.0
2017-06-12,5.842692776594086,5.992065906524658,5.477842354288586,5.992065906524658,22534500.0
2017-06-13,6.289538583988918,6.292716493328761,5.88400734621397,6.107748985290527,14511000.0
2017-06-14,6.180846935986125,6.223433198320553,5.717474067633628,5.910704612731934,11181000.0
2017-06-15,5.60242336101734,5.829978442005387,5.596702670808393,5.768322467803955,8821500.0
2017-06-16,5.786121182349656,5.90752595321216,5.650096665097604,5.701582431793213,8154000.0
2017-06-19,5.878285772574455,6.054355108037296,5.875108318348001,6.026387691497803,11425500.0
2017-06-20,6.095672001151743,6.143979863659025,5.8185387375579065,5.82616662979126,8809500.0
2017-06-21,5.905618405424498,6.032108732890344,5.8318859145158255,6.024481296539307,6385500.0
2017-06-22,6.055627278404672,6.060712842703795,5.895448824534157,5.979351997375488,7081500.0
2017-06-23,5.956468311187043,6.133808357651933,5.925322985416992,6.0346503257751465,5433000.0
2017-06-26,6.181481663620354,6.236146252228435,5.784214797065645,5.8846435546875,11284500.0
2017-06-27,5.765146742101326,5.789300220906858,5.402838649742503,5.409194469451904,13833000.0
2017-06-28,5.521699424355279,5.707938993839162,5.344358909743487,5.685691356658936,9801000.0
2017-06-29,5.566831181555289,5.607510704990818,5.030996881773322,5.259186744689941,18418500.0
2017-06-30,5.31130538534848,5.391394584138672,5.107269125761794,5.180365562438965,8343000.0
2017-07-03,5.27380356442918,5.324018613360432,4.957896709442139,4.957896709442139,6811500.0
2017-07-05,5.021461780944144,5.291603670474489,5.021461780944144,5.2725348472595215,9180000.0
2017-07-06,5.089471177582425,5.334823434746517,5.046884022938298,5.202613353729248,8092500.0
2017-07-07,5.30812836107414,5.52233489043189,5.24647283327286,5.458137035369873,7816500.0
2017-07-10,5.517887038814705,5.688871783483789,5.4206357173734485,5.653911590576172,6774000.0
2017-07-11,5.642469894053152,5.795656503157079,5.58717017511447,5.786756992340088,7659000.0
2017-07-12,5.943120263479611,6.100120331157928,5.889727301514976,6.062618732452393,14623500.0
2017-07-13,6.099485963932929,6.205000290659267,5.949477720694421,6.0117692947387695,13311000.0
2017-07-14,6.101392745465498,6.255850517652153,6.056899283328919,6.2520365715026855,9894000.0
2017-07-17,6.2965315719881385,6.314964358748549,6.10457217423012,6.171947956085205,8266500.0
2017-07-18,6.0600766254308045,6.2297892570495605,5.989522038046945,6.2297892570495605,5998500.0
2017-07-19,6.324497969602542,6.40140928723559,6.267927090643396,6.39695930480957,6400500.0
2017-07-20,6.419207461637582,6.478955800175452,6.244409246352983,6.452259540557861,5653500.0
2017-07-21,6.306063273115164,6.32258930742089,6.185929687668688,6.286994457244873,6243000.0
2017-07-24,6.304157952381511,6.305429116132805,6.194194559073539,6.225339889526367,5100000.0
2017-07-25,6.196735683558217,6.260298864448228,6.021938413679244,6.221525192260742,6889500.0
2017-07-26,6.3575511936794245,6.503109906070709,6.30797216816541,6.407129764556885,7546500.0
2017-07-27,6.473871773904468,6.5024752367293015,5.89926382653258,6.117920398712158,19879500.0
2017-07-28,6.0244822044383,6.12681816538116,5.962826213255831,6.058170318603516,4975500.0
2017-07-31,6.070246828573698,6.152243253120004,5.863667721836888,5.922144889831543,6486000.0
2017-08-01,5.964733696888955,6.021304130554199,5.873203071649684,6.021304130554199,4021500.0
2017-08-02,6.120461869958595,6.162413461133459,5.765146554737461,5.892907619476318,8943000.0
2017-08-03,5.887821937297847,5.935494219712082,5.736542979502644,5.822988033294678,5614500.0
2017-08-04,5.852227519486978,5.968547660989321,5.780401754085565,5.829344749450684,3673500.0
2017-08-07,5.869387881825261,6.138258532634213,5.868751845388686,6.132537841796875,6843000.0
2017-08-08,6.129360226777167,6.2901733411898295,6.006683840745281,6.068339824676514,6391500.0
2017-08-09,5.912610565851499,6.028930226472881,5.847776671558811,6.008590698242188,4788000.0
2017-08-10,5.883374287351415,5.908798478316743,5.498183382244772,5.507081985473633,10722000.0
2017-08-11,5.444790025360481,5.631664756469871,5.393938923345151,5.597975730895996,5586000.0
2017-08-14,5.796927570425368,6.0492722491251065,5.796927570425368,6.031474590301514,6805500.0
2017-08-15,6.088680335684379,6.109019865301473,5.943757209092846,6.075967788696289,3964500.0
2017-08-16,6.12808913166144,6.176397450222239,6.011769454647997,6.103299617767334,4659000.0
2017-08-17,5.987616502756229,6.068976452830108,5.617044925689697,5.617044925689697,8376000.0
2017-08-18,5.727007560308794,5.793748195726805,5.57382098047466,5.668529033660889,5275500.0
2017-08-21,5.688871019583027,5.691412892637891,5.425084972224525,5.547125339508057,6723000.0
2017-08-22,5.681877055456323,5.84459826855571,5.6570875471500015,5.810274124145508,4810500.0
2017-08-23,5.667258820480853,5.931679988568274,5.609416775206085,5.887186527252197,4038000.0
2017-08-24,5.974903165025992,5.974903165025992,5.776587517284979,5.880194187164307,3655500.0
2017-08-25,5.927865126716287,5.974902272303834,5.758788544998195,5.792476654052734,3156000.0
2017-08-28,5.809639052560255,5.859854113937602,5.747983971722348,5.837607383728027,2274000.0
2017-08-29,5.617044103914609,5.917696617338184,5.61386619444069,5.878922939300537,3357000.0
2017-08-30,5.924053239745947,6.19737349558061,5.905619998387534,6.178304672241211,6849000.0
2017-08-31,6.257756197482281,6.3797965432019135,6.203728561129779,6.359457015991211,6339000.0
2017-09-01,6.435733780043601,6.5418832411845615,6.389332660030201,6.44272518157959,4966500.0
2017-09-05,6.311785344513908,6.395688516412412,6.0066842238256175,6.170040130615234,7698000.0
2017-09-06,6.255850260532138,6.287632082986121,6.109655968571927,6.206907272338867,3603000.0
2017-09-07,6.260936377244207,6.3060654234257445,6.152244135184133,6.23551082611084,2992500.0
2017-09-08,6.198008389620604,6.229153264857299,5.943120967495203,6.004776954650879,4530000.0
2017-09-11,6.159234936560884,6.395688674653846,6.147793553324685,6.35691499710083,6217500.0
2017-09-12,6.441452567567054,6.496116236868064,6.327039665533106,6.442088603973389,4447500.0
2017-09-13,6.386153692761363,6.521542629362492,6.327676070596121,6.468149662017822,3481500.0
2017-09-14,6.378527289799822,6.667737538241732,6.356915684763259,6.558410167694092,4311000.0
2017-09-15,6.610529909091964,6.915631471366198,6.599724563108687,6.890841960906982,6129000.0
2017-09-18,7.018603005406759,7.295101111566616,7.014789514342575,7.1641621589660645,7929000.0
2017-09-19,7.235351773381896,7.314168912065524,7.091699839999313,7.238529682159424,4869000.0
2017-09-20,7.255057843884079,7.255057843884079,6.653118554500121,6.933430194854736,12088500.0
2017-09-21,6.916903979931708,6.925802581528499,6.665830479168946,6.848891258239746,4734000.0
2017-09-22,6.755452648844583,6.9772870668998745,6.738291030744024,6.946776866912842,3871500.0
2017-09-25,6.838722099073569,6.85079815593022,6.448445691280604,6.542519092559815,10708500.0
2017-09-26,6.752274815359986,6.766894106390419,6.459885812295892,6.531076431274414,7134000.0
2017-09-27,6.738291562353058,7.065640315253627,6.7204943610399805,6.988729000091553,7663500.0
2017-09-28,6.970295753808655,7.146364192121258,6.906096534719994,7.145729064941406,4728000.0
2017-09-29,7.194037596832231,7.343410722516866,7.1152204332277655,7.326248645782471,6090000.0
2017-10-02,7.391080914186315,7.559522825155809,7.302728676899831,7.453372478485107,6615000.0
2017-10-03,7.499774467472161,7.588761842371621,7.416507329584267,7.527106761932373,4030500.0
2017-10-04,7.500409695125829,7.576685428619385,7.366291920629344,7.576685428619385,4509000.0
2017-10-05,7.659952202893265,7.687284040142682,7.467992396407532,7.5925750732421875,4539000.0
2017-10-06,7.468627259854569,7.691097259521484,7.468627259854569,7.691097259521484,2910000.0
2017-10-09,7.769913708309539,7.881785182651336,7.748937693211348,7.85191011428833,4219500.0
2017-10-10,8.039422929049767,8.044507584384982,7.760381554247907,8.004463195800781,5818500.0
2017-10-11,7.921194662200795,8.165276274863512,7.913567680100724,8.161462783813477,4752000.0
2017-10-12,8.13603768183569,8.244094790323862,8.059762396763965,8.078831672668457,4723500.0
2017-10-13,8.150656582698621,8.317190837582427,8.125231491735093,8.237737655639648,4167000.0
2017-10-16,8.326724217091847,8.357234870538022,8.183708313711273,8.355963706970215,4827000.0
2017-10-17,8.35024554524034,8.351515799850757,8.204050787350358,8.337532997131348,2974500.0
2017-10-18,8.380758580743683,8.457670390748191,8.083284292872936,8.41953182220459,6814500.0
2017-10-19,8.196422935241756,8.351514914604161,7.95551921937494,8.345794677734375,7495500.0
2017-10-20,8.507880119702191,8.597503531471434,8.434783655686918,8.465928077697754,4353000.0
2017-10-23,8.586698674497264,8.738613674816985,8.47165015582307,8.601954460144043,7243500.0
2017-10-24,8.673146789964184,8.806628120901353,8.563818487594345,8.777389526367188,5085000.0
2017-10-25,8.61339323538114,8.70492337516749,8.169725335388765,8.434782028198242,12625500.0
2017-10-26,8.47800529017111,8.631827007447463,8.444316724674337,8.586061477661133,5766000.0
2017-10-27,8.80344638434965,9.152406293972232,8.63945443976701,9.112361907958984,9070500.0
2017-10-30,8.803447095590787,9.306865262326337,8.803447095590787,9.198172569274902,7716000.0
2017-10-31,9.28016866388286,9.492469407613475,9.189910568999805,9.404752731323242,5248500.0
2017-11-01,9.640569614635451,9.648833089136216,9.064055877232908,9.317035675048828,7902000.0
2017-11-02,9.328477022546473,9.515350842167305,9.135245564998488,9.440346717834473,6831000.0
2017-11-03,9.542681522211948,9.94694064383518,9.346907779401722,9.943761825561523,11805000.0
2017-11-06,10.1999203911462,10.37662486149982,10.011138957310587,10.367090225219728,10276500.0
2017-11-07,10.3251414024094,10.402688764281203,10.12301179638984,10.338489532470703,8470500.0
2017-11-08,10.26538991264688,10.459255984652664,10.17894352083724,10.442729949951172,5565000.0
2017-11-09,10.136358187776478,10.164326516259464,9.428903778783464,9.807103157043455,17956500.0
2017-11-10,9.88464967735843,10.021309774635077,9.813459965083451,9.993341445922852,6489000.0
2017-11-13,9.84015712957867,10.11856200455034,9.788671358814945,10.074703216552734,5070000.0
2017-11-14,10.00033270537076,10.139536024657808,9.821721497689724,10.046732902526855,6117000.0
2017-11-15,9.783585815071223,9.911982451303702,9.534419525388532,9.780407905578612,8970000.0
2017-11-16,9.91579749114628,10.34166925421879,9.91579749114628,10.22089958190918,7363500.0
2017-11-17,10.37217667637854,10.404594078795425,10.036564906641384,10.085508346557615,6295500.0
2017-11-20,10.171317343431914,10.49485121016644,10.164960616184288,10.441458702087402,6471000.0
2017-11-21,10.678551679146976,10.841273405355146,10.581936847632043,10.815847396850586,9874500.0
2017-11-22,10.909918517107526,10.920087827244584,10.556508620925474,10.604817390441896,6756000.0
2017-11-24,10.695074245280624,10.909917264167944,10.691260754417184,10.8883056640625,6757500.0
2017-11-27,10.69380451784916,10.694441009018192,10.42429869923869,10.478326797485352,10698000.0
2017-11-28,10.587656795695738,10.60672607423336,10.29081817927588,10.468793869018556,9736500.0
2017-11-29,10.408406920343932,10.428110865887865,8.793276231726402,9.092657089233398,36519000.0
2017-11-30,9.404114784019864,9.528062341029417,9.077402971991408,9.261098861694336,14869500.0
2017-12-01,8.980789481835755,9.10855056174922,8.263165546159437,8.943922996520996,19072500.0
2017-12-04,9.25474237509234,9.276988648143275,8.120146987847974,8.294943809509277,23742000.0
2017-12-05,8.197693737532685,8.771030453134834,7.949799513754648,8.305750846862793,16374000.0
2017-12-06,8.073745331689713,8.43287540587601,7.9637815004246,8.38965129852295,10795500.0
2017-12-07,8.59114906369633,8.7138245717208,8.470379392376323,8.635007858276367,9966000.0
2017-12-08,8.908326463119883,8.948370853114755,8.48054890268898,8.501524925231934,9871500.0
2017-12-11,8.542839793112476,8.7227231065848,8.463386601442146,8.649624824523926,5599500.0
2017-12-12,8.580975563288264,8.580975563288264,8.365497892508833,8.390287399291992,5977500.0
2017-12-13,8.471012561222109,8.621656345655143,8.371854535086655,8.389016151428223,4125000.0
2017-12-14,8.378212904972333,8.532671152957304,8.30257409990447,8.369951248168945,5094000.0
2017-12-15,8.453851787717076,8.819337734768364,8.358508141553692,8.742426872253418,10255500.0
2017-12-18,9.0735900637547,9.337374741424217,8.94201460660129,9.331653594970703,15397500.0
2017-12-19,9.295457861715102,9.393425503552791,9.138964805291184,9.298003196716309,8127000.0
2017-12-20,9.55882296926661,9.621802024488398,9.243292497068536,9.492663383483888,8721000.0
2017-12-21,9.549917094604226,9.549917094604226,9.145323592976816,9.185401916503906,6909000.0
2017-12-22,9.040995027890382,9.177767848404857,8.970382701314826,9.16122817993164,3942000.0
2017-12-26,8.842517523468127,8.914402072372194,8.658032169747166,8.896589279174805,4524000.0
2017-12-27,8.84633464857959,9.12051553948088,8.843153207461096,8.986287117004395,2980500.0
2017-12-28,9.09570434389983,9.123694833790468,9.002190372212398,9.043540000915527,3168000.0
2017-12-29,9.06835231528727,9.10079555653356,8.77126974356983,8.772541046142578,4132500.0
2018-01-02,8.922036120759623,9.495844841003418,8.878141154641595,9.495844841003418,9237000.0
2018-01-03,9.590630590691694,9.985044573926196,9.56900116376548,9.968504905700684,9871500.0
2018-01-04,10.175889196273356,10.247138531923715,9.894074203874604,10.14344596862793,8502000.0
2018-01-05,10.254141392075978,10.437352754902015,10.093194660757552,10.326662063598633,7713000.0
2018-01-08,10.315847083935806,10.65555239518616,10.23251079425702,10.558856964111328,6538500.0
2018-01-09,10.611019935795202,10.6180171036986,10.201338439619482,10.255410194396973,9009000.0
2018-01-10,9.90298285158598,10.016217941139807,9.635162130939344,9.876264572143556,13269000.0
2018-01-11,9.99967549696845,10.064562864953762,9.845726910764853,10.051203727722168,5524500.0
2018-01-12,10.04675305595416,10.27258620286465,9.96278067649572,10.20706272125244,5019000.0
2018-01-16,10.436716694396075,10.669547991931276,10.125002751687315,10.316483497619627,9804000.0
2018-01-17,10.583663775479558,11.252896498536012,10.547402999627836,11.203911781311035,11496000.0
2018-01-18,11.123122905193323,11.530259983600509,11.097676837792877,11.363588333129885,9171000.0
2018-01-19,11.496543443446583,11.548071679535294,11.179738933387238,11.394123077392578,9315000.0
2018-01-22,11.439291761599684,11.658127784729004,11.269439560425353,11.658127784729004,5620500.0
2018-01-23,11.806987203568198,11.924039851636635,11.674031899543769,11.922767639160156,6738000.0
2018-01-24,11.583060768054445,11.675938636417095,10.850213699539966,11.102129936218262,18628500.0
2018-01-25,11.527079893863354,11.541711246675131,10.52386851170073,10.524503707885742,13167000.0
2018-01-26,10.941819114413336,11.530259153161984,10.878203040470847,11.522624969482422,12733500.0
2018-01-29,11.370585814089766,11.715379918257906,11.06077936824263,11.485729217529297,9184500.0
2018-01-30,10.884563913777036,11.182283396898017,10.752243840160046,10.786596298217772,11923500.0
2018-01-31,11.148567609309511,11.289157069004084,10.870569220450712,11.06332302093506,6891000.0
2018-02-01,10.75097387546919,11.381399664222467,10.693719771583837,10.899832725524902,6895500.0
2018-02-02,10.562672683520097,10.64918949695792,9.9875917271747,9.989500045776367,13788000.0
2018-02-05,9.73312913709736,10.231872748050687,8.524440117920918,8.652942657470703,16929000.0
2018-02-06,8.13638666332936,9.563276379382025,8.128753390176826,9.542283058166504,20614500.0
2018-02-07,9.408691055854163,9.590631055239582,8.90613082366875,8.907403945922852,12523500.0
2018-02-08,9.065805032204391,9.091887202248252,7.762329906039814,7.7801408767700195,17155500.0
2018-02-09,8.35649710098076,8.622409541486736,7.46270363790096,8.48881721496582,20676000.0
2018-02-12,8.725465611303218,9.10397612294859,8.540345046020306,8.936667442321777,14100000.0
2018-02-13,8.707651024824974,8.965929214342745,8.67202726284318,8.923306465148926,7440000.0
2018-02-14,8.71528776150426,9.575366260382888,8.71528776150426,9.522564888000488,11127000.0
2018-02-15,9.785293101471275,9.874353408813477,9.192398580408186,9.874353408813477,12339000.0
2018-02-16,9.692415860946332,10.119274029337989,9.687327011734936,9.7623929977417,7677000.0
2018-02-20,9.637708294888492,10.546769620414612,9.627528775148791,10.26813507080078,11586000.0
2018-02-21,10.452618373623707,10.46597751301885,9.901074291390175,9.920158386230469,9901500.0
2018-02-22,10.04166521352499,10.151720705405111,9.756669566088188,9.846367835998535,5809500.0
2018-02-23,10.102733625717452,10.485697746276855,10.073471832217985,10.485697746276855,8178000.0
2018-02-26,10.719165540484324,11.164472633870618,10.63074132002422,11.153021812438965,8653500.0
2018-02-27,11.114216177556392,11.612959811768508,11.04296773697118,11.049964904785156,10837500.0
2018-02-28,11.259895015869835,11.383944813920271,10.717256435161223,10.74588394165039,10170000.0
2018-03-01,10.765603856602077,10.880748165601696,9.860359317934556,10.22741985321045,14397000.0
2018-03-02,9.78847412878242,10.812678635501872,9.78847412878242,10.756061553955078,9610500.0
2018-03-05,10.597025474349495,11.20264227701789,10.432898239256785,11.04932975769043,8790000.0
2018-03-06,11.310785109753462,11.632678420553315,11.18037427376971,11.5487060546875,12933000.0
2018-03-07,11.212820745941691,11.695660851862664,11.196280164379592,11.639678955078123,9990000.0
2018-03-08,11.768817364717377,11.877599714876403,11.476187582855642,11.689298629760742,8625000.0
2018-03-09,11.890958979256398,12.420874579171665,11.869965654438955,12.41769313812256,12120000.0
2018-03-12,12.672155664119408,13.00422772215907,12.564010313320384,12.804475784301758,12079500.0
2018-03-13,13.03984563929576,13.295579366631054,12.034089232372244,12.206486701965332,22048500.0
2018-03-14,12.356622546793984,12.38588525264467,11.864876953134598,12.201401710510254,13102500.0
2018-03-15,12.296185190518546,12.417054444549583,11.981289933988206,12.16577434539795,7572000.0
2018-03-16,12.219850872414654,12.370618979662824,12.101526915216954,12.156235694885254,4693500.0
2018-03-19,11.84006696945513,11.970478753168493,10.94372870511253,11.452013969421388,17712000.0
2018-03-20,11.514357451516718,11.819074181463346,11.467281949597504,11.719834327697754,8823000.0
2018-03-21,11.637771686802248,12.235755261300488,11.527081005690324,11.79935359954834,9939000.0
2018-03-22,11.242714935348337,11.590690370964586,10.813312477918576,10.830489158630373,15714000.0
2018-03-23,10.768150773050666,10.838764023525965,9.747126579284668,9.747126579284668,16557000.0
2018-03-26,10.47806488485018,10.980624263935931,10.052478904576535,10.97299098968506,18847500.0
2018-03-27,11.298063188544232,11.308876992083254,9.479303922378898,9.74966812133789,23146500.0
2018-03-28,9.630707268358176,9.83109523010182,8.99010207881922,9.131327629089355,20061000.0
2018-03-29,9.34062384177084,9.97677550546648,9.10651948351697,9.721678733825684,17752500.0
2018-04-02,9.427774597844149,9.669512174706073,8.324686682502321,8.595687866210938,19338000.0
2018-04-03,8.962752625911117,9.147237128137284,8.628773112770139,9.088074684143066,15993000.0
2018-04-04,8.308784532361093,9.504751540343468,8.285883799334044,9.434774398803713,16759500.0
2018-04-05,9.631347321579444,9.665063685380296,8.944938576039595,9.14469051361084,13840500.0
2018-04-06,8.75090807012966,9.064531066092895,8.195547513450416,8.310054779052734,13326000.0
2018-04-09,8.631951282040129,9.18285936044204,8.448739933440836,8.462099075317383,16462500.0
2018-04-10,9.06325907668993,9.418231699775658,8.876866371263556,9.275733947753906,18669000.0
2018-04-11,9.13641669483956,9.523833452178376,9.042902744458472,9.279550552368164,10633500.0
2018-04-12,9.532106000383257,9.884535225559304,9.45513169010886,9.808197021484377,13927500.0
2018-04-13,10.169527933391896,10.188612023975608,9.462763185340425,9.577905654907228,14283000.0
2018-04-16,9.759850204051116,9.785297186802447,9.394063591103787,9.639617919921877,8299500.0
2018-04-17,9.825372774493715,10.245869002061072,9.7967461755425,10.182889938354492,12387000.0
2018-04-18,9.988227537118382,10.043573330083564,9.586816289182888,9.867359161376951,12802500.0
2018-04-19,9.348895207125596,9.35144054233938,8.498996221947197,8.593146324157715,33981000.0
2018-04-20,8.588056201535698,8.715286542444248,8.167559060310921,8.284611701965332,16249500.0
2018-04-23,8.411841836913307,8.434107373532937,7.888289133397083,7.951268196105957,16278000.0
2018-04-24,8.153563015693424,8.381304459187824,7.544128809390317,7.757875919342041,21633000.0
2018-04-25,7.874293561998653,7.902284056387259,7.357738443198249,7.730522632598877,20535000.0
2018-04-26,8.07404640626161,8.222906202615865,7.942362390246951,8.20254898071289,17655000.0
2018-04-27,8.496451950209353,8.52317023523845,7.906101614239476,8.021245956420898,13656000.0
2018-04-30,8.015518040670532,8.16183337464333,7.655456481103261,7.755331516265869,11466000.0
2018-05-01,7.697442684768945,8.165015311749874,7.678993785352662,8.138932228088379,13552500.0
2018-05-02,8.140838213361988,8.238805817984705,7.928999444022303,8.02696704864502,10189500.0
2018-05-03,7.824672877754248,8.27634102173119,7.64782262121338,8.172012329101562,15442500.0
2018-05-04,7.997705502986583,8.788442709729182,7.929000584657332,8.761087417602539,19219500.0
2018-05-07,8.908038666598463,9.122422796503166,8.850785479164738,9.000917434692383,14211000.0
2018-05-08,8.903586856816103,9.192399978637695,8.869235304766212,9.192399978637695,10398000.0
2018-05-09,9.274462116625394,9.59126660435738,9.189854548035948,9.589357376098633,12400500.0
2018-05-10,9.708317800310809,10.101460456848145,9.708317800310809,10.101460456848145,12277500.0
2018-05-11,9.902983857463669,10.14662983809703,9.80501621620846,9.860361099243164,11790000.0
2018-05-14,10.22551239507227,10.581122171624695,10.176529484836813,10.248414039611816,13374000.0
2018-05-15,10.011128099573869,10.114821595635489,9.673331152212054,9.8858060836792,10774500.0
2018-05-16,9.91506777901464,10.330475058980085,9.91506777901464,10.284671783447266,10854000.0
2018-05-17,10.17016797243445,10.432262863975058,9.943697761786243,10.164443016052246,8755500.0
2018-05-18,9.9169788144818,9.954511811654683,9.632619312697384,9.736948013305664,9588000.0
2018-05-21,10.18161653260143,10.32983926959102,9.77129805229247,10.041027069091797,13068000.0
2018-05-22,10.309483061463483,10.429716220144565,10.09001097643965,10.210243225097656,12891000.0
2018-05-23,9.923341304333825,10.375010457855623,9.834917066602946,10.373737335205078,9612000.0
2018-05-24,10.347651794507922,10.556945264060566,10.09573557569798,10.481244087219238,10362000.0
2018-05-25,10.464704129175557,10.76560323997244,10.409358349286112,10.739521980285645,9672000.0
2018-05-29,10.544859933965938,10.814588051338962,10.315209234006408,10.534045219421388,10375500.0
2018-05-30,10.680996629870124,10.974899535161237,10.586847452023788,10.742704391479492,12159000.0
2018-05-31,10.669546016297232,10.834310265822452,10.455163662101535,10.509872436523438,9567000.0
2018-06-01,10.743338189055562,11.2191791958023,10.665091683041656,11.21409034729004,17115000.0
2018-06-04,11.323512177640763,11.526444633315997,11.181650472549215,11.488275527954102,11950500.0
2018-06-05,11.577969246012556,11.748458409130594,11.447558404464669,11.640948295593262,9339000.0
2018-06-06,11.664486852725789,11.869328487172083,11.514354892955856,11.865510940551758,8950500.0
2018-06-07,11.895410358641335,11.94630248931298,11.29424729258832,11.550616264343262,9597000.0
2018-06-08,11.139026085058346,11.309515276766357,10.955178663950816,11.245899200439451,9820500.0
2018-06-11,11.171468809834778,11.348319965118623,11.056326319600808,11.16256332397461,6118500.0
2018-06-12,11.23890159767392,11.364859713082703,11.048692212286223,11.333687782287598,7593000.0
2018-06-13,11.335595384612102,11.650491563264662,11.25925719282452,11.294882774353027,8608500.0
2018-06-14,11.466009988987183,11.661944365835602,11.29234024108243,11.488275527954102,8094000.0
2018-06-15,11.202005021587103,11.488273721806738,11.148568464486218,11.466008186340332,10308000.0
2018-06-18,11.196279009246588,11.196279009246588,10.802502003860786,11.113579750061035,12819000.0
2018-06-19,10.645129163119735,10.759866974131024,10.2531080808674,10.74648094177246,14991000.0
2018-06-20,11.005282251975936,11.072849819890154,10.772619629592148,10.915404319763184,7033500.0
2018-06-21,11.140415709621037,11.14742787603339,10.464100009918594,10.506170272827148,9858000.0
2018-06-22,10.641942936939794,10.697399230131651,10.188728142989351,10.262669563293455,5146500.0
2018-06-25,9.88021148868872,9.896785369672784,8.969320071882871,9.356241226196287,16000500.0
2018-06-26,9.500301281451778,9.591453976488692,9.30652110531152,9.454405784606934,7869000.0
2018-06-27,9.594006361848814,9.68324600255566,8.754506686611677,8.7589693069458,12337500.0
2018-06-28,8.711161427209296,9.02796551784092,8.65697898058631,8.980157852172852,10029000.0
2018-06-29,9.18222459456824,9.34859444128635,9.019679069519045,9.019679069519045,8799000.0
2018-07-02,8.782550674838987,9.194332585855992,8.585583589309397,9.18604564666748,8422500.0
2018-07-03,9.272099400321247,9.33648001924712,8.652513906772516,8.66653823852539,7272000.0
2018-07-05,8.96677122795232,9.377914937317968,8.939360857053332,9.367715835571287,10789500.0
2018-07-06,9.328192158384248,9.7597339345021,9.216004810285156,9.721487998962402,14602500.0
2018-07-09,10.017261464105909,10.017261464105909,9.553846556644954,9.903160095214844,10915500.0
2018-07-10,9.943956188133876,10.281159396369194,9.909535471191788,10.212952613830566,11608500.0
2018-07-11,9.701731799568671,9.899336331128072,9.4027754545925,9.419986724853516,16504500.0
2018-07-12,9.383011053057812,9.65455783351329,9.16373453847578,9.622048377990724,13414500.0
2018-07-13,9.637987615360576,9.67495878808148,9.451220503068852,9.499027252197266,6973500.0
2018-07-16,9.511773149076454,9.652645632025338,9.44038037167986,9.4601411819458,6094500.0
2018-07-17,9.263816231699469,9.880213158114945,9.235131084467255,9.879576683044434,10303500.0
2018-07-18,9.994947148389889,10.149843053783249,9.89614583007294,10.093111991882324,9042000.0
2018-07-19,9.96945190071459,10.149207730720049,9.819655071758325,10.019171714782717,7416000.0
2018-07-20,9.937580378199492,10.05040604623232,9.720853369009962,9.87256145477295,6780000.0
2018-07-23,9.753362383844264,9.9643519904266,9.34094214833935,9.913994789123535,8800500.0
2018-07-24,10.080365327821536,10.249922056689828,9.551932504633324,9.594003677368164,10236000.0
2018-07-25,9.5487458037276,9.744437217712402,9.206444492053498,9.744437217712402,14748000.0
2018-07-26,9.912081110296864,10.286891822236992,9.90188201187614,10.274142265319824,16359000.0
2018-07-27,10.294542669249246,10.560988563902134,9.899971097484046,10.126259803771973,12807000.0
2018-07-30,10.106498487350008,10.207850268886803,9.681968848084312,9.838139533996582,10194000.0
2018-07-31,10.00833485186927,10.42649158656204,9.963715041283674,10.021720886230469,7806000.0
2018-08-01,10.08992557955919,10.292629143807885,9.854075170696488,9.966900825500488,6054000.0
2018-08-02,9.709380225267289,10.310478868011058,9.606116263130891,10.276057243347168,7603500.0
2018-08-03,10.279242891465866,10.364659092099076,10.135183467116937,10.32641315460205,4069500.0
2018-08-06,10.283705462588284,10.516368952472575,10.10267485892646,10.512544631958008,5463000.0
2018-08-07,10.627919966707292,10.787916823161195,10.538042042853055,10.770068168640137,5655000.0
2018-08-08,10.7165205898396,10.900738997989988,10.636203493979195,10.852293968200684,4932000.0
2018-08-09,10.723532203562293,10.731181754996266,10.503618314131526,10.516366958618164,6726000.0
2018-08-10,9.927383921408651,10.001963666503896,9.585082505432135,9.724042892456056,16897500.0
2018-08-13,9.774396492099129,10.030645102921104,9.73997578545186,9.762285232543944,9745500.0
2018-08-14,9.937578271518689,9.997497176090064,9.68706708014768,9.732961654663086,5463000.0
2018-08-15,9.523886919939349,9.586355388676845,9.019677462220718,9.332019805908203,12493500.0
2018-08-16,9.5315358177555,9.55002094644437,9.198157907871629,9.267001152038574,8014500.0
2018-08-17,8.994815940763427,9.130588430047196,8.656338973919379,9.05537223815918,12708000.0
2018-08-20,9.115290631462228,9.194332970783472,8.727732135067383,9.034337043762209,8164500.0
2018-08-21,9.140789330361468,9.632250099364724,9.099992929081232,9.569144248962402,10276500.0
2018-08-22,9.48181563869572,9.726589480942987,9.317994474627634,9.694717407226562,8587500.0
2018-08-23,9.69280525787083,9.940766946068054,9.649460222371182,9.727864265441896,7741500.0
2018-08-24,9.844512265270335,10.153667579737162,9.84196271872937,10.146018028259276,8875500.0
2018-08-27,10.345535430985072,10.852295231057932,10.306652107677827,10.62154483795166,16623000.0
2018-08-28,10.764967978145364,10.87460579394722,10.432228386530868,10.744569778442385,11250000.0
2018-08-29,10.743296446350891,10.919227978864264,10.627920310610993,10.83381175994873,7524000.0
2018-08-30,10.731182802163628,10.876516998751274,10.49087069336218,10.5291166305542,9526500.0
2018-08-31,10.45389987213596,10.749030893694338,10.45389987213596,10.70887279510498,4807500.0
2018-09-04,10.566725845825736,10.977869468542025,10.508081707033195,10.95492172241211,8767500.0
2018-09-05,10.900103374568577,11.020578591998078,10.518918732517054,10.797477722167969,6303000.0
2018-09-06,10.7012255802553,10.714611614901845,9.90443463389295,9.931206703186035,13224000.0
2018-09-07,9.816468326875633,10.246735395756076,9.73678859837006,9.810730934143066,8241000.0
2018-09-10,10.05168061476564,10.131997731302038,9.843240549916937,10.130722045898438,5392500.0
2018-09-11,9.960527510584466,10.044668951984546,9.667309518934587,9.827942848205566,8391000.0
2018-09-12,9.501574400565792,9.501574400565792,8.847568243683018,9.490737915039062,19008000.0
2018-09-13,9.789696656357778,10.17279350850028,9.703643960558296,9.824755668640137,13285500.0
2018-09-14,9.994947803965609,10.249921641469044,9.891683860263544,10.143470764160156,9342000.0
2018-09-17,9.96052795025932,10.103313543405314,9.666034260142428,9.688982009887695,6747000.0
2018-09-18,9.823479852890395,10.135184785559789,9.823479852890395,9.96116542816162,6496500.0
2018-09-19,9.956704856657751,10.141560739221177,9.874476473765055,10.017898559570312,4318500.0
2018-09-20,10.177891367241536,10.486408421765148,10.177891367241536,10.362747192382812,9111000.0
2018-09-21,10.360198235656464,10.504895983172908,10.191278877607964,10.269683837890623,5826000.0
2018-09-24,10.022996681454336,10.394619625564042,9.95415434853621,10.378684043884276,5310000.0
2018-09-25,10.277175535168109,10.30466037188366,9.799687532994582,9.861051559448242,10809000.0
2018-09-26,9.760695922675938,9.92305378460924,9.55167473715158,9.582996368408203,5340000.0
2018-09-27,9.658421794666712,9.799048181180838,9.57916126219798,9.707001686096191,3802500.0
2018-09-28,9.640528209964389,9.965884103070485,9.574049962385304,9.882786750793455,7743000.0
2018-10-01,9.9646041784758,10.211337722183725,9.88981684777004,9.965243339538574,6400500.0
2018-10-02,9.899405005415264,10.37113969407408,9.882784989286016,9.981223106384276,8142000.0
2018-10-03,10.10650840332428,10.19216238997048,9.715952631903216,9.997842788696287,7701000.0
2018-10-04,9.818226731188048,9.84379592054849,9.20458813198482,9.460270881652832,15123000.0
2018-10-05,9.358637217856652,9.489674402312406,8.53086314849797,8.792299270629883,22242000.0
2018-10-08,8.629300348726902,8.8082791737406,8.25855947662021,8.480365753173828,12891000.0
2018-10-09,8.416443414279481,8.585194732356193,8.30010787407387,8.473332405090332,7024500.0
2018-10-10,8.15628699433978,8.157565316499925,7.338100919070686,7.348968029022217,26956500.0
2018-10-11,7.331709525007699,7.771483907674878,6.948184976623862,7.115018367767334,20209500.0
2018-10-12,7.70948041935128,7.819423439389959,7.191083297436638,7.511326313018799,13690500.0
2018-10-15,7.405855974076093,7.555430618356118,7.223681833344533,7.310614585876465,8487000.0
2018-10-16,7.587390828310526,8.05656976211417,7.525388552038223,8.02652645111084,10891500.0
2018-10-17,8.181215684567244,8.250888810680172,7.759977465079696,7.924892902374268,9156000.0
2018-10-18,7.825176439112885,7.830290641867847,7.244136986939602,7.331708908081055,15177000.0
2018-10-19,7.480643823551275,7.5918660731173615,6.903439347184725,6.985897064208984,14745000.0
2018-10-22,7.127161666235477,7.247333541118553,6.931564217774967,7.122048377990723,8202000.0
2018-10-23,6.561463047533225,7.12716171085663,6.338380758967046,7.007630825042725,20764500.0
2018-10-24,6.6579841186831255,6.679717881278631,5.593064498457489,5.621829032897949,29644500.0
2018-10-25,5.753506999601568,6.138949066596662,5.714514968614648,6.00407600402832,15933000.0
2018-10-26,5.598817638237899,5.995765486847393,5.393631836552265,5.68447208404541,19084500.0
2018-10-29,6.009188992327887,6.1069875024838085,5.192921256656976,5.5169997215271,15058500.0
2018-10-30,5.485677864470021,6.21053912953516,5.458192565578339,6.203507900238037,18321000.0
2018-10-31,6.487955933336076,6.571052366704349,6.254006043174145,6.426592350006104,14517000.0
2018-11-01,6.514801727167673,7.375174682041936,6.509687524357438,7.311253547668457,19780500.0
2018-11-02,7.304223389534247,7.36303032603634,6.719348458451816,6.983340740203857,18301500.0
2018-11-05,6.948185217848272,6.963526456346433,6.461109239373172,6.80372428894043,12534000.0
2018-11-06,6.757061507417178,7.118214063367695,6.757061507417178,7.050457954406738,7428000.0
2018-11-07,7.341935551380924,7.358555567493409,7.042147987420619,7.303583145141602,13149000.0
2018-11-08,7.094561954488126,7.364308017948757,7.003155529105826,7.207701683044434,8494500.0
2018-11-09,6.903439191522787,6.9769486524047615,6.617713641634734,6.805640697479248,8788500.0
2018-11-12,6.47708824474508,6.479645346237063,5.823178917779195,5.913947105407715,15409500.0
2018-11-13,6.0091877914282055,6.492428709899007,6.0091877914282055,6.13255500793457,10953000.0
2018-11-14,6.3594758891466965,6.49243055847573,6.037953584289698,6.204148292541504,10629000.0
2018-11-15,6.1351127497527935,6.903439670119101,6.104430732671823,6.83184814453125,14431500.0
2018-11-16,6.126803236282339,6.676521572283232,6.089090444446149,6.587672233581543,12009000.0
2018-11-19,6.426591745145599,6.555710968158056,5.813591015900103,5.821261405944824,13630500.0
2018-11-20,5.343136066340303,6.083976917085181,5.327794826258085,5.848748683929443,21753000.0
2018-11-21,6.059047272147588,6.180497031023111,5.90819472964368,5.918422222137451,10492500.0
2018-11-23,5.816789051810002,6.072471368602183,5.752867901115876,5.915865898132324,5686500.0
2018-11-26,6.1683507592369855,6.252726417846155,5.985538356239589,6.250170230865479,10636500.0
2018-11-27,6.14214374841713,6.436818019167793,6.052654801983622,6.290440082550049,7797000.0
2018-11-28,6.4790050647303055,6.723182857798597,6.117853949178453,6.722543239593506,11701500.0
2018-11-29,6.626023747179633,6.760895868371695,6.512884015389342,6.562742233276367,6813000.0
2018-11-30,6.580001138637704,6.845910879556023,6.363309541574345,6.8324875831604,9060000.0
2018-12-03,7.476169700389942,7.537533739220144,7.171907522281893,7.384763717651367,18288000.0
2018-12-04,7.213455922836575,7.240942137390931,6.2961938656029925,6.307699680328369,18252000.0
2018-12-06,5.789942130255721,6.204148292541504,5.695338960500272,6.204148292541504,21013500.0
2018-12-07,6.162598599979784,6.206703917766087,5.424314012199808,5.509328842163086,19045500.0
2018-12-10,5.479924664454107,5.80272477694779,5.424953155215577,5.742639064788818,14008500.0
2018-12-11,6.012385255098436,6.24186054079149,5.74263916398614,5.844273090362549,23953500.0
2018-12-12,6.124245962917031,6.354360874556888,5.972115106014864,6.103152275085449,17592000.0
2018-12-13,6.217570746094176,6.303863894382695,5.967640470921959,6.035396575927734,13446000.0
2018-12-14,5.832768746175861,6.1459806126134815,5.773961797512894,5.777797222137451,10413000.0
2018-12-17,5.720906444813904,6.016858580299672,5.456912818537028,5.56110429763794,15946500.0
2018-12-18,5.701091874021224,6.0456244388916405,5.699813551660404,5.78099250793457,13204500.0
2018-12-19,5.72538091912771,5.87431689234344,4.96792011643259,5.05037784576416,29062500.0
2018-12-20,5.024809864375192,5.279853891969327,4.7326917492732665,4.921258449554443,19387500.0
2018-12-21,5.016499361114492,5.191642746448332,4.638727751071514,4.695617198944092,19287000.0
2018-12-24,4.572252393848377,4.720547863725631,4.282691313523364,4.28780460357666,13795500.0
2018-12-26,4.461029051645377,5.028645261171985,4.243058655534943,5.024809837341309,17737500.0
2018-12-27,4.769677548759076,5.139832058190504,4.6221279117485325,5.137266635894775,12370500.0
2018-12-28,5.24889241704284,5.529876682260529,5.11353204837691,5.245684146881104,17269500.0
2018-12-31,5.425308788149184,5.476629635703813,5.187306275588733,5.345119476318359,12660000.0
2019-01-02,4.985228464139823,5.602367548386058,4.978812841911027,5.486894607543945,13147500.0
2019-01-03,5.114814741891276,5.185382464055861,4.496393111736984,4.511789321899414,28599000.0
2019-01-04,4.736319201493847,5.154588646875777,4.702318975910585,5.094927310943604,17604000.0
2019-01-07,5.195005017361784,5.536933584432711,5.081456475354076,5.393874645233154,16641000.0
2019-01-08,5.557462159320382,5.564519712391982,5.098778106914979,5.311119556427002,14445000.0
2019-01-09,5.463799769262896,5.794822379183111,5.4586680057002726,5.721689701080322,17928000.0
2019-01-10,5.543347811263028,5.905804291512895,5.540139541488508,5.882709980010986,12975000.0
2019-01-11,5.791616208804205,6.207959946111573,5.741577837032678,6.046939373016357,12399000.0
2019-01-14,5.821765632882895,5.88720019780982,5.668443205130398,5.76082181930542,10731000.0
2019-01-15,5.801239494213986,6.007807255076212,5.727464867832171,5.798673152923584,14590500.0
2019-01-16,5.869878436429031,5.94621890621545,5.64919705843788,5.656895160675049,10257000.0
2019-01-17,5.575424115385379,5.943013308903045,5.441347150974108,5.8525590896606445,15876000.0
2019-01-18,6.027052797361735,6.366415989618789,5.92890091046588,6.254149913787842,15720000.0
2019-01-22,6.077089293907536,6.083504915772528,5.594027197583123,5.728105068206787,18655500.0
2019-01-23,5.838445730065322,5.894899260329665,5.447120758682261,5.60878324508667,15681000.0
2019-01-24,5.959051514587295,6.639700789580748,5.959051514587295,6.567850589752197,32491500.0
2019-01-25,6.634570262591383,7.065027777087797,6.511398730693865,6.987403869628906,17100000.0
2019-01-28,6.209882378685818,6.730794822601553,6.165617714598202,6.561434268951416,14305500.0
2019-01-29,6.59864312549248,6.6461160681174105,6.251582836503358,6.2778849601745605,9061500.0
2019-01-30,6.616605966461802,6.896307741348338,6.405547497333971,6.822533130645752,14400000.0
2019-01-31,6.799438316063256,6.9995917858919565,6.639700697791569,6.827664852142334,10894500.0
2019-02-01,6.838571353263942,7.159971466015507,6.838571353263942,7.066308975219727,10723500.0
2019-02-04,7.082347259915739,7.174083958668521,6.896307521746916,7.172801017761231,4450500.0
2019-02-05,7.184989805607097,7.367822178089295,7.129818762155916,7.272877216339111,9172500.0
2019-02-06,7.53782180252801,8.022167653006738,7.53076562946416,7.857296943664551,17931000.0
2019-02-07,7.569900600227256,7.666769068549257,7.142650509038661,7.332539081573486,18687000.0
2019-02-08,6.998949247991527,7.337029393014019,6.913628176703143,7.302387237548828,10705500.0
2019-02-11,7.41529432211861,7.456351643295474,7.208084681409892,7.406954288482666,8164500.0
2019-02-12,7.685373473197579,7.924658927858774,7.637900530376511,7.873979091644287,13083000.0
2019-02-13,8.017678300397483,8.123529180146157,7.86628118492951,7.942620754241943,12480000.0
2019-02-14,7.829071826776163,8.179340357490265,7.829071826776163,8.00484848022461,11575500.0
2019-02-15,8.210776109623914,8.253757384093477,7.9817546338809295,8.134434700012207,10102500.0
2019-02-19,7.991375336844037,8.251189156602203,7.987525597431129,8.081829071044922,7548000.0
2019-02-20,8.15239624393417,8.448135183739526,8.14982944482464,8.304435729980469,9694500.0
2019-02-21,8.326249613453147,8.365381150048487,8.043981481359513,8.121604919433594,11476500.0
2019-02-22,8.31662443547485,8.40451229615352,8.203717396079643,8.375001907348633,12757500.0
2019-02-25,8.789423856318459,8.872821441915603,8.56360973065909,8.585421562194824,12519000.0
2019-02-26,8.496247979049464,8.611720886222274,8.336509952727008,8.407718658447266,8319000.0
2019-02-27,8.289682768198878,8.289682768198878,7.84318718750094,8.110699653625488,15036000.0
2019-02-28,8.009982845273255,8.196022167761829,7.929151125476308,8.130587577819824,7447500.0
2019-03-01,8.374362737760496,8.450702309503846,8.083755517988337,8.342927932739258,10362000.0
2019-03-04,8.530249331007436,8.59055121157974,8.033715515578209,8.34677505493164,14767500.0
2019-03-05,8.324965072800204,8.382060532132463,8.129302817363804,8.227455139160156,7974000.0
2019-03-06,8.202435589835526,8.23322800588515,7.813676060449393,7.825223445892334,14940000.0
2019-03-07,7.698204430579488,7.737336886563695,7.420427038908559,7.558994770050049,15607500.0
2019-03-08,7.161894689813164,7.565408463527321,7.101591886020756,7.546804904937744,12711000.0
2019-03-11,7.6872994271667485,8.191531549854414,7.6468840277140835,8.085040092468262,12825000.0
2019-03-12,8.138924974602347,8.307002148030733,7.943903291512363,8.179340362548828,10372500.0
2019-03-13,8.309567981727044,8.470588979887886,8.243491942986022,8.279417037963867,8331000.0
2019-03-14,8.285191482898796,8.39681560649836,8.123529908407088,8.138283729553223,6633000.0
2019-03-15,8.434664131827677,9.030634191816832,8.39104139088295,8.839461326599121,22909500.0
2019-03-18,8.895274412558383,9.030634772356075,8.623912222512157,8.781725883483887,10273500.0
2019-03-19,9.025487391238114,9.215070589709832,8.981786146820522,9.137310028076172,13689000.0
2019-03-20,9.125097677239475,9.281906765628047,8.709298800879612,8.877032279968262,13167000.0
2019-03-21,8.904022713585839,9.97597623806227,8.904022713585839,9.797316551208496,21321000.0
2019-03-22,9.650790876484193,9.711200918897962,8.939367959135568,8.963789939880371,18607500.0
2019-03-25,8.815338449236831,9.016490502554058,8.407249921367427,8.621898651123047,23959500.0
2019-03-26,8.983712042003036,9.110316549639313,8.678450604882556,8.884099960327148,17310000.0
2019-03-27,8.900810619960655,8.98178607601929,8.299283257315116,8.494651794433594,19968000.0
2019-03-28,8.570487281092428,8.76456971800053,8.27807702390825,8.450309753417969,11520000.0
2019-03-29,8.747215306691743,8.88345807323641,8.674594725728014,8.839115142822266,12793500.0
2019-04-01,9.232420255001353,9.51390413962734,9.115456761842628,9.490126609802246,18229500.0
2019-04-02,9.475343978647164,9.590379629570938,9.346812576460213,9.520330429077148,8290500.0
2019-04-03,9.868011416329004,10.419412343590576,9.846160794208526,10.16877555847168,30327000.0
2019-04-04,10.060161750900162,10.406553906224996,10.05566255451344,10.207330703735352,14100000.0
2019-04-05,10.403986886393415,10.45668375974345,10.218901081523605,10.440617561340332,7863000.0
2019-04-08,10.298592715589296,10.539589423568252,10.23432698808354,10.5158109664917,7659000.0
2019-04-09,10.34678975120274,10.34678975120274,10.019035050337369,10.161062240600586,16965000.0
2019-04-10,10.159777095169828,10.507454584870931,10.141140450579016,10.42198085784912,13528500.0
2019-04-11,10.4753222160895,10.608994542684204,10.295378204496208,10.396275520324709,9259500.0
2019-04-12,10.69382454660894,10.834566501291938,10.579431487773988,10.828782081604004,12208500.0
2019-04-15,10.824928507065,10.860918415792572,10.40720084032954,10.598071098327637,9196500.0
2019-04-16,10.7960082778783,11.6134685901148,10.770301990315255,11.607685089111328,19468500.0
2019-04-17,12.274762306129324,12.592236125835605,11.859606072864288,12.135948181152344,16183500.0
2019-04-18,12.147516399425804,12.265766050587636,11.973999428446083,12.15908432006836,9463500.0
2019-04-22,11.985566806612756,12.245201019140982,11.85060835144414,12.164225578308104,4671000.0
2019-04-23,12.3178239390896,12.648150982139892,12.237492007462365,12.529257774353027,8796000.0
2019-04-24,12.500335555009544,13.266384157805325,12.500335555009544,12.892356872558594,11011500.0
2019-04-25,12.785031180845392,12.785031180845392,11.858318916265432,12.19057273864746,12978000.0
2019-04-26,11.499077042746306,11.889169655270402,11.12633493414532,11.885313987731934,13794000.0
2019-04-29,11.925800306172755,11.96885893424464,11.666166992648217,11.822975158691406,4995000.0
2019-04-30,11.76963611468397,12.16615669281907,11.750355937633207,12.08518123626709,6696000.0
2019-05-01,12.468205415701288,12.634653692129575,11.769636376005897,11.788915634155272,12915000.0
2019-05-02,11.727218507631395,12.551106732615173,11.699585307009023,12.181578636169434,13312500.0
2019-05-03,12.400081672610757,12.443140301660993,12.002277747616484,12.425788879394531,8863500.0
2019-05-06,11.188029249375234,11.842255257276111,11.067851761465963,11.815263748168944,17829000.0
2019-05-07,11.376327090581222,11.43223793733361,10.565292991124638,10.952816009521484,24256500.0
2019-05-08,10.724671869753625,11.182245030790076,10.62698853814294,10.68996810913086,12007500.0
2019-05-09,10.186125413345216,10.457326636925446,9.596807753449305,10.309515953063965,18993000.0
2019-05-10,10.1019352541268,10.529945486428922,9.614801125723968,10.33971881866455,20788500.0
2019-05-13,9.314682562171512,9.503624047392512,8.752356384967586,8.880245208740234,24391500.0
2019-05-14,9.209286238086005,9.64693573716736,9.085895690252674,9.515833854675291,17139000.0
2019-05-15,9.179079476252662,9.9399852209942,9.170724613041608,9.749115943908691,14703000.0
2019-05-16,9.31853721777687,9.577527893247638,9.078182265327673,9.254271507263184,21981000.0
2019-05-17,8.825618573898783,9.36545151492032,8.596833357311743,8.70737075805664,24265500.0
2019-05-20,7.927827402947,8.07178244359763,7.499817489045385,7.663694858551025,26760000.0
2019-05-21,8.161756132910467,8.266508217493152,7.948392618355446,8.145689010620117,19236000.0
2019-05-22,7.69454101979152,7.884125562282858,7.553799062619058,7.636058807373047,15225000.0
2019-05-23,7.202265725731047,7.282598564247948,6.897003789287856,7.249823093414307,20860500.0
2019-05-24,7.434908624786372,7.525523244963049,7.047386007387631,7.061523914337158,13459500.0
2019-05-28,7.188768786096012,7.262031510064026,6.839805666490572,6.869368076324463,13249500.0
2019-05-29,6.700350255395093,7.0589535068788365,6.654721182750808,6.962554931640625,20284500.0
2019-05-30,7.0332469708275775,7.299307322240916,6.966410807196079,7.121290683746338,19113000.0
2019-05-31,6.855874169283332,7.163064890818871,6.794178888526154,6.812173843383789,18478500.0
2019-06-03,7.067949936426733,7.262032305811765,6.757546667648725,6.877723693847656,23410500.0
2019-06-04,7.262031275665433,7.76523253939637,7.062808045019232,7.750451564788818,32151000.0
2019-06-05,8.005587422786702,8.01137092263905,7.296734983563408,7.5962138175964355,25533000.0
2019-06-06,7.593645218208833,7.993378399302954,7.544803542535744,7.911760330200195,14176500.0
2019-06-07,7.967668031108378,8.231157830961843,7.931036448353489,8.159823417663574,14091000.0
2019-06-10,8.532564102790039,9.084607406581576,8.47086884966274,8.79605484008789,21726000.0
2019-06-11,9.290904264565738,9.318539307714392,8.670097637569423,8.862251281738281,18606000.0
2019-06-12,8.600687829753412,8.624466279590813,8.210594384990012,8.236944198608398,11925000.0
2019-06-13,8.452879630225123,8.486297256517938,8.193887970143715,8.393112182617188,11455500.0
2019-06-14,7.6476263466148815,7.850064021596541,7.569222732405631,7.727959632873535,14856000.0
2019-06-17,7.744026913483243,7.818576259180461,7.556371544300376,7.572437286376953,8601000.0
2019-06-18,7.851349141306974,8.71443839243504,7.802507018724031,8.560200691223145,26061000.0
2019-06-19,8.701583842338874,8.754281623124351,8.440021852136164,8.576908111572266,13185000.0
2019-06-20,9.13023857670968,9.208643580652192,8.686162967641245,8.81469440460205,19162500.0
2019-06-21,8.686163366964072,8.913664296642242,8.602617469434076,8.632822036743164,12225000.0
2019-06-24,8.689375089046099,8.804410758718488,8.60582920434365,8.690017700195312,9433500.0
2019-06-25,8.712797932493666,8.853098521153306,8.289964643183565,8.320857048034668,12205500.0
2019-06-26,8.870481120294336,9.261777785158175,8.82543001470816,9.102812767028809,19284000.0
2019-06-27,9.270787314476149,9.655005062283314,9.270787314476149,9.504406929016112,13567500.0
2019-06-28,9.775353878058324,9.805601839178214,9.484455125265374,9.54366397857666,11226000.0
2019-07-01,10.792857871834451,11.043853859982647,10.078481983665444,10.315963745117188,21082500.0
2019-07-02,10.194325474639196,10.194325474639196,9.753472131813886,9.883475303649902,12142500.0
2019-07-03,9.92144712976452,9.92144712976452,9.534655266013791,9.729660034179688,9478500.0
2019-07-05,9.41237463553305,9.606735871951877,9.256628232587838,9.574557304382324,9699000.0
2019-07-08,9.310687414205722,9.440047961493292,9.187120518075227,9.342866897583008,8194500.0
2019-07-09,9.205786059296642,9.584855544593632,9.131130524475642,9.558467864990234,9168000.0
2019-07-10,9.876396475110562,10.166008168386856,9.710995223321822,9.75926399230957,16626000.0
2019-07-11,9.9047136453781,9.95426856174348,9.660795667137853,9.83327579498291,8664000.0
2019-07-12,9.9388225039194,10.405419966947898,9.913080205154886,10.395121574401855,12400500.0
2019-07-15,10.554729003065386,10.779982610132496,10.458191479850894,10.637107849121094,8479500.0
2019-07-16,10.483292329698235,10.554086644026157,10.135758864593372,10.292792320251465,9934500.0
2019-07-17,10.518689236313625,10.547006593110227,10.282494603343912,10.379032135009766,7201500.0
2019-07-18,10.42215168561751,10.911273766834524,10.401557662825828,10.854639053344728,13081500.0
2019-07-19,11.00137484505065,11.10177358147422,10.764537602772076,10.782557487487791,9180000.0
2019-07-22,10.971125086781951,11.468613025670155,10.947312475441969,11.413908004760742,13075500.0
2019-07-23,11.652036751523084,11.848328590393066,11.46282379239172,11.848328590393066,10419000.0
2019-07-24,12.099323871002088,13.007417248154132,12.07937338281076,12.92825698852539,23553000.0
2019-07-25,12.688201249953517,12.691418922162612,12.173335949842494,12.272448539733888,14809500.0
2019-07-26,12.520226901199388,12.54082276698181,12.24606187278419,12.26343822479248,8842500.0
2019-07-29,12.163683405599008,12.417897012342758,11.8953092786349,12.358044624328612,7939500.0
2019-07-30,12.02466994185072,12.361263328577389,11.895953840828149,12.27437973022461,5961000.0
2019-07-31,12.077444253418918,12.077444253418918,10.72463619257949,11.088903427124023,21309000.0
2019-08-01,10.970481816911734,11.886297470840011,10.14283681223941,10.423437118530272,25618500.0
2019-08-02,10.091351239158923,10.36423010207233,9.685895072164575,9.934961318969728,16612500.0
2019-08-05,9.06162200712977,9.103454506515602,8.400663361193057,8.636857986450195,22728000.0
2019-08-06,9.091227021188775,9.33128381350038,8.694137676655236,8.983749389648438,20334000.0
2019-08-07,8.579578308973291,9.239892460535584,8.559627822426018,9.17296028137207,19701000.0
2019-08-08,9.452276493679149,9.922735214233398,9.228309908193562,9.922735214233398,18787500.0
2019-08-09,9.602876224563158,9.72193933760018,9.176824997450309,9.367969512939451,17550000.0
2019-08-12,9.13563219775178,9.367965594321236,8.883992770360786,9.032015800476074,12654000.0
2019-08-13,8.997263549943225,10.05080587244758,8.817704546923478,9.82941436767578,19845000.0
2019-08-14,9.15172248471958,9.384698520642642,8.760425930833913,8.907805442810059,27957000.0
2019-08-15,9.145287530242356,9.145287530242356,8.619482130597907,8.834437370300293,14976000.0
2019-08-16,9.214794246704452,9.631834975304544,9.151723263792864,9.55717945098877,16189500.0
2019-08-19,10.224574032926975,10.343637125515771,9.956199884037776,10.106155395507812,15972000.0
2019-08-20,10.033428034991475,10.160213511031811,9.78500535781599,9.945900917053224,8716500.0
2019-08-21,10.265118626553155,10.361655241084437,10.070757407907369,10.227791786193848,9754500.0
2019-08-22,10.284426005788472,10.382894148434744,9.891198810996896,10.21685028076172,9760500.0
2019-08-23,9.821049452259697,10.075264947572864,8.791319541228619,8.89300537109375,31515000.0
2019-08-26,9.333856563589036,9.35058937950424,9.002411472900466,9.113107681274414,11319000.0
2019-08-27,9.34157928726917,9.42846287463677,8.8621111810943,9.017857551574709,11251500.0
2019-08-28,8.876273736972673,9.221876713635709,8.68899133753555,9.18326187133789,10600500.0
2019-08-29,9.589358646077685,9.989665624577516,9.589358646077685,9.80495834350586,18906000.0
2019-08-30,10.079125054604985,10.231653782748872,9.817830707369993,9.9722900390625,10582500.0
2019-09-03,9.65436025406788,9.752828392929038,9.290736580586902,9.453563690185549,12528000.0
2019-09-04,9.910504945984489,10.240018516078862,9.89634626765818,10.226503372192385,19119000.0
2019-09-05,10.879738883270528,11.53683543106235,10.837261926935412,11.181578636169434,17769000.0
2019-09-06,11.23692478731846,11.346332994560353,11.005879378600564,11.2266263961792,7131000.0
2019-09-09,11.442875101966328,11.666198187835318,11.243364638447089,11.384309768676758,9319500.0
2019-09-10,11.206033305876268,11.534259796142578,10.980136153330031,11.534259796142578,7002000.0
2019-09-11,11.699662150614396,12.05105686187744,11.487923638993523,12.05105686187744,9793500.0
2019-09-12,12.357400530176443,12.489977830836676,11.906893280406477,12.157246589660645,11793000.0
2019-09-13,12.16110836756502,12.263437713161755,11.855408320360771,12.047194480895996,6118500.0
2019-09-16,11.713176306762875,11.96417316549427,11.47633812715862,11.801990509033203,6535500.0
2019-09-17,11.72283078798234,11.931350698348345,11.520746222676904,11.909469604492188,5451000.0
2019-09-18,11.866347644820369,11.946152358269316,11.424207270993556,11.932637214660645,8751000.0
2019-09-19,12.040114439677035,12.121849753762122,11.697729278247952,11.75114631652832,7227000.0
2019-09-20,11.893376803419404,11.893376803419404,10.940876893683,11.095980644226074,11719500.0
2019-09-23,11.030335625338688,11.61599522216431,11.030335625338688,11.435148239135742,8188500.0
2019-09-24,11.693872083646378,11.706121735976804,10.70423261399245,10.881528854370115,18163500.0
2019-09-25,10.702945000548878,11.545590695330713,10.439900206483458,11.437922477722168,11985000.0
2019-09-26,11.448881747726867,11.572667630373408,11.132325669970518,11.47402572631836,10096500.0
2019-09-27,11.22516275743849,11.351527299523037,10.395412523932878,10.637825965881348,17278500.0
2019-09-30,10.831243088224626,11.007895616480724,10.654590559968527,10.974370002746582,7299000.0
2019-10-01,11.192284699362354,11.592009712863634,10.551437366440258,10.673932075500488,14653500.0
2019-10-02,10.356731783494824,10.47987300206551,9.967323353591766,10.170409202575684,19338000.0
2019-10-03,10.188458098762608,10.715192238207187,9.811944062855316,10.690693855285645,17961000.0
2019-10-04,10.796427573624207,11.282544797290887,10.769995177273929,11.27029514312744,13695000.0
2019-10-07,11.172941233187668,11.37538237639558,11.009183058105643,11.013696670532228,9079500.0
2019-10-08,10.670064377277848,10.69456461101586,9.971835845130103,10.000848770141602,25107000.0
2019-10-09,10.412178322546934,10.701655511526768,10.31998311239388,10.505017280578612,15838500.0
2019-10-10,10.581091655491267,11.1374834312273,10.544988286829575,10.810611724853516,18492000.0
2019-10-11,11.411490500241989,11.929843185185458,11.37538620006694,11.536564826965332,27876000.0
2019-10-14,11.496590563637303,11.60490344586888,11.363779294209456,11.534628868103027,7069500.0
2019-10-15,11.732559026133526,12.374696680373098,11.698389659850644,12.290884017944336,19419000.0
2019-10-16,12.113585597119013,12.273474863506143,11.67969122369802,11.756412506103516,15471000.0
2019-10-17,12.181280642620893,12.283145906288262,11.646810343447804,11.87955379486084,12418500.0
2019-10-18,11.80154041332398,11.885998647224108,11.134903612074508,11.483050346374512,14661000.0
2019-10-21,11.758345965795993,12.14324262238441,11.71450470803222,12.136149406433104,11613000.0
2019-10-22,12.204489924496094,12.281211202999229,11.835067197001392,11.852474212646484,9618000.0
2019-10-23,11.194863506529702,11.475959967414486,10.94406838567487,11.1632719039917,15555000.0
2019-10-24,11.604903378274804,11.990444703997367,11.541076424450692,11.973036766052246,14469000.0
2019-10-25,12.045889430928115,12.739604254934145,12.033638854592098,12.70994758605957,18265500.0
2019-10-28,12.959454848776767,13.431387536058285,12.950427621872375,13.376585960388184,15250500.0
2019-10-29,13.441056818803666,13.698942376835683,12.981372922585772,13.02585792541504,10779000.0
2019-10-30,13.290838686899484,13.290838686899484,12.739606022225638,13.027793884277344,8559000.0
2019-10-31,12.86596960901581,12.906586594266694,12.291527017475088,12.782801628112791,9952500.0
2019-11-01,13.14771247489906,13.664130210876465,12.992335884952926,13.664130210876465,10477500.0
2019-11-04,14.182478413679831,14.633135956362068,14.147019718281197,14.55899429321289,12294000.0
2019-11-05,14.734355614206024,14.96774274628206,14.47711384848705,14.642805099487305,9777000.0
2019-11-06,14.56479516348042,14.57059719315734,13.873658236858391,14.312710762023926,11104500.0
2019-11-07,14.999337082970891,15.05607266255665,14.391368915784112,14.593810081481934,12427500.0
2019-11-08,14.415222436918244,14.82655143737793,14.156691304033366,14.82655143737793,7299000.0
2019-11-11,14.434565314764608,14.675689465178758,14.263071071627198,14.585429191589355,6657000.0
2019-11-12,14.80205231042188,15.04704445308798,14.51386450750292,14.714370727539062,13849500.0
2019-11-13,14.39846476104682,14.847832206560202,14.248244602674074,14.705994606018066,12061500.0
2019-11-14,14.559639576274115,14.629268556657616,14.256622502470911,14.584783554077148,11265000.0
2019-11-15,15.105069612750162,15.344259728814444,14.777554164601732,14.963876724243164,14211000.0
2019-11-18,14.974193039410835,15.159226267231755,14.636361932843627,14.872971534729004,8130000.0
2019-11-19,15.054134978922104,15.148263251268196,14.408129549734902,14.642805099487305,12429000.0
2019-11-20,14.40490857751004,14.667952433267564,13.814992067875464,14.139286041259766,17808000.0
2019-11-21,13.932331199177256,14.063854048822364,13.498436850604698,13.656392097473145,15439500.0
2019-11-22,13.8717303507554,14.012923280245454,13.539056523276775,13.649303436279297,10084500.0
2019-11-25,14.05482642028724,14.66408393609774,14.039998085660844,14.64216423034668,14046000.0
2019-11-26,14.56737513031276,14.597678312319772,14.254688015710828,14.44423484802246,10887000.0
2019-11-27,14.667952672640403,14.772397534774926,14.558996964119666,14.753700256347656,7248000.0
2019-11-29,14.540946442321436,14.574472060909487,14.229547666185804,14.276612281799316,4399500.0
2019-12-02,14.288217719393312,14.388793656058828,13.573225846267954,13.64865779876709,13189500.0
2019-12-03,12.720262173375732,13.031660882372991,12.552635961126134,13.024569511413574,14646000.0
2019-12-04,13.602881284175854,13.774375532104644,13.474582702732638,13.636406898498535,8785500.0
2019-12-05,13.84529581033726,14.006474425659842,13.62480292596739,13.800166130065918,7833000.0
2019-12-06,14.270807499747,14.523535702946004,14.242439248435272,14.441657066345217,9769500.0
2019-12-09,14.441657936587903,14.55641752212962,14.190862806307312,14.197954177856444,4908000.0
2019-12-10,14.386210684636293,14.651834114782144,14.21407086828877,14.35590934753418,7432500.0
2019-12-11,14.528695164163356,15.3294336499023,14.4745391786682,15.297198295593262,11976000.0
2019-12-12,15.216608780937648,16.585342270146086,15.202425114561258,16.538278579711914,20947500.0
2019-12-13,16.49185983121829,17.032132222110025,16.054098307865214,16.26620864868164,21313500.0
2019-12-16,16.81421643407383,17.174611942372724,16.712351174145656,16.72782325744629,10213500.0
2019-12-17,16.985064599680044,17.075325789637603,16.698165199982313,16.94767189025879,9778500.0
2019-12-18,17.000537946554502,17.084998034314836,16.756192287869588,16.923171997070312,7486500.0
2019-12-19,17.085640798050946,17.337080580529246,16.892225013206215,17.32096290588379,7558500.0
2019-12-20,17.61430981207015,17.965679931142887,17.443458395052485,17.87735366821289,10882500.0
2019-12-23,18.309630052479573,18.316729718288684,17.942404685479307,17.997907638549805,11043000.0
2019-12-24,18.07729183891376,18.131505966186523,17.812037574639064,18.131505966186523,3774000.0
2019-12-26,18.228958015602863,18.27090790502187,17.961768665341047,18.199914932250977,5878500.0
2019-12-27,18.384494786462867,18.384494786462867,17.852049402146662,17.997262954711914,7303500.0
2019-12-30,17.919822433284402,17.944991633485834,17.207314891876692,17.618425369262695,9241500.0
2019-12-31,17.34413563733174,17.79461463383904,17.298958115658635,17.736530303955078,5722500.0
2020-01-02,18.401927785581663,18.844662759402706,18.15409856841753,18.84272766113281,10438500.0
2020-01-03,17.909491492240154,18.282524038280435,17.691351697874836,17.8249454498291,14713500.0
2020-01-06,17.167942524521525,17.42222693768612,16.87300074541395,17.25958824157715,11313000.0
2020-01-07,17.81655468680993,18.39934035936698,17.544847037416762,18.14957427978516,10441500.0
2020-01-08,18.225738939360447,18.51293486786874,17.89594499576461,18.18959617614746,10024500.0
2020-01-09,18.844662402908888,18.860798684837,17.95531858261556,18.50389862060547,11472000.0
2020-01-10,18.757535499228165,18.76334448702615,17.990815582735948,18.125701904296875,11304000.0
2020-01-13,18.51615838393045,18.87886553782701,18.3160880889894,18.83626937866211,8160000.0
2020-01-14,18.849178877097845,19.379041219691576,18.609095620298763,18.957603454589844,9610500.0
2020-01-15,18.94856316245489,18.996966450013865,18.07083765874281,18.274133682250977,11518500.0
2020-01-16,18.72590937080436,19.1912339944975,18.6839594718897,19.18994331359864,10807500.0
2020-01-17,19.436476767310698,19.59007883307283,19.117010247207368,19.56232643127441,11839500.0
2020-01-21,19.31901983343841,19.748847944859,19.29707641260141,19.52618980407715,6961500.0
2020-01-22,19.975381944476148,20.61173197916382,19.81274321666198,19.99216079711914,10747500.0
2020-01-23,20.223849328374435,20.45876981104707,19.60234139354748,20.44844436645508,9354000.0
2020-01-24,21.250016759636257,21.362315215207595,19.32030874150097,19.75723648071289,19885500.0
2020-01-27,17.99275028052959,18.1966926270532,17.364786960594184,17.46546745300293,19500000.0
2020-01-28,18.13537934728057,18.874348552536983,17.748145576133254,18.7155818939209,14221500.0
2020-01-29,18.50711648558904,18.629095941431395,17.621646933352594,17.683603286743164,12270000.0
2020-01-30,17.3292941570543,17.786228464052602,16.596133806978926,17.617782592773438,17106000.0
2020-01-31,17.191176594132994,17.213120012818123,15.522206404485932,15.72227668762207,22954500.0
2020-02-03,15.942356467297513,16.399935181995016,15.879107560689512,16.32248878479004,13681500.0
2020-02-04,17.557111424385727,17.880450026599416,17.320900233680415,17.844953536987305,15466500.0
2020-02-05,18.79367488767402,19.09119804243962,18.22444219379483,19.01310539245605,19452000.0
2020-02-06,19.07248035496789,19.0937793575302,18.34190333270441,19.025367736816406,12234000.0
2020-02-07,18.465816570392025,18.541972270217126,17.651337971115666,17.68296241760254,16014000.0
2020-02-10,17.271852513146143,18.48388862609864,17.264106581509363,18.48388862609864,11137500.0
2020-02-11,18.98599511255135,19.880501326345044,18.973732724554843,19.59330368041992,16857000.0
2020-02-12,20.225788947717465,20.5497719722506,20.13607832685617,20.45425605773925,11917500.0
2020-02-13,19.90632226586947,20.93506867207584,19.859854066397183,20.499431610107425,13008000.0
2020-02-14,20.959589643755148,21.20741876492669,20.00506216956105,20.367769241333008,11269500.0
2020-02-18,19.297074326809987,19.63525852226053,19.104103712794604,19.521669387817383,16186500.0
2020-02-19,20.320013638560635,21.11448577943082,20.2683827172166,21.038330078125,13075500.0
2020-02-20,20.781463864987813,20.97508072195292,19.1428257865446,20.097999572753903,20755500.0
2020-02-21,19.695279795366524,19.716576950249586,18.07084087615827,18.29349899291992,25333500.0
2020-02-24,15.70420548019322,16.47157149297295,15.42604347117894,15.683552742004396,30187500.0
2020-02-25,16.35475470735811,16.382507112769588,13.990702150819583,14.243049621582031,38751000.0
2020-02-26,14.58768623596477,15.268569249627664,14.069439149184172,14.362445831298828,33132000.0
2020-02-27,13.01100554058258,13.884214835442696,12.254612094544385,12.335285186767578,38827500.0
2020-02-28,11.100660604803515,13.423408872087828,11.081298545176146,13.230438232421877,45580500.0
2020-03-02,14.03717069347486,14.541218460498332,12.605056985536285,14.540573120117188,36516000.0
2020-03-03,14.724507644341164,15.317618830096842,12.699282790492076,13.06844425201416,32919000.0
2020-03-04,13.850009836884952,14.995571245669687,13.29755781725922,14.981372833251951,20538000.0
2020-03-05,13.737709430943196,14.798080144142824,13.29561902397814,13.637673377990724,23968500.0
2020-03-06,12.585048768187145,13.132982415168785,11.81058404395966,12.818034172058104,26310000.0
2020-03-09,9.811819884547427,11.416253188675398,9.551729268007124,9.57044506072998,31191000.0
2020-03-10,10.772802485892926,11.397536277770996,9.616268531362175,11.397536277770996,33006000.0
2020-03-11,10.377177929891884,10.777318449111824,9.11931924053698,9.463955879211426,33735000.0
2020-03-12,7.525860602954597,8.630762849160618,6.584240107447227,6.585531711578369,47734500.0
2020-03-13,7.816284976206,8.45457191323666,6.324794269798933,8.384870529174805,43620000.0
2020-03-16,5.794285093312313,6.870790777158931,5.098558362849751,5.148898601531982,47341500.0
2020-03-17,5.1501900404565735,5.800740273892097,4.240839831875604,5.660690784454346,73488000.0
2020-03-18,4.453816768660431,5.095976561512104,3.4528214385943867,4.195015907287598,67953000.0
2020-03-19,4.080782738873355,4.904297090360417,3.727110814656254,4.513192653656006,67534500.0
2020-03-20,5.054027376536609,5.259260402799734,4.117570103424424,4.127250671386719,63204000.0
2020-03-23,4.388631845819019,4.781027849163357,3.956868235792683,4.511255741119385,63927000.0
2020-03-24,5.398311000633495,6.072857194879111,5.376342290735039,6.056704044342041,67669500.0
2020-03-25,6.167191031424519,6.79715518321882,5.531411319701157,5.819580078125,65236500.0
2020-03-26,6.269923546233559,7.042680384658915,6.073504214613876,6.983237266540527,55215000.0
2020-03-27,6.278970071849039,6.60525887202694,5.862224444433557,5.9080986976623535,51672000.0
2020-03-30,6.135531394987224,6.589105763438054,5.9675401008053255,6.543877124786377,39718500.0
2020-03-31,6.55356959431937,6.86435221762994,5.974002174360446,6.121316909790039,50964000.0
2020-04-01,5.512027777961842,5.966248700355397,4.949260058720218,5.130818843841553,47541000.0
2020-04-02,5.02420845620849,5.6186358427780085,5.015808615292179,5.600545406341553,43654500.0
2020-04-03,5.605714979289377,5.776936635313914,5.047469751542547,5.267795085906982,43627500.0
2020-04-06,5.944280556694869,6.958038863306472,5.937173317569523,6.883735656738281,51997500.0
2020-04-07,7.665536566807728,7.733378596571831,6.7654955829167385,6.797154426574707,79462500.0
2020-04-08,7.165442877575285,7.561513322172758,6.846261314426744,7.478164196014404,50287500.0
2020-04-09,7.792823862145027,7.975674819888188,6.770666017993988,6.987761497497559,75898500.0
2020-04-13,6.939302437855953,7.2914364028649565,6.748697708598948,7.239747047424316,36957000.0
2020-04-14,7.746302929821373,8.230891036503968,7.695905722361017,8.20116901397705,51487500.0
2020-04-15,7.7269191112044355,7.728210790303844,7.273989870904946,7.535667419433594,37128000.0
2020-04-16,7.905892389853203,8.174677151472572,7.59252552481632,8.090035438537598,47277000.0
2020-04-17,8.583668353339544,8.614035514411043,8.011855311144064,8.300023078918457,47445000.0
2020-04-20,7.947892221446012,8.302609981936024,7.753410157405066,7.764394283294678,35502000.0
2020-04-21,7.4070903370034,7.534375487520901,6.558737715659816,6.6737470626831055,60042000.0
2020-04-22,7.2642986074920675,7.931092034921694,7.184825910684318,7.791530609130859,37150500.0
2020-04-23,7.831589744840914,8.079699356500429,7.514345953217057,7.593818187713623,42906000.0
2020-04-24,7.621599694255892,8.119756546981852,7.391582426818811,8.077112197875977,34429500.0
2020-04-27,8.399528765053182,8.6424680016227,8.280642505463806,8.40340518951416,42303000.0
2020-04-28,8.851162400159417,9.001707937924865,8.23993526090042,8.27224063873291,55147500.0
2020-04-29,8.694801037115338,9.546384893727224,8.656034030334125,9.459158897399902,42030000.0
2020-04-30,9.327997791739204,9.357717963514856,8.40081901162153,8.464784622192383,55264500.0
2020-05-01,7.882633084657139,7.914939389789934,7.0943700534749645,7.178365707397461,65224500.0
2020-05-04,6.986467745219521,7.400629029551966,6.914102293976808,7.379953384399414,35217000.0
2020-05-05,7.802514973637158,8.174678479067785,7.60544863324886,7.754055976867676,47706000.0
2020-05-06,8.011856346640343,8.39112657092642,7.960812150807542,8.022839546203613,46401000.0
2020-05-07,8.444108294155408,8.548132116243757,8.12815670771615,8.258026123046875,32518500.0
2020-05-08,8.511951741270744,8.995892832554013,8.426017879110093,8.979740142822266,38311500.0
2020-05-11,8.686405779329684,9.190377026182649,8.663790529571315,8.95518970489502,27099000.0
2020-05-12,9.143854092255676,9.224618465164646,8.196000099182129,8.196000099182129,34702500.0
2020-05-13,8.417617621520831,8.470599106707638,7.390290522819293,7.754701137542725,53503500.0
2020-05-14,7.572496276768002,8.399527216188218,7.171903837032384,8.37432861328125,54496500.0
2020-05-15,7.546652043389847,7.938844639587738,7.404505877242436,7.849680423736572,55647000.0
2020-05-18,8.39952641137132,9.061796800363762,8.39952641137132,8.948080062866211,42394500.0
2020-05-19,8.902852483625153,9.46174425476802,8.826610602531163,8.840825080871582,40813500.0
2020-05-20,9.378394462938775,9.99543528985244,9.373224974171794,9.846182823181152,39808500.0
2020-05-21,9.842953283666612,9.851353125933048,9.036598927276572,9.081180572509766,37935000.0
2020-05-22,9.15807104631802,9.238836365343012,8.755540289892943,9.212990760803224,25134000.0
2020-05-26,9.933411277598667,10.067803230351537,9.448177043545003,9.498574256896973,41682000.0
2020-05-27,9.612288879702486,9.911441739527596,8.767166638354823,9.904333114624023,41941500.0
2020-05-28,9.743452743678088,10.096879312296572,9.110257215230115,9.254342079162598,33565500.0
2020-05-29,9.379041562869933,10.058111775045584,9.271786433162708,9.957317352294922,38440500.0
2020-06-01,9.761543567994076,9.957317785756937,9.562539920890886,9.833909034729004,21564000.0
2020-06-02,9.916611989036475,10.467103958129885,9.762835149967524,10.467103958129885,34992000.0
2020-06-03,10.873511284024776,11.510584131751187,10.873511284024776,11.384591102600098,30483000.0
2020-06-04,11.284442700620842,11.93443695949043,11.124205152271507,11.684389114379885,31461000.0
2020-06-05,12.528862466493862,13.051572394098049,12.4312993373428,12.535324096679688,26946000.0
2020-06-08,12.851923171050425,12.851923171050425,12.07335072046754,12.459083557128906,25800000.0
2020-06-09,12.030707323240016,12.608983082645528,11.902776089355893,12.4804048538208,22317000.0
2020-06-10,12.747895068357955,12.970159970432324,12.45908120375851,12.595412254333496,23647500.0
2020-06-11,11.631405070262018,11.781304530327375,10.17764095411798,10.191855430603027,47562000.0
2020-06-12,11.13777217032914,11.241151787363922,9.943100719531865,10.61441707611084,35401500.0
2020-06-15,9.944393531753429,11.10869686111718,9.803539049754251,11.080267906188965,29254500.0
2020-06-16,12.023598020109116,12.23229358858729,11.080266654979184,11.667587280273438,30856500.0
2020-06-17,11.916988772252934,12.27816902202109,11.759982533678151,11.990646362304688,21156000.0
2020-06-18,11.830412539074045,12.095967013168613,11.728972042445475,11.935083389282228,13989000.0
2020-06-19,12.346658395501851,12.46360549827747,11.635928941452717,11.69472599029541,29616000.0
2020-06-22,11.752877833958925,12.065598225230277,11.347115870698037,12.007447242736816,19461000.0
2020-06-23,12.241071027055677,12.489306185005248,12.044552297634056,12.112428665161133,18909000.0
2020-06-24,11.8861752748103,12.105319795541824,11.023171542329472,11.29855728149414,31200000.0
2020-06-25,11.285629273185949,11.62759769462064,10.75360513493879,11.576529502868652,21685500.0
2020-06-26,11.442067435472373,11.641171774741297,10.819541211359404,10.883539199829102,21492000.0
2020-06-29,10.906811730242923,11.266881111593047,10.505369200605935,11.257830619812012,17931000.0
2020-06-30,11.390351854882072,12.265637114498537,11.390351854882072,12.166730880737305,32251500.0
2020-07-01,12.174489652382276,12.180954553895118,11.625658260812704,11.657980918884276,21469500.0
2020-07-02,12.147339276570236,12.415613735942843,11.95469889494034,12.091745376586914,24289500.0
2020-07-06,12.707806439352757,13.182297469312116,12.690999175192836,13.06141185760498,21822000.0
2020-07-07,12.89527589709934,13.200396872595402,12.5087014155868,12.57851791381836,17728500.0
2020-07-08,12.89656642095404,13.122821290806936,12.561708436784974,13.09890365600586,14014500.0
2020-07-09,13.252112693083273,13.859124476851774,12.673544255529022,13.619938850402832,25341000.0
2020-07-10,13.646444046356969,13.767329664123604,13.072401273256872,13.484187126159668,16764000.0
2020-07-13,14.053057871409996,14.50750779478217,12.734956862465973,12.811237335205078,24480000.0
2020-07-14,12.599201112537742,13.5384851942347,12.025158468246683,13.490001678466797,25491000.0
2020-07-15,13.769264058953585,13.779607343330028,12.73495319148386,13.354893684387209,20254500.0
2020-07-16,12.929533095431797,13.347782792292987,12.728489602826654,13.19198989868164,13903500.0
2020-07-17,13.43376237100891,13.578565606562004,13.187467313623946,13.43634796142578,12028500.0
2020-07-20,13.499700449688602,14.326503149066458,13.213971420426908,14.264444351196287,16717500.0
2020-07-21,14.511384334644848,14.579260704380516,13.813871408454524,13.962553024291992,16822500.0
2020-07-22,14.092487209614664,14.45126373511582,13.786072583532937,14.12998104095459,13956000.0
2020-07-23,14.110590927993613,14.487468507126954,13.100198327870546,13.471903800964355,22534500.0
2020-07-24,12.75887344822691,13.413721341658372,12.247535986001983,12.829981803894045,19546500.0
2020-07-27,13.316754857515807,14.060813043253294,13.29930119784848,14.04529857635498,17731500.0
2020-07-28,13.799648172786926,13.799648172786926,13.142214701318544,13.214616775512695,20592000.0
2020-07-29,13.623820504271572,14.20820662121121,13.531379150802811,14.070513725280762,19687500.0
2020-07-30,13.876577265622489,14.908948231873284,13.865586656724028,14.89408016204834,25672500.0
2020-07-31,15.004623908530204,15.00591670387783,14.009099360646264,14.64261531829834,26299500.0
2020-08-03,14.923819191254324,15.59030237915217,14.923172793557102,15.514022827148438,16984500.0
2020-08-04,15.44355608030752,16.203774097264645,15.400890146495035,16.18050193786621,12100500.0
2020-08-05,16.130082051025276,16.339531522189215,15.773244677254418,16.148828506469727,12822000.0
2020-08-06,16.035702861385403,16.16757723992662,15.59806110093422,16.090003967285156,10840500.0
2020-08-07,15.974935902652378,16.225756676255543,14.975533043484978,15.543110847473145,17872500.0
2020-08-10,15.635553211586164,15.740278881274904,14.8695174149033,15.55280876159668,11625000.0
2020-08-11,15.50885002175051,15.974290530631052,14.916706330017494,15.037591934204102,15201000.0
2020-08-12,15.42287095063399,16.634954294954785,15.29616869900479,16.552209854125977,18397500.0
2020-08-13,16.559321761168494,16.559321761168494,15.77518503827395,16.01049041748047,12742500.0
2020-08-14,16.148188292573693,16.548337210788418,15.813975651066214,15.954254150390623,12001500.0
2020-08-17,16.347286868928958,16.757132510011992,16.2703590867855,16.558027267456055,11739000.0
2020-08-18,16.751959948760753,16.847634187391694,16.121677003461635,16.284582138061523,11410500.0
2020-08-19,16.30268600652217,16.41775219269067,15.824314728655365,15.968473434448242,10309500.0
2020-08-20,15.494628347739772,15.78682136286782,15.217303403723404,15.55280876159668,16498500.0
2020-08-21,15.558622034486303,15.902529521675016,15.288408480411748,15.89542007446289,10789500.0
2020-08-24,16.377023422833677,16.53087714154515,15.9749345421616,16.335004806518555,11776500.0
2020-08-25,16.36474323287298,16.863797367376634,16.36474323287298,16.8612117767334,11626500.0
2020-08-26,16.97369245682308,17.181847277956365,16.735799647391552,17.051265716552734,11527500.0
2020-08-27,17.128197317290496,17.220638676988322,16.086128222389473,16.3867244720459,17893500.0
2020-08-28,16.489504075697194,17.330529276753268,16.384780270828408,17.315013885498047,13989000.0
2020-08-31,17.299501951497888,17.641469418290313,16.859918269833994,17.26653289794922,12093000.0
2020-09-01,17.576829218334616,18.26205892386245,17.328593986060756,18.238788604736328,10255500.0
2020-09-02,19.03261349773604,20.129628576897243,18.54131444450718,19.87493133544922,18729000.0
2020-09-03,18.97766838048721,19.005466249972702,16.09905196062504,16.48303985595703,37044000.0
2020-09-04,16.11198023485419,16.836644629024757,14.225656167944866,16.026002883911133,26686500.0
2020-09-08,14.262504553726068,15.13908353377497,13.702683526074749,13.74405574798584,21556500.0
2020-09-09,14.74798290751389,15.210837775049669,14.221777380254734,14.88050365447998,19171500.0
2020-09-10,15.369215702299632,15.591591250112613,13.98905709351739,14.262502670288086,19227000.0
2020-09-11,14.573446227569644,15.00591774266282,13.760865111572128,14.212730407714844,14871000.0
2020-09-14,15.081548118740994,15.373094687346295,14.748629332073724,15.111284255981444,11850000.0
2020-09-15,15.663995687083174,16.179859836842116,15.609694587001709,15.888311386108398,11725500.0
2020-09-16,16.08870817370272,16.2729453554528,15.353055016102752,15.409942626953123,10791000.0
2020-09-17,14.301938222963004,15.486870189898667,14.113177163061104,15.339481353759766,14704500.0
2020-09-18,15.528888484425735,15.711185542290512,14.079559737830335,14.62451171875,17329500.0
2020-09-21,13.758924026770933,14.576029814458588,13.472549532400942,14.55405044555664,25779000.0
2020-09-22,14.89149392983044,15.104174455737398,14.109942840941809,15.081548690795898,13864500.0
2020-09-23,14.995572989022952,15.30780523123361,13.830033011568654,13.958675384521484,14178000.0
2020-09-24,13.667129758317582,14.939978217161189,13.639978284141556,14.366581916809082,24952500.0
2020-09-25,14.44415435759888,15.078316621651956,13.7925384341186,14.986520767211914,15505500.0
2020-09-28,15.554746037353672,16.225111237404512,15.283886936793207,16.210241317749023,15123000.0
2020-09-29,16.10422635586391,16.748084695327623,16.10422635586391,16.34535026550293,19848000.0
2020-09-30,16.194079238996796,16.870906515112253,16.096466731437573,16.367326736450195,20143500.0
2020-10-01,16.990501710818496,17.530283558361358,16.814670438175668,17.383541107177734,18271500.0
2020-10-02,16.165636100585807,16.922622234475455,15.79005228515361,15.834009170532228,24060000.0
2020-10-05,16.28134606551117,17.3815940477498,16.260014025027957,17.379653930664062,14751000.0
2020-10-06,17.32083194379695,18.316356311562107,16.872846070777243,17.08293914794922,16638000.0
2020-10-07,17.813422140456844,18.21357089793445,17.794030213622587,18.11337280273437,13549500.0
2020-10-08,18.588509259291246,18.843208393763383,18.37776885804062,18.74236297607422,11172000.0
2020-10-09,19.41207531836785,19.87428370485421,19.318986688781195,19.725601196289062,18609000.0
2020-10-12,20.449625900054283,20.89955198164348,20.170361754497662,20.5821475982666,15901500.0
2020-10-13,20.606067306058147,21.01849862715393,20.202038230247,20.55758285522461,14068500.0
2020-10-14,20.691394438840845,20.93768949604352,19.872995888749426,20.231773376464844,11320500.0
2020-10-15,19.200047398691403,20.1975101289016,18.9815483583366,20.07210159301757,10518000.0
2020-10-16,20.56856850405148,20.573094211772457,19.746291614016418,19.78572463989257,8916000.0
2020-10-19,20.233710670068323,20.61769857058281,19.243357458631007,19.46702766418457,11283000.0
2020-10-20,19.743059165792577,19.89820568267498,19.24141765151072,19.40496826171875,6909000.0
2020-10-21,19.54395423050812,19.635750086753728,18.95633720444392,18.9951229095459,8161500.0
2020-10-22,19.12764470423772,19.31640759861985,18.33898230113644,19.061708450317383,9789000.0
2020-10-23,18.88846635659294,18.88846635659294,18.26399986136772,18.78244972229004,6975000.0
2020-10-26,18.31054494963469,18.55296169817309,16.872205328374413,17.58264923095703,13960500.0
2020-10-27,17.954995898917137,18.099152747494927,17.18896012141163,17.40099334716797,7834500.0
2020-10-28,16.556736153625078,16.56707851553856,15.605815899236369,15.669166564941406,15634500.0
2020-10-29,15.7738910033691,17.354448839287144,15.64266395866709,16.916805267333984,10749000.0
2020-10-30,16.38283955527059,16.663398285814974,15.521776985618606,16.093233108520508,11187000.0
2020-11-02,16.622026168435454,16.872199605829877,15.925805103279986,16.352458953857422,10897500.0
2020-11-03,16.807555030625508,17.7054669788275,16.770062119296668,17.32535743713379,12472500.0
2020-11-04,18.38811232727325,19.362950190692924,17.72873868717997,19.14122009277344,17590500.0
2020-11-05,20.686219186916126,21.80844853364436,20.679757061065164,21.66558265686035,20565000.0
2020-11-06,21.477471367948063,22.961709521510304,21.26867105170995,22.78005790710449,15370500.0
2020-11-09,24.20481644975888,24.82217139047573,21.869860316747108,21.90993881225586,16741500.0
2020-11-10,21.32879026627189,21.616458490042287,19.787667297211343,19.9395809173584,16570500.0
2020-11-11,20.87756264318812,22.21699603597211,20.84717919212765,22.11227226257324,11782500.0
2020-11-12,22.149771988935942,22.392834123881467,20.926053521956987,21.256385803222656,11928000.0
2020-11-13,21.97264948629997,22.60487265264004,21.60288412162207,22.04505157470703,10963500.0
2020-11-16,22.564144249330184,23.705118323089312,22.39930083856807,23.67085647583008,12468000.0
2020-11-17,23.423268238272588,23.481447720675792,22.575133562301765,23.09422874450684,9009000.0
2020-11-18,23.19313494486075,23.71223014710433,22.56673033997785,22.604223251342773,10455000.0
2020-11-19,22.528589142754463,23.665684807463474,21.992687625349348,23.65340232849121,8220000.0
2020-11-20,23.63142345303938,24.22098060649332,23.18279207427896,23.2694149017334,11338500.0
2020-11-23,23.69283781923351,24.52481171365912,23.353454080604816,24.322473526000977,11436000.0
2020-11-24,24.75882082590428,24.79114440324186,23.57194981613751,24.71550941467285,9943500.0
2020-11-25,24.597215446695817,25.076877681446444,24.15634077301059,24.45111846923828,6964500.0
2020-11-27,24.94112133389623,25.79830750904481,24.94047586098611,25.292787551879883,8937000.0
2020-11-30,25.440171570310145,26.3270936868863,24.502181276169445,26.243701934814453,10632000.0
2020-12-01,26.90437085810169,28.055041764245047,26.6981543118004,27.63614654541016,12735000.0
2020-12-02,27.362698574744165,28.219237299714884,27.215310683606337,27.84623908996582,7210500.0
2020-12-03,28.344651888980344,28.78552838131404,27.76543890026872,27.88826370239257,7801500.0
2020-12-04,28.34852241462373,30.24712959138361,28.09964181584973,30.209636688232425,10473000.0
2020-12-07,30.773339856947512,30.773339856947512,29.757128915478447,30.60461807250977,8889000.0
2020-12-08,30.496664258242166,31.29437810491434,30.099746527765674,30.99054718017578,6286500.0
2020-12-09,30.647934024655388,31.185773862774106,27.74992342361601,28.34012794494629,19231500.0
2020-12-10,27.75186129472276,28.91740032274449,27.280603227371994,28.28517723083496,11490000.0
2020-12-11,27.551464379852145,27.98393490996501,26.4395790811104,27.30904769897461,13248000.0
2020-12-14,28.109343752344383,28.782938131053903,27.92639936233208,28.33753967285156,10854000.0
2020-12-15,29.36280390633587,29.75648690733628,28.84823436812138,29.519243240356445,7351500.0
2020-12-16,29.778460834108166,29.79009783960229,28.795218946500302,29.453947067260746,6372000.0
2020-12-17,29.98144823307648,30.050619253453966,29.265189715037657,29.611682891845703,6106500.0
2020-12-18,29.80109100327814,29.930379776970742,28.66076235476616,29.2251091003418,8797500.0
2020-12-21,28.12033694212101,28.79328593188476,27.312282515859746,28.6497745513916,11620500.0
2020-12-22,28.80306461299274,28.919438834240506,27.885655080169407,28.54380989074707,6235500.0
2020-12-23,28.72806546590281,28.898747023637668,27.913451546753024,27.9509506225586,4338000.0
2020-12-24,28.28520146637018,28.7642714403435,28.152017135464146,28.75780487060547,2637000.0
2020-12-28,29.696549657145844,29.804518801725777,28.480447998992144,28.59423446655273,7542000.0
2020-12-29,28.96404712349866,28.96404712349866,27.42921150147639,28.37442207336425,7833000.0
2020-12-30,28.77526059906471,29.957741981076744,28.7054360779393,29.84136962890625,7807500.0
2020-12-31,29.844607762356016,30.24092196082164,29.265326246125724,30.158815383911133,5871000.0
2021-01-04,30.7148206120091,32.63756718001236,29.02611356899921,29.7424545288086,17731500.0
2021-01-05,29.523930424955267,31.522966123525944,29.523930424955267,31.465425491333008,8538000.0
2021-01-06,30.57516666615496,33.12827023027943,30.33854129083568,31.23396873474121,16782000.0
2021-01-07,32.62915327718739,35.02967809983359,32.59941372180662,34.67603302001953,10443000.0
2021-01-08,36.373795019304666,36.79532804550842,33.58277478498826,34.70513153076172,13090500.0
2021-01-11,33.908610192611725,36.72937296616372,33.87822324272129,35.96906661987305,9625500.0
2021-01-12,36.52703011788656,37.58732212160811,35.59669103818653,36.67573165893555,10501500.0
2021-01-13,37.453482559727306,37.7567010383991,36.26970820769242,36.773345947265625,6897000.0
2021-01-14,38.03470916582965,40.35506478539008,38.03470916582965,39.166114807128906,11373000.0
2021-01-15,38.977323762805085,39.09498719622991,35.9839387888203,36.68088912963867,16302000.0
2021-01-19,38.31982173195256,40.53220998392584,38.220255788962966,40.40743255615234,13351500.0
2021-01-20,41.85887579864021,42.20605448113839,39.71372387722089,40.07060241699219,11220000.0
2021-01-21,41.10760987513688,42.20475146891772,39.855300204094725,41.854339599609375,11056500.0
2021-01-22,40.7306894866422,41.19230565442209,39.54173957802941,39.55725860595703,12573000.0
2021-01-25,40.7436191180126,40.86645805120727,37.45995186779973,39.72729110717773,12499500.0
2021-01-26,39.80617088900648,39.80617088900648,37.8213591146266,37.87501907348633,7641000.0
2021-01-27,35.752492205031615,35.92899107087687,31.55528924478456,32.142330169677734,25056000.0
2021-01-28,33.94288373190903,35.47125435233778,33.14055195367166,34.07218551635742,16110000.0
2021-01-29,34.269378079618264,34.73875188360164,31.90635003468685,32.391239166259766,15256500.0
2021-02-01,34.0256478464644,36.39320090544469,33.58989416812506,36.21928787231445,13749000.0
2021-02-02,37.95000926180756,37.97651553719149,36.33435836704491,37.86790084838867,10789500.0
2021-02-03,38.273917451860406,38.59394236760116,35.466086976896065,35.52556610107422,14184000.0
2021-02-04,35.238515595191465,36.47078206267156,34.45557961045259,36.403541564941406,8400000.0
2021-02-05,37.17483771443344,37.17483771443344,35.47966769240489,35.612850189208984,8242500.0
2021-02-08,36.32919187902832,38.92043685913086,36.31367285021887,38.92043685913086,17278500.0
2021-02-09,38.43877726638922,39.3148124858009,37.86337464653453,38.42455673217773,8659500.0
2021-02-10,39.437652407090205,40.063481708120506,37.21685919492788,38.787899017333984,15432000.0
2021-02-11,39.649061585188576,42.82993316650391,39.649061585188576,42.82993316650391,20781000.0
2021-02-12,42.17371696535012,44.622730458436656,41.70434685116246,44.38869094848633,15841500.0
2021-02-16,45.90607151246567,46.406479689263854,44.42618888195764,45.17421340942383,14367000.0
2021-02-17,43.7370027514432,44.35895510651372,40.865168586494704,42.68059158325195,19341000.0
2021-02-18,40.92787782228374,41.95842632904552,39.780953257261366,41.39530944824219,15594000.0
2021-02-19,43.29543108153284,45.11214876345559,42.886827475449856,44.41455459594727,23602500.0
2021-02-22,42.673475458727744,43.57795539756984,38.96568962672587,39.57341766357422,22419000.0
2021-02-23,37.333229403655615,39.512644581958966,34.00947559245673,38.77044296264648,27033000.0
2021-02-24,37.80454926125717,42.50862064051593,36.91623184977303,42.423282623291016,17964000.0
2021-02-25,40.79598739316826,41.709519865070966,34.62431975586475,35.12407684326172,35817000.0
2021-02-26,36.796631238150205,38.50085771994144,34.72130567117327,37.540775299072266,29536500.0
2021-03-01,39.36524375489514,41.27182769775391,38.354734843272254,41.27182769775391,24520500.0
2021-03-02,41.64227866976775,41.69077054406284,37.28797619539706,37.384952545166016,19687700.0
2021-03-03,37.724383781529625,37.811663991386766,33.76768586722092,33.951942443847656,21749000.0
2021-03-04,33.77737849056535,34.126495555823844,27.580494166217388,29.073951721191406,34294300.0
2021-03-05,31.246259219718755,31.963893117836783,26.891952856372065,31.76024055480957,30945800.0
2021-03-08,31.721444941985784,31.93479733590305,26.668901263244187,26.68829727172852,28761200.0
2021-03-09,29.42307233344993,32.08026637345808,29.093347579571702,31.46930503845215,19994900.0
2021-03-10,33.156722010825696,33.156722010825696,29.69461528450013,29.79159164428711,19953500.0
2021-03-11,32.29361452837956,33.98103028725451,31.857213582169617,33.42825698852539,19094300.0
2021-03-12,31.53719759324773,32.574860303130315,30.887445917474647,32.409996032714844,17047600.0
2021-03-15,32.77851338779606,34.55320986332575,32.177251738449016,34.49502182006836,15325300.0
2021-03-16,35.71693173455259,37.42373968399244,35.13506261359504,35.862396240234375,27404900.0
2021-03-17,34.213770330705145,37.9668142573522,33.46704074657818,37.25887298583984,21743500.0
2021-03-18,35.64905431670277,35.80421872125926,32.439090003800686,32.69123077392578,25749000.0
2021-03-19,32.98216095762059,34.57260060261453,31.40142486747288,33.699798583984375,20615000.0
2021-03-22,34.85383514636802,37.04553645122222,34.543506347356804,35.88180160522461,23763800.0
2021-03-23,36.25630027436734,36.38242705778431,32.51133519039084,33.015838623046875,26947000.0
2021-03-24,34.568152114330175,35.053251062941555,31.579940814398658,31.61874961853028,26195900.0
2021-03-25,30.00820776049311,32.19115204742902,29.20294394199917,31.83218002319336,30291400.0
2021-03-26,31.83220079741602,36.615277697053976,31.73517876740604,36.56676483154297,35670300.0
2021-03-29,35.29580566239502,35.810009438264736,33.47183231448197,34.723388671875,28422700.0
2021-03-30,34.07333764321121,34.71366789176722,33.25837153586628,34.46141815185547,17926000.0
2021-03-31,35.34431484957566,37.81831910831405,35.26669722998597,37.071266174316406,25362500.0
2021-04-01,38.856423899018345,41.17519621291741,38.856423899018345,41.14609146118164,27795500.0
2021-04-05,43.20290706203474,43.94995981582809,41.63118765459221,43.65890121459961,26445800.0
2021-04-06,42.80513314160073,43.62980363172717,40.81622805531477,42.087188720703125,17961500.0
2021-04-07,42.67901007099074,42.68871042218708,41.07818194975412,42.087188720703125,12421800.0
2021-04-08,43.4163532465807,43.6589027060588,42.300624252577,43.45516204833984,12957100.0
2021-04-09,42.52377724964559,43.173808089336646,41.84463795522903,43.15440368652344,10748500.0
2021-04-12,42.41704994366162,42.48496349509112,40.55426820170844,41.80582427978516,14926000.0
2021-04-13,42.68870023010605,42.814826971614345,40.33111944404434,41.41773986816406,14056400.0
2021-04-14,41.12669024072421,42.17450579639151,39.41914348828036,40.040069580078125,12838600.0
2021-04-15,41.08787531198556,42.35883576118609,40.37963136275516,42.17449951171875,13642000.0
2021-04-16,42.21330854543744,42.33943530736077,41.2140059035349,41.47595977783203,11016200.0
2021-04-19,40.525161413755725,41.02966469973026,37.1100648093971,38.419830322265625,20268200.0
2021-04-20,37.84741517301591,38.3519184814479,35.93612799221867,36.586158752441406,13892000.0
2021-04-21,36.79961374227566,39.55497645786671,36.22719672280742,39.53557205200195,15160200.0
2021-04-22,39.16688223548586,39.39973132455045,36.15927068288337,36.84811019897461,20962100.0
2021-04-23,37.177981579974805,39.36092675797912,37.15857717871565,38.95344543457031,13212600.0
2021-04-26,38.895234528251095,41.19460254861794,38.80791656793279,40.95205307006836,13528500.0
2021-04-27,41.50505842931806,41.63118517270188,39.73929882598733,40.10797500610352,12557200.0
2021-04-28,39.46764865413524,39.47734900414613,38.13847864197845,38.24519729614258,12753600.0
2021-04-29,39.9721524101377,39.99155681138036,37.33321305731356,39.10867691040039,14812500.0
2021-04-30,37.20708842363258,38.00265041493917,35.47043697490897,35.8003044128418,19385800.0
2021-05-03,36.59586214894804,36.66377569877182,34.034540552705515,34.54874420166016,13899900.0
2021-05-04,33.3845043905171,33.423313188714395,31.04632796378497,32.957618713378906,24428000.0
2021-05-05,34.02484336702222,34.72338710730358,32.744182310514155,33.52033996582031,16034800.0
2021-05-06,33.18076688655425,34.34500503540039,32.171760244153525,34.34500503540039,15387300.0
2021-05-07,35.4219179472428,36.430924487600265,34.839800782196164,35.829402923583984,16784600.0
2021-05-10,34.927121242857744,34.927121242857744,30.92990544195273,30.978416442871094,25439800.0
2021-05-11,28.155141805323133,31.347093592199624,27.83497659163844,31.153053283691406,29951300.0
2021-05-12,29.202955031548065,29.64924514477604,26.98120111424517,27.29166412353516,34045700.0
2021-05-13,28.649944324937128,29.59103561097293,27.456599515225097,28.455904006958008,25520000.0
2021-05-14,29.581331075015253,31.70606480209729,28.69845121386123,30.978416442871094,21881300.0
2021-05-17,30.0567302695944,30.173154830932617,28.552924276218224,30.173154830932617,19224800.0
2021-05-18,30.76497398689493,31.123949868393765,29.319379363040905,29.38729476928711,15262600.0
2021-05-19,27.61182880724217,31.211261797082766,27.37898155470984,31.094839096069336,29208700.0
2021-05-20,31.77397753116841,33.93751815252819,31.696359931706304,33.60765075683594,28593200.0
2021-05-21,34.24798416325039,34.28679296639783,32.80239140561426,33.122554779052734,25100300.0
2021-05-24,33.9569282757526,36.03315129816536,33.86961031214592,35.44132995605469,21577500.0
2021-05-25,36.217487786593765,36.6249691101418,35.15997197418101,35.839107513427734,19468200.0
2021-05-26,35.92642927481278,36.557059429223294,35.111462840364695,36.07196044921875,13436700.0
2021-05-27,35.780899765241365,37.11977020913477,35.6159641968998,36.731693267822266,16449400.0
2021-05-28,36.93542806354812,38.09966610429018,36.75109182332648,37.624267578125,15891400.0
2021-06-01,38.34221365107277,39.33181575185118,36.61526292475915,37.19738006591797,18159400.0
2021-06-02,37.12947623617238,38.40043689144184,36.780204379700685,38.02205657958984,12370500.0
2021-06-03,36.70258377577919,37.13916981575515,35.43162335224228,36.01374053955078,16945800.0
2021-06-04,36.94513212940797,38.79820968551888,36.91602368019476,38.555660247802734,15960500.0
2021-06-07,38.08996448241592,38.26460038471062,37.01304801961316,37.750396728515625,11453800.0
2021-06-08,38.61387124666656,38.77880679525671,36.188376775129576,37.032447814941406,13475800.0
2021-06-09,37.41082868149645,37.73099203252092,36.49884037643389,36.57645797729492,11721000.0
2021-06-10,36.67347888702837,38.196689252713405,36.40182466670579,37.87652587890625,17601900.0
2021-06-11,37.88622474983761,38.313114166259766,37.42053023274974,38.313114166259766,7971500.0
2021-06-14,38.62357681945366,39.94304275512695,37.89592844931256,39.94304275512695,18513300.0
2021-06-15,39.5840703648386,40.36022788159799,38.55566304301152,38.84672164916992,13301400.0
2021-06-16,39.28330461880499,39.67138145960022,36.93542437280093,38.01234436035156,18089300.0
2021-06-17,37.53695371884483,39.94304395776816,37.49814861737062,39.10867691040039,18466200.0
2021-06-18,38.11908168827439,38.400440006703256,35.654777790815984,36.20779037475586,21346600.0
2021-06-21,36.43093141692603,37.02275274452988,35.49954229529278,36.98394393920898,12722000.0
2021-06-22,36.77050652657736,37.67279098342191,36.28540751541413,37.44964218139648,10500400.0
2021-06-23,37.44962932429767,38.448935460903,37.44962932429767,37.8862190246582,8615400.0
2021-06-24,38.69149002733469,40.00125560154213,38.69149002733469,39.85572814941406,12716800.0
2021-06-25,39.94304143439033,40.447544731794494,39.0892700397164,39.4482421875,9244100.0
2021-06-28,40.26320955769963,42.76632171150695,40.21470040686845,42.34913635253906,18209300.0
2021-06-29,42.01927383523282,43.35814431882968,41.60208842771728,43.30963516235352,13090200.0
2021-06-30,43.04767659679581,43.396948407075854,42.36853737691916,43.21261215209961,9830900.0
2021-07-01,42.834241300933705,43.04768233488046,40.874440982803975,41.30132675170898,11578200.0
2021-07-02,42.2715144266958,42.397641166764885,40.99085373048688,42.02896499633789,10933300.0
2021-07-06,42.3394338222565,42.824532750011066,40.127383896019246,41.75731658935547,10020300.0
2021-07-07,42.494659618092655,42.60138196001263,39.477344100947015,40.01095581054688,10623800.0
2021-07-08,37.401120620684,39.17658418939788,36.63466354891099,38.59446334838867,14764300.0
2021-07-09,38.98255079332946,40.69009741961719,38.08026647628189,40.52516555786133,9799600.0
2021-07-12,40.90354002469059,42.038673400878906,40.56397226741814,42.038673400878906,9021800.0
2021-07-13,41.47596120841235,42.0289737284436,40.84533107805533,41.34983444213867,9289300.0
2021-07-14,42.242419585471154,43.45516702165708,40.612486735156345,40.90354537963867,15361500.0
2021-07-15,40.54456885488699,40.554269204897885,37.40112620677407,38.24519729614258,14968000.0
2021-07-16,38.83702633514846,39.24451143624663,35.499546411779896,35.66447830200195,14425600.0
2021-07-19,34.16066481370462,35.82940627088669,33.67556589717598,35.742088317871094,17527800.0
2021-07-20,36.13016407345663,37.91532799429034,34.78158615798677,37.19738006591797,12487200.0
2021-07-21,37.51754986503773,40.60277938842773,37.44963631020301,40.60277938842773,12599700.0
2021-07-22,39.68109516174357,40.37963512550982,38.71089727222428,39.52586364746094,8148900.0
2021-07-23,40.059471977473294,40.369935007828666,38.75940664998094,40.31172180175781,8740400.0
2021-07-26,39.37063522697164,40.54457387729684,39.37063522697164,40.21470642089844,7703500.0
2021-07-27,39.5840700200421,39.63257917047746,35.615960817849725,37.983245849609375,17917400.0
2021-07-28,38.36161981684808,40.263206513331525,37.85711654412601,39.95274353027344,12983000.0
2021-07-29,40.00126113725981,42.387947212155495,40.00126113725981,42.15510177612305,15318400.0
2021-07-30,40.932649092520485,43.17380762994463,40.81622637789146,43.06708526611328,13599200.0
2021-08-02,43.843243607318776,45.49258084669037,43.54248461435287,43.86264801025391,17018600.0
2021-08-03,43.94026360860225,44.609698824638464,42.31033084685113,44.59999847412109,10801400.0
2021-08-04,44.784325130494175,46.71502015807837,44.67760279265141,46.19111251831055,13768900.0
2021-08-05,46.73443052424054,46.75383492613674,45.055988620837375,45.76423263549805,8580700.0
2021-08-06,44.94926731843121,45.86125194785073,44.82314056402913,45.240325927734375,6202000.0
2021-08-09,45.50226824535736,45.86124031574901,44.18279893677066,44.77462005615234,5943700.0
2021-08-10,44.98807574443165,45.18211606531416,42.2036087979533,43.12529754638672,9994500.0
2021-08-11,43.71712079103464,43.775330299163166,41.16549915607625,42.853641510009766,10016600.0
2021-08-12,42.14539644292088,42.20360965066519,40.32142701240192,41.34983444213867,9746100.0
2021-08-13,41.233410606981685,42.30062681287553,41.02966993693107,42.1842041015625,7655800.0
2021-08-16,41.63118833286829,42.13569164368904,40.6803949128253,41.72820663452149,6658600.0
2021-08-17,40.68039976164615,40.69980416449185,38.1675869588045,39.254207611083984,13983700.0
2021-08-18,39.08927028392095,39.73930103399578,37.430232932734185,37.50784683227539,10760100.0
2021-08-19,37.04216006152759,39.060169983835706,36.0331532498677,38.44894790649414,14855300.0
2021-08-20,38.76910727271846,39.53556450348267,37.84741852568654,39.22510147094727,10732300.0
2021-08-23,40.16620020562,42.484972921507975,40.16620020562,42.3879508972168,12229000.0
2021-08-24,42.66929963786895,43.1155897463911,42.087182426841,42.42675018310547,8557100.0
2021-08-25,42.863340243373656,44.28953223173792,42.79542669164307,43.445457458496094,10125800.0
2021-08-26,43.19321436411213,43.97907605755429,42.407352670669965,43.348445892333984,9529400.0
2021-08-27,43.51337609454637,46.08440211393912,43.3581445723083,45.89036178588867,12358300.0
2021-08-30,46.35605058336991,47.539693106257374,45.725424221954704,46.31724548339844,10291100.0
2021-08-31,46.346346905667865,46.54038719563575,44.01787082807473,45.16270446777344,9620800.0
2021-09-01,45.82244564173856,45.89035919757404,44.46417082401787,44.590293884277344,7246900.0
2021-09-02,44.96867135591028,45.32764724500597,44.33804493911458,44.92016220092773,7168600.0
2021-09-03,44.76492216466275,46.42395937599043,44.59028627915346,45.8321418762207,7374000.0
2021-09-07,45.94856889477646,45.99707804509645,44.55148167909049,45.37615203857422,5660800.0
2021-09-08,44.72611490409785,44.98806874136047,42.455852015499175,43.610389709472656,11787400.0
2021-09-09,43.57157894152239,44.881344367618055,43.55217454323076,44.1925048828125,8643000.0
2021-09-10,45.25002052827524,47.18071559646408,45.123893789898446,45.20151138305664,14399600.0
2021-09-13,46.37545345541905,46.73442560014814,44.56118463091104,46.44336700439453,11356400.0
2021-09-14,46.95757434793712,47.51058679017224,45.73512306435676,46.44336700439453,10129200.0
2021-09-15,46.62770691090525,47.24863290156221,45.366446828746106,47.14191055297852,9321800.0
2021-09-16,46.31725127445635,48.053902773928144,45.61870757347731,47.60761260986328,9094400.0
2021-09-17,47.19041990416179,47.200123954625965,44.59999358185622,45.356746673583984,14478900.0
2021-09-20,42.44615704483415,42.8827468289261,39.93334439973952,42.00956726074219,19454600.0
2021-09-21,42.72751812393802,43.19321269055992,41.08788123829877,42.300628662109375,9972400.0
2021-09-22,43.13499605942217,45.1821141405532,42.69840628128812,44.88135147094727,11093200.0
2021-09-23,45.49257683390249,47.1031051253431,45.03658265767767,46.6665153503418,11819600.0
2021-09-24,45.46347636923236,46.792646519773456,45.385858757019896,46.520992279052734,7465000.0
2021-09-27,45.13360055297095,46.74412869772266,44.202211585140965,46.26873016357422,10241300.0
2021-09-28,43.56188073958881,44.42535615056015,40.79681491344394,40.97145080566406,23988000.0
2021-09-29,41.29162457452025,41.40804728798,38.59447185545486,38.9243392944336,19889700.0
2021-09-30,39.836323870917255,40.69979933962527,38.807912848079205,38.84672164916992,14470200.0
2021-10-01,39.29300930778524,39.4870496001246,36.925728104075134,38.875823974609375,16368700.0
2021-10-04,38.138479142459886,38.34221980446194,35.48013538225049,35.916725158691406,20555400.0
2021-10-05,36.47943541700429,38.2160903490331,36.14956802042346,37.498146057128906,15194100.0
2021-10-06,36.20778527223426,37.97354515124268,35.81970463246946,37.89593124389648,16403200.0
2021-10-07,39.32212933215911,40.77742653854264,39.06987944483132,39.186302185058594,13234300.0
2021-10-08,39.681092997829424,39.84602485356815,37.915333231276726,38.15788269042969,10297000.0
2021-10-11,37.604863277305526,39.18628665095625,37.216786396717424,37.23619079589844,9446400.0
2021-10-12,38.04145860569471,38.138480615880496,35.38311844379561,35.945831298828125,19847400.0
2021-10-13,36.57645561907309,37.15857278395589,36.1301655459289,36.52794647216797,11660600.0
2021-10-14,38.4586431542297,39.85573046220087,38.167584532072766,39.826622009277344,14800900.0
2021-10-15,40.77742253837034,41.0296761019648,40.06917841152895,40.59308624267578,10988500.0
2021-10-18,39.9139419516983,41.68940592690189,39.23480266553827,41.58268356323242,8498200.0
2021-10-19,41.82523127359224,43.1544013352808,41.35953673448263,43.10589218139648,11476200.0
2021-10-20,42.81483409365507,43.396951349584654,42.32973514671,42.88274765014648,9908200.0
2021-10-21,42.038670324143126,44.35744235669645,42.00956187492804,44.23131561279297,10019700.0
2021-10-22,43.50366641597524,44.85224067021026,42.46555513964997,42.73720932006836,12691700.0
2021-10-25,43.27082347706116,44.30893490081184,42.84393774706453,43.71711730957031,9706700.0
2021-10-26,44.64850925381531,45.06569466046051,43.2126167592503,43.62009811401367,12067800.0
2021-10-27,42.91185480001449,44.25072900466549,42.26182395127795,42.77602767944336,13076300.0
2021-10-28,44.47386727060942,45.69631486935566,44.21191342066146,45.59929656982422,15904400.0
2021-10-29,44.5999944483609,46.22992706298828,44.26042299472383,46.22992706298828,12735000.0
2021-11-01,46.3657533487453,48.4710807800293,46.0358859515613,48.4710807800293,14647400.0
2021-11-02,48.33526541429564,50.27566146850586,48.32556506246976,50.27566146850586,12421100.0
2021-11-03,50.51819966357587,52.20634548118532,49.88756960675942,52.07051467895508,11472200.0
2021-11-04,53.76836967067419,58.04694626734744,52.94370287734937,57.319297790527344,20539200.0
2021-11-05,58.25067837810294,60.54034584028586,57.445412405805136,59.0947494506836,19536100.0
2021-11-08,60.24927898629276,62.78149571401131,59.65746146575874,61.646366119384766,15603900.0
2021-11-09,63.32480902571319,63.67408083622545,59.579848515582086,61.51054382324219,16385900.0
2021-11-10,58.26037921219801,60.63736464654477,55.36919010997208,56.22296524047852,17648300.0
2021-11-11,58.91040602990487,60.14255756351705,57.60063690314678,59.80298614501953,13055700.0
2021-11-12,60.36571515897813,62.33521573242611,59.34700439242515,61.4620361328125,13052700.0
2021-11-15,62.80090676611527,62.810603414646486,59.434315519325416,61.31650161743164,11837400.0
2021-11-16,60.52094974541623,64.45025074089826,60.1619738356995,64.17859649658203,12693000.0
2021-11-17,64.03306417997898,64.15918724772646,61.80160965330322,62.59716796875,11636600.0
2021-11-18,65.84732580907517,66.84662833535549,64.06215804981915,65.95404815673828,14102700.0
2021-11-19,65.8376211440446,67.78772073074687,64.88682407429269,66.56526947021484,14527400.0
2021-11-22,67.46755500091534,70.32963551195573,63.28600490730143,63.48004150390625,16809800.0
2021-11-23,62.89792192733833,64.62487273851882,59.52163049946373,62.81060028076172,16233700.0
2021-11-24,61.11275326415011,64.90622603078835,59.38579888349166,64.8868179321289,14762200.0
2021-11-26,61.21948027894622,63.043456897501365,58.06633739910645,59.5410385131836,14919700.0
2021-11-29,62.04415346927475,66.63318887204181,61.3359094803668,66.3712387084961,18352700.0
2021-11-30,65.27490396555932,67.27350897813656,61.01573640064634,62.7426872253418,22246300.0
2021-12-01,65.52716222740915,68.84523702450915,61.17097234884797,61.27769470214844,24798700.0
2021-12-02,59.43432149529092,62.81060973008894,57.90141074375568,61.36501693725586,21014200.0
2021-12-03,63.93603893075364,65.92494005514307,58.89100943877881,61.05455017089844,18842800.0
2021-12-06,60.2104823961698,61.40382535695469,55.08783501939684,60.7343864440918,13816300.0
2021-12-07,64.77040560385564,70.35873946463717,64.73159680456972,69.84453582763672,21654500.0
2021-12-08,68.81612786205693,69.07807800207728,66.44884294355833,68.58328247070312,12500700.0
2021-12-09,67.36084821006675,69.45647206509365,63.70320496493016,63.93605041503906,14533000.0
2021-12-10,67.38993367164012,68.3504273551105,63.22778450724012,65.58536529541016,12329100.0
2021-12-13,65.9928646311608,66.6623036190784,60.15227593441878,60.48214340209961,13561500.0
2021-12-14,58.21187555182739,60.511243599841386,57.18346441804768,59.68657684326172,13311200.0
2021-12-15,59.997036726460976,66.30331921173267,57.474523732352296,66.08988189697266,19005700.0
2021-12-16,66.9533632337183,67.42875816113686,56.29088603418124,57.46482467651367,27692100.0
2021-12-17,55.63114237556229,59.744782703775016,55.16544787254006,57.20286178588867,17729000.0
2021-12-20,54.46691328721829,57.00883092503509,53.81688242567061,55.83489227294922,15681400.0
2021-12-21,59.36144193701398,61.80693589373493,57.03240271769285,61.622554779052734,20477000.0
2021-12-22,60.62300552956253,63.59253082634768,59.78843180236543,63.446964263916016,13011600.0
2021-12-23,64.04863866075782,66.71733193828939,63.97100217031205,65.41695404052734,14507000.0
2021-12-27,66.0865560253147,70.84168425761828,65.9895141029869,70.83197784423828,15598000.0
2021-12-28,71.88004097528162,71.88004097528162,67.51308828564403,68.43499755859375,14401800.0
2021-12-29,68.33794920841349,70.09443949270685,67.54219375608626,68.90080261230469,10702000.0
2021-12-30,68.41557956724057,69.23074036569655,65.88274688031781,66.33885192871094,11188200.0
2021-12-31,66.66880084794053,68.02740968435651,65.82452815823208,65.99920654296875,10152000.0
2022-01-03,67.00846557395046,69.97799101926732,66.36797562874384,69.9682846069336,15794800.0
2022-01-04,70.43409195578154,72.0158964961307,64.08745356705039,68.96873474121094,21988000.0
2022-01-05,67.53249722179785,69.3083931849407,62.04954744722248,62.11748123168945,20821000.0
2022-01-06,62.19509666549012,64.42709729443114,60.02132709725453,63.60223007202149,19343100.0
2022-01-07,63.155841677896376,64.09716377068187,57.391461788515976,57.973724365234375,22625900.0
2022-01-10,55.64467466284695,58.41040953309566,52.22874721666449,58.22602844238281,25112700.0
2022-01-11,57.34293910074589,61.56432507038087,56.16871497426592,61.41876220703125,22053900.0
2022-01-12,63.06849399409383,64.43680927980597,60.78797592172965,62.67061996459961,19392000.0
2022-01-13,65.50429536807678,67.13462479339076,57.81845982180684,58.42012786865234,28866500.0
2022-01-14,57.02269485083482,62.63180536085979,56.82861103060889,62.57358169555664,23880600.0
2022-01-18,59.10912963551681,59.565234760340125,53.8590823015831,54.32489013671875,29055200.0
2022-01-19,55.78053691615925,56.440432226318144,49.23010846830568,49.31744766235352,28683300.0
2022-01-20,50.57901378952279,51.627084177571234,44.45557825482396,44.63025665283203,32438800.0
2022-01-21,43.88302868412009,47.4833381013484,42.11683901899254,42.41767120361328,45826500.0
2022-01-24,39.78779909597132,44.13534352856992,35.53729659503696,44.106231689453125,53548700.0
2022-01-25,40.53502693497263,42.06831066608036,38.21569036393457,39.001739501953125,40326300.0
2022-01-26,42.48558798280725,45.70742770574598,38.91439152091429,40.87466812133789,46405000.0
2022-01-27,42.11682790448792,42.16534885353395,34.93561638834205,35.28497314453125,50033700.0
2022-01-28,35.294678505554145,37.27436447143555,32.12135933427963,37.27436447143555,43946700.0
2022-01-31,37.83722165762683,43.42691962780604,37.16761985727064,43.26194763183594,39362500.0
2022-02-01,44.53320699893349,44.73699721080516,41.039646759748926,44.552616119384766,37795600.0
2022-02-02,47.03693384329877,48.03647960810828,45.0863595679596,47.88121032714844,40548600.0
2022-02-03,44.23237914755767,46.38673989841973,40.90379055870409,41.36959838867188,32875300.0
2022-02-04,40.835864032813504,43.20372163321424,39.176419098220215,42.1750602722168,30575600.0
2022-02-07,42.3497405205962,44.174157535414246,41.59280316102694,42.12654113769531,28382000.0
2022-02-08,41.48604858336383,45.49394156491174,41.28225835597448,45.22221755981445,33686800.0
2022-02-09,46.99812630034288,49.7153411868803,45.32897837348008,49.51155090332031,35302800.0
2022-02-10,46.17324560757715,50.66635178911041,44.23237785513244,45.04753875732422,51371000.0
2022-02-11,45.183402688034406,46.24117576302941,37.28406781226644,38.37095642089844,51212800.0
2022-02-14,38.57474865057132,40.61265841927081,36.74062911835946,38.41947937011719,43218400.0
2022-02-15,40.66117833273955,44.921382188647854,40.43797529758861,44.649658203125,39910800.0
2022-02-16,42.76701995848352,45.12517453688663,41.7674742662566,44.73699951171875,35357600.0
2022-02-17,42.81554683735657,43.07756446032469,39.467548813090986,39.66163635253906,41858900.0
2022-02-18,39.92365529679044,40.127445554095054,36.65329366083542,38.45830154418945,46904100.0
2022-02-22,37.09969409939996,40.33124133355784,35.74108862080673,37.46846008300781,49765600.0
2022-02-23,38.88528255605515,40.078915700750585,34.576557762868376,34.8482780456543,52830600.0
2022-02-24,30.86950482894668,38.86588071689315,30.617191768407707,38.75913238525391,68362100.0
2022-02-25,38.81734885654035,40.60294705201764,37.03175066106306,40.54471969604492,40949000.0
2022-02-28,39.01144388385671,40.98142353459955,37.41993286533425,39.79749298095703,43350600.0
2022-03-01,39.57429782465148,40.07892395511968,34.3048408433514,35.498477935791016,46635000.0
2022-03-02,36.362159736631696,39.67133921658801,36.12925396974724,38.93380737304688,41485400.0
2022-03-03,39.448135849948144,39.66162877080893,35.7313725814201,36.439788818359375,45902800.0
2022-03-04,35.54699286966011,36.31363279571524,32.373673744177175,33.74198532104492,46799000.0
2022-03-07,33.79050823278413,34.54744549310554,28.62780016093173,28.705434799194336,50665800.0
2022-03-08,28.79277366257269,33.32470001428048,27.63795681230791,30.238719940185547,68456500.0
2022-03-09,33.111202186463515,34.60567121570238,32.092247376313885,33.897254943847656,46482400.0
2022-03-10,32.09224436548405,32.21840179167783,29.88935927106072,31.78170585632324,43831500.0
2022-03-11,33.15001836420532,33.40232952263588,29.59823081453729,29.78261375427246,34118300.0
2022-03-14,29.122721836413675,29.93788646819593,26.49284498005628,27.084810256958008,49351500.0
2022-03-15,27.60884396461861,30.78216126943018,27.181852549385685,30.57837104797364,42082900.0
2022-03-16,32.06313657177877,35.323795030184954,31.11211180506222,35.226749420166016,55754000.0
2022-03-17,34.207794169676696,35.90605345469611,33.30529036777061,35.8575325012207,37147500.0
2022-03-18,35.527589367531895,38.49711504125258,34.5474489534894,38.01189804077149,39797700.0
2022-03-21,37.555798170567584,38.78824984829407,35.789608510055515,37.846927642822266,38312100.0
2022-03-22,37.64989057266134,39.8143462767259,37.49459341863892,38.42637634277344,34654100.0
2022-03-23,37.37811688599788,38.81462015471396,35.514551082111275,35.611610412597656,38313200.0
2022-03-24,36.708396924620665,41.00819097249946,36.20368028372694,40.8528938293457,44687200.0
2022-03-25,40.83348348688046,41.12466518361092,38.581672935053255,40.77524566650391,36316000.0
2022-03-28,39.98905706959922,41.55173680496836,38.16431268582257,41.45467376708984,35741000.0
2022-03-29,43.52206293343116,44.64796806701816,41.84291153521978,44.24031448364258,40148500.0
2022-03-30,43.39589149595408,43.87149114048562,39.48434165617941,40.134647369384766,38435700.0
2022-03-31,40.04728618004599,40.61024062158981,37.290759192920426,37.64017868041992,38547400.0
2022-04-01,37.92165488292073,38.17401504048326,33.602448471888195,35.223365783691406,57428500.0
2022-04-04,35.50484381600522,37.09664040630442,35.10689096585459,36.84428024291992,28200500.0
2022-04-05,35.999847936118165,36.14544060529073,31.573874483661527,31.913589477539062,57649600.0
2022-04-06,29.94325953392368,31.15651777840822,28.69117422646819,29.613252639770508,69146900.0
2022-04-07,29.360894317695266,30.49650584138987,27.81762732776956,29.613252639770508,55657300.0
2022-04-08,28.98235812648621,29.0794174543442,27.322617331824933,27.45850372314453,71608900.0
2022-04-11,26.24524418645504,26.895549843003668,25.56581776885085,25.711408615112305,60558200.0
2022-04-12,27.215851371673907,27.99233709287214,25.099925467298736,25.4687557220459,66793200.0
2022-04-13,25.983174323391307,27.70115077688883,25.536693719915668,27.20614051818848,50484000.0
2022-04-14,27.71085947593201,27.77880359546754,24.78933083355908,24.85727310180664,51193200.0
2022-04-18,24.51755895159735,26.8567241454562,24.42049777876874,26.18700408935547,49251700.0
2022-04-19,25.89582323321779,28.040866148602426,25.44934256473751,27.90498161315918,45358800.0
2022-04-20,29.18618906081528,29.94326414359022,27.40997608121369,27.662334442138672,51891900.0
2022-04-21,28.730000949521088,29.671490166904864,25.051395257003872,25.439638137817383,53808500.0
2022-04-22,25.332872029023665,25.779350870789784,23.653720443843707,23.731369018554688,57459200.0
2022-04-25,23.187823530725808,25.002861227262613,22.98399674810664,24.91550636291504,58210600.0
2022-04-26,23.983723744835828,24.168139790527736,21.693090032649227,21.77073860168457,55039200.0
2022-04-27,20.984549009311323,22.896646397595365,20.84866260948885,21.30484962463379,52406400.0
2022-04-28,22.51810901752101,25.526992694193915,21.741621414437624,24.828155517578125,63555800.0
2022-04-29,23.585779014745448,25.18728405940488,21.450442040679985,21.586326599121094,48104400.0
2022-05-02,21.722207769031524,23.828427352752755,21.16896146592344,23.779897689819336,57669900.0
2022-05-03,23.61489611027902,24.92521747720109,23.051943459837663,24.371971130371094,53115700.0
2022-05-04,24.934924664835805,27.312913595279863,22.61516985554818,27.196441650390625,77054200.0
2022-05-05,25.750232693558672,25.837587567724228,22.08133353246933,23.284887313842773,64302700.0
2022-05-06,22.556932617528084,24.139024899029216,21.295142794722,22.66370010375977,73607500.0
2022-05-09,21.17866559462493,21.93574047716774,18.75214567129417,19.14038848876953,72482100.0
2022-05-10,20.819542770646738,21.49896727391094,19.140389488976684,20.470123291015625,72934500.0
2022-05-11,19.926587118909776,21.35338051406781,18.412436985893805,18.587146759033203,76546000.0
2022-05-12,17.965957267994817,19.4024569008247,17.432121669095938,18.83950424194336,79889100.0
2022-05-13,19.96540807443392,22.23663114851156,19.58687151251697,21.828975677490234,65885900.0
2022-05-16,21.21749536817827,21.84839031375997,20.576894118659844,20.74189758300781,49300800.0
2022-05-17,22.40163198318695,24.012841073169536,22.1686862914014,23.8575439453125,65619700.0
2022-05-18,22.7122265209792,23.634304848959065,19.926582635570057,20.2371768951416,61497800.0
2022-05-19,19.94599460856729,21.39220222651492,19.315099748805235,19.90717124938965,62522000.0
2022-05-20,20.90690128792495,21.013666929881083,17.140940476398093,19.76158332824707,86718200.0
2022-05-23,19.3442171187628,20.217763920622705,18.87832573794255,20.02364158630371,54498700.0
2022-05-24,19.111275141507043,19.295689358523603,17.898014944506894,18.53861618041992,57291400.0
2022-05-25,18.179489770255767,20.1109997203908,18.16978346683341,19.59657859802246,54536300.0
2022-05-26,19.03362604314387,22.15898355879928,18.90744594938046,21.87750816345215,60520000.0
2022-05-27,22.906351652375687,24.6922707139998,22.896645349169376,24.517560958862305,54680400.0
2022-05-31,24.40108539479037,24.84756605332776,23.05194081925456,24.12931632995605,48671900.0
2022-06-01,24.59520905386892,24.96403931208005,22.04250875029032,23.01311683654785,52378500.0
2022-06-02,22.712231397928743,25.507584036888467,22.61517020814893,25.429935455322266,49439000.0
2022-06-03,23.82842813108364,24.21667285238452,22.809290365888923,23.226652145385746,42093200.0
2022-06-06,24.5078501037754,24.82815064494155,22.78987363238982,23.20723533630371,40514000.0
2022-06-07,22.34339817340126,24.012843384176445,21.87750674499255,23.8769588470459,37067500.0
2022-06-08,23.449891516825005,23.741073205923964,21.761033647217364,22.236631393432617,38501600.0
2022-06-09,21.731912976569053,22.86752443408229,20.411887328173066,20.470123291015625,37937200.0
2022-06-10,19.392746789807184,19.907169680198795,18.111544566041587,18.25713539123535,58924000.0
2022-06-13,16.432395867796462,16.89828732392225,14.889128799502704,15.09295654296875,77061300.0
2022-06-14,15.539436434232856,15.74326325358062,14.762949742566718,15.29678440093994,52253400.0
2022-06-15,15.8694411668931,16.91769773261935,15.015306015996916,16.12179946899414,77001800.0
2022-06-16,14.695005390446648,14.743535049724166,12.608197643976288,13.171150207519531,90753100.0
2022-06-17,13.248799315739925,13.607925103480165,12.404370435841534,13.297329902648926,64012800.0
2022-06-21,14.11263957428753,14.976480984140288,14.06410899159578,14.364997863769531,57522800.0
2022-06-22,13.64485440412922,14.548680529086308,13.547668460452645,13.887818336486816,49362200.0
2022-06-23,14.169657268839083,14.179376049127637,12.96455631807604,13.615699768066406,47625300.0
2022-06-24,14.227966756845309,15.40391210621743,14.159936232498424,15.36503791809082,60548200.0
2022-06-27,15.850966655201669,15.99674464597237,14.937422664248608,15.355320930480955,43426900.0
2022-06-28,15.549692816664567,16.113369107121944,14.111346676003375,14.15022087097168,56957600.0
2022-06-29,13.605979784216233,13.644853975097783,12.663279496796353,13.168644905090332,61516700.0
2022-06-30,12.663278413723232,13.440763091690853,12.031572634218524,12.731308937072754,70274900.0
2022-07-01,12.138478175439689,12.245382901821277,10.816754680347556,11.273527145385742,92067100.0
2022-07-05,10.437731331688395,11.5650839397068,10.23364157148962,11.516491889953612,82942200.0
2022-07-06,11.584519344993677,12.148195544092882,11.195777458316208,11.74973487854004,77177800.0
2022-07-07,12.546657665641591,13.499076788776948,12.546657665641591,13.324142456054688,75926300.0
2022-07-08,12.76046553445812,13.771195431898674,12.59524999024664,13.518512725830078,77437200.0
2022-07-11,12.87708670739026,13.071457642135066,12.293972976322117,12.546655654907228,52520600.0
2022-07-12,12.809057795058688,13.071458339249844,12.362004157886924,12.604968070983888,53368400.0
2022-07-13,11.837203599643948,13.178364676235017,11.788610625676773,12.915963172912598,70014100.0
2022-07-14,12.799340461597414,13.858663390628973,12.187071220225947,13.674010276794434,78227900.0
2022-07-15,14.33487232976708,14.723614259501792,13.644854709362564,14.68474006652832,74112400.0
2022-07-18,15.38447631455202,15.72462619482723,14.218249610061656,14.50008773803711,83926600.0
2022-07-19,15.170667923626386,16.686763301411958,15.06376412478808,16.47295570373535,78348500.0
2022-07-20,16.356333284059005,17.92102173859405,16.03562093941737,17.687776565551758,85890600.0
2022-07-21,17.99876844148816,18.581882246237072,17.18240948557322,18.56244468688965,80210800.0
2022-07-22,18.30976444862661,18.37779406186051,16.667327535355263,17.153255462646484,65689500.0
2022-07-25,16.74507312034702,16.881134177656545,15.96758930858239,16.81310272216797,43336800.0
2022-07-26,16.453518208946782,16.754792973607447,15.79265599975482,15.96759033203125,48959700.0
2022-07-27,16.832541495530688,18.581882978736623,16.686763502013797,18.202857971191406,78797600.0
2022-07-28,18.32920148109026,18.97062617829126,17.085225355841235,18.824848175048828,69548100.0
2022-07-29,18.04736344941892,19.42739887732591,17.804399478686477,19.271902084350582,61313500.0
2022-08-01,18.863720719959115,20.029948408458853,18.49441633567929,19.446834564208984,61205100.0
2022-08-02,18.883156396507,20.28262911233707,18.572162871582005,19.35936546325684,60816500.0
2022-08-03,19.41767242331029,21.108700768970888,19.3107695789241,20.94348526000977,57214600.0
2022-08-04,20.86574438178319,21.643230172106108,20.62278041987001,21.4488582611084,56294600.0
2022-08-05,20.37009697155837,21.4974514211661,19.99107379727434,20.95321083068848,60067800.0
2022-08-08,20.06882074857361,20.78799377689801,19.01921661890184,19.961917877197266,59477700.0
2022-08-09,18.68878398753263,18.68878398753263,16.43407914198747,17.192127227783203,65153600.0
2022-08-10,18.54300916447151,19.4565541638078,17.87242812266428,19.34964942932129,69125300.0
2022-08-11,19.89388378882067,20.992081672767927,19.126118816218167,19.22330474853516,70069200.0
2022-08-12,19.67036188151017,21.10870807268949,19.41767914192442,20.99208641052246,57238400.0
2022-08-15,20.64221589591637,21.35167014813593,20.214598847130603,21.16701889038086,48991600.0
2022-08-16,20.875463645355868,21.128146394027933,19.816140598628657,20.545032501220703,48777200.0
2022-08-17,19.61204889446601,19.63148645391304,18.18341978746049,18.9997787475586,67988800.0
2022-08-18,19.164993657198824,20.75883825908285,18.95118607140588,20.302064895629883,50790800.0
2022-08-19,19.495425081889856,19.806418613433305,18.35835382364182,18.63047409057617,49700800.0
2022-08-22,17.59058542303108,17.639177457951718,16.298017645268608,16.5604190826416,51389400.0
2022-08-23,16.599296419072296,17.551714625442305,16.531266811998407,16.842260360717773,49723200.0
2022-08-24,16.764512830726698,17.09494395655329,16.298022483795457,16.92000961303711,42087500.0
2022-08-25,16.968602186638783,18.83456548568165,16.9297289166941,18.776254653930664,58659800.0
2022-08-26,18.708221946994804,18.785970327692752,15.501097999286076,15.530253410339355,84676900.0
2022-08-29,15.04432789054489,15.598285420262442,14.52924455717885,14.62643051147461,61062700.0
2022-08-30,15.06376284815785,15.131792448304653,13.567105157091646,14.062751770019531,77063100.0
2022-08-31,14.276560405538728,14.286279185373916,13.275549253360854,13.644854545593262,86870500.0
2022-09-01,12.663281590556911,12.886808920209443,11.633114898450042,12.84793472290039,113345600.0
2022-09-02,13.450481061940106,13.742037914510169,12.274535800480017,12.498062133789062,100737200.0
2022-09-06,12.546658977025972,12.66328156875232,11.730299908107572,12.070449829101562,79919100.0
2022-09-07,12.0704483847776,12.945118181481078,11.885795274847268,12.62440586090088,79632700.0
2022-09-08,12.284257362659307,13.411609916394283,12.021855857824152,13.265830993652344,103258300.0
2022-09-09,13.858663941764863,14.432059012526844,13.79063340546221,14.23768711090088,81908900.0
2022-09-12,14.412621907607909,14.626430450060456,13.897538576404626,14.364028930664062,67153300.0
2022-09-13,12.779901341652206,13.110332408744934,11.613674754786045,11.74973487854004,85975600.0
2022-09-14,11.93438821826388,12.381441895384269,11.603957118631351,12.109322547912598,65846900.0
2022-09-15,11.88579497796342,12.313412012611892,11.263807912051227,11.574801445007324,94630600.0
2022-09-16,11.14718509210686,11.759454291777995,10.865346977353529,11.720580101013184,87622100.0
2022-09-19,11.292965139097644,12.08988665879825,11.24437216005478,11.914953231811523,75532200.0
2022-09-20,11.55418838386948,11.73944499770366,11.144672785006865,11.40793228149414,70577400.0
2022-09-21,11.466434222294538,12.59747688295334,11.095920086929128,11.1154203414917,125021300.0
2022-09-22,10.891162949074074,11.037418121549791,9.99412886889147,10.247638702392578,112096100.0
2022-09-23,9.818620653212903,9.886873864128022,9.21409792572276,9.779619216918944,120047000.0
2022-09-26,9.662615542149217,10.101381961717324,9.26285056143455,9.311602592468262,96464800.0
2022-09-27,9.789370147953232,10.023378773832365,9.155596553730344,9.565112113952637,115839400.0
2022-09-28,9.33110368595023,10.091633206775391,9.214099358869683,9.916126251220703,119412700.0
2022-09-29,9.457858064761917,9.49685950488983,8.58032519695003,9.058093070983888,128122600.0
2022-09-30,8.677828765990494,9.370105060256629,8.521822997682813,8.638827323913574,109534300.0
2022-10-03,8.863085889902258,9.75036935217099,8.65832809631196,9.457858085632324,126786100.0
2022-10-04,10.31589015424105,10.822909780056516,10.276888716091216,10.76440715789795,114533100.0
2022-10-05,10.267138808566989,11.368930672087563,9.955127282567425,11.13492202758789,110030200.0
2022-10-06,11.008166714342444,11.622440081326776,10.7741580783106,10.910662651062012,117138000.0
2022-10-07,9.925874113295498,10.023377227435304,8.775330485426437,8.980088233947754,134873300.0
2022-10-10,8.843586319626924,8.863087508228508,7.663791840332683,8.073307037353516,163448700.0
2022-10-11,7.615037750086848,7.819795990913762,7.020265140829054,7.38102912902832,186475200.0
2022-10-12,7.303026836495374,7.429781756858711,7.049517460702568,7.156771659851074,110516500.0
2022-10-13,6.25973747778221,8.151308807360351,6.054979675055961,7.800295829772949,284532700.0
2022-10-14,8.053805754658327,8.063556347719429,6.698504004800472,6.757006168365479,177216100.0
2022-10-17,7.283526346476949,7.478534029749136,7.020266369253298,7.147021293640137,113321500.0
2022-10-18,7.839297921910058,8.005054296429806,6.864260862319912,7.215274333953857,185506400.0
2022-10-19,7.088517887771359,7.605287623342977,7.020265140829054,7.38102912902832,134272400.0
2022-10-20,7.507783889770508,8.209810713060163,7.400530166297944,7.507783889770508,170614600.0
2022-10-21,7.459032861592257,8.424319696942101,7.361529258257388,8.365817070007324,178616600.0
2022-10-24,8.424321191213467,8.590077578750858,7.878299985819499,8.463322639465332,147205700.0
2022-10-25,8.580323145815978,9.233597809193382,8.53157112484338,9.02884006500244,127146900.0
2022-10-26,8.521821478902243,9.428606007915873,8.336564894520698,8.78508186340332,143571600.0
2022-10-27,8.931338921823052,9.20434902606363,8.268313453085316,8.307315826416016,129662300.0
2022-10-28,8.346317322947327,9.321354345588157,8.278064099052388,9.26285171508789,129291600.0
2022-10-31,9.067844661793742,9.116596699787838,8.531574103594261,8.697330474853516,118351000.0
2022-11-01,9.175098015744016,9.282352680795348,8.716830365654614,8.87283706665039,108638200.0
2022-11-02,9.038594466474374,9.526113022037364,7.99530412525944,8.034305572509766,174985600.0
2022-11-03,7.585787595992983,8.083056193510838,7.342028361050113,7.6930413246154785,135668700.0
2022-11-04,8.502321662830688,8.8338343433571,8.209810419432817,8.765581130981445,173041700.0
2022-11-07,9.038593467469305,9.448108153401524,8.658328701407122,9.350605010986328,105846700.0
2022-11-08,9.857623622746562,10.296391011633284,9.370105128310414,9.916126251220703,147373300.0
2022-11-09,9.496859717369537,9.574862599370574,8.950839543362271,9.0093412399292,107444900.0
2022-11-10,10.530400023406818,11.866200631941537,10.296391361298786,11.778447151184082,196270300.0
2022-11-11,11.973452748273871,13.075244545506166,11.53468633376804,12.88998794555664,166468400.0
2022-11-14,12.66572988133414,13.172749546634552,12.412220048683931,12.45122241973877,108739600.0
2022-11-15,13.982029354590887,14.079532487087397,12.977741603657709,13.523761749267578,159797700.0
2022-11-16,12.60722775564139,12.665729450498247,11.573688204537603,11.827198028564451,112310400.0
2022-11-17,11.056918157072008,12.26596364204166,11.027667311592891,12.061205863952637,128795400.0
2022-11-18,12.665730676200846,12.7047321198356,11.768696542733704,12.17821216583252,117064100.0
2022-11-21,11.768694283559189,11.895449183506612,11.446932202872494,11.593188285827637,84238200.0
2022-11-22,11.83695064979763,12.616979580700413,11.554189929878415,12.577978134155272,86949600.0
2022-11-23,12.57797694635503,13.406758769508082,12.51947524699584,12.987492561340332,113790600.0
2022-11-25,12.802233235719653,12.92898813071104,12.509722011113952,12.538972854614258,41754500.0
2022-11-28,12.05145712444662,12.441472486872094,11.31042970258695,11.544438362121582,87803100.0
2022-11-29,11.651690805486815,11.875949776719745,11.212924385087362,11.437182426452637,75056000.0
2022-11-30,11.544436448577592,13.504260739532604,11.23242495424877,13.475008964538574,133385800.0
2022-12-01,13.738271116756852,13.777272558534404,12.616978038383792,13.162999153137209,112133900.0
2022-12-02,12.178211994622268,12.80223601387313,11.992955372428591,12.704731941223145,98017700.0
2022-12-05,12.480473632620658,12.831486613555224,11.895451067861982,12.275715827941896,71095100.0
2022-12-06,12.226964014736271,12.28546664422225,11.09592123686121,11.427433967590332,86923400.0
2022-12-07,11.125171599409736,11.632191266522575,11.047168716756635,11.40793228149414,86276700.0
2022-12-08,11.593188560214552,12.402469076837225,11.359179007921314,12.304965019226074,101888300.0
2022-12-09,12.178211343291396,12.665729820731734,11.8759504080043,12.012454986572266,88787400.0
2022-12-12,11.836948008154296,12.685229978601456,11.64193988908059,12.655978202819824,73482200.0
2022-12-13,14.352543322116466,14.537799922603314,12.81198510591005,13.289752960205078,180078900.0
2022-12-14,13.172747947407863,13.679766621286385,12.226961951107674,12.6754789352417,139612300.0
2022-12-15,11.924700897993004,12.070956991616738,11.037417463506102,11.1154203414917,107181700.0
2022-12-16,10.920414153340008,11.19342425145988,10.501148877979997,10.832660675048828,88813800.0
2022-12-19,10.842410516683875,10.871661364131002,10.091632566423128,10.423144340515137,82876800.0
2022-12-20,10.029780908667496,10.51903851396835,9.941714390403773,10.1863431930542,88304000.0
2022-12-21,10.401616589898667,11.027866647939888,10.372261395467223,10.900659561157228,83240400.0
2022-12-22,10.313550368408382,10.333121120712311,8.914273306961707,9.569878578186035,135617300.0
2022-12-23,9.383961782515332,9.59923540765541,9.031695680797949,9.560094833374023,92378600.0
2022-12-27,9.374177218227109,9.383962595941902,8.933845486096166,9.07083797454834,78142100.0
2022-12-28,8.904489693036135,9.227399670636451,8.552223584246756,8.669645309448242,83917300.0
2022-12-29,9.080620859783467,9.61880441027726,8.982769898993118,9.462242126464844,90966000.0
2022-12-30,9.070836416933806,9.491597321383466,8.865348186133806,9.462242126464844,64369800.0
2023-01-03,9.951500947175129,9.990641522915656,8.99255544175476,9.158903121948242,97509800.0
2023-01-04,9.6677307004002,10.049351980626406,9.374175941240416,9.85364818572998,114576600.0
2023-01-05,9.589450336075862,9.78515321371314,9.32525075137684,9.364391326904297,83312800.0
2023-01-06,9.736227975251804,10.832165103602817,9.354607569159889,10.636462211608888,123492600.0
2023-01-09,11.282280921936035,12.006382938666404,11.037652101831355,11.282280921936035,136968300.0
2023-01-10,11.13550444833204,11.732398457304043,10.949586015036138,11.712828636169434,90401400.0
2023-01-11,11.722610466320477,12.162943008478612,11.399700557527655,12.133586883544922,80469400.0
2023-01-12,12.319509014463916,12.798981335688207,11.56605170981003,12.544567108154297,135343400.0
2023-01-13,12.104234157122908,12.720698908517887,12.006383186968334,12.671772956848145,74389800.0
2023-01-17,12.60327636725231,13.141459934355009,12.39778813011073,12.779409408569336,74500500.0
2023-01-18,13.161031921093384,13.464372105181509,12.534782663391455,12.544567108154297,82050400.0
2023-01-19,12.211871083962189,12.25101259370401,11.370348221397052,11.517126083374023,99618400.0
2023-01-20,11.849819475530152,12.583705921327637,11.497554317493911,12.515210151672363,89921600.0
2023-01-23,12.896830876497912,14.589661756318076,12.847904928943349,14.423314094543455,125178200.0
2023-01-24,13.982982874400204,14.530951824579391,13.85577578001602,14.129759788513184,75816000.0
2023-01-25,13.415443707565055,14.315677784890786,13.043607811870965,14.217825889587402,93424800.0
2023-01-26,14.697299227963992,14.971283231546394,13.992767999852967,14.912571907043455,111443300.0
2023-01-27,14.188471420455285,15.02999421703228,14.041694503172804,14.658158302307127,101402600.0
2023-01-30,14.041695034543022,14.305893682286351,13.43501472274888,13.503511428833008,81286700.0
2023-01-31,13.376303793380252,14.237397341534962,13.34694859662068,14.20804214477539,97363300.0
2023-02-01,14.413531683744552,16.908747123713702,14.364606659309295,16.439058303833008,150219900.0
2023-02-02,16.957669953181643,18.004681018081513,16.64454535803811,17.53499412536621,116420900.0
2023-02-03,16.419486287127363,17.74048035902364,16.243353246509276,16.56626319885254,94867600.0
2023-02-06,15.773664874564751,16.497765854042594,15.5192497810711,15.754094123840332,77254800.0
2023-02-07,15.87151707013576,17.466498011696608,15.783450546178669,17.21208381652832,119100900.0
2023-02-08,16.957670409523754,17.309936521724847,15.998725844498397,16.135717391967773,72392900.0
2023-02-09,16.957669963233343,17.5154233819596,15.861732013211544,16.223783493041992,84793400.0
2023-02-10,15.714954990622704,15.871517287272834,14.922358130535196,15.460541725158691,78447700.0
2023-02-13,15.64646068369426,16.26292641753092,15.235484149926476,16.067222595214844,60332300.0
2023-02-14,15.714955322790676,17.153374019926154,15.333334949935876,16.957670211791992,111460800.0
2023-02-15,16.448839036347078,17.212081520016778,16.077004103094367,17.163156509399414,74638200.0
2023-02-16,16.292275863869527,16.801104158243508,15.832374443783094,15.93022632598877,81774100.0
2023-02-17,15.63667530674138,15.773668728917633,14.716871261185704,15.166988372802734,82871000.0
2023-02-21,14.472241309660976,14.981069715698858,13.591577909284531,13.708999633789062,68114400.0
2023-02-22,13.80684855377108,14.100403288027827,13.2490952119126,13.532864570617676,70471500.0
2023-02-23,14.804936005210124,15.010424247268377,13.973197660406514,14.756010055541992,94198000.0
2023-02-24,13.982982234127496,14.227611035237624,13.660072291316911,14.00255298614502,74689200.0
2023-02-27,14.638588867683335,14.687514819127657,14.188471794128418,14.188471794128418,61896900.0
2023-02-28,14.090620119150085,14.9419292617701,14.002554524947763,14.335248947143556,59300500.0
2023-03-01,14.491813013472182,14.893004165119846,14.16890208343982,14.364605903625488,63832600.0
2023-03-02,13.708999933351045,14.91257333571104,13.366519196173762,14.687515258789062,73485400.0
2023-03-03,14.726654893652173,15.431186144249647,14.335248228571407,15.343119621276855,72055200.0
2023-03-06,15.489897056137144,15.900873554982248,14.71687000986848,14.844077110290527,56252700.0
2023-03-07,14.86364717828206,15.088706185292216,14.17868664653732,14.335248947143556,66744300.0
2023-03-08,14.540737091341798,15.558392970863654,14.530952647515704,15.470327377319336,71670200.0
2023-03-09,15.411614522023031,16.18464243200098,14.482025261299878,14.589661598205566,87945700.0
2023-03-10,14.785365018715424,14.922357488987098,13.51329594652998,13.748139381408691,128656300.0
2023-03-13,13.317593219364763,14.227612769008156,12.86747613314367,13.718785285949709,121199400.0
2023-03-14,14.44288637824896,15.20612806819986,14.22761274609386,14.893003463745115,107012500.0
2023-03-15,14.286323105630792,14.530951919541012,13.454584765062098,14.374388694763184,126199700.0
2023-03-16,14.168902237680795,16.165074506372882,13.992770104055309,16.067222595214844,108646600.0
2023-03-17,16.135716213112932,16.53690731542262,15.489896298840277,15.78345012664795,79179200.0
2023-03-20,15.793236117005254,16.42927254592874,15.440970950031884,16.25313949584961,62536400.0
2023-03-21,16.669637945914015,17.179233433626703,15.621047518379594,16.336441040039062,76051300.0
2023-03-22,16.34623914962397,17.659426353100066,15.875844235622056,15.915042877197266,95075000.0
2023-03-23,16.679431432735782,17.80641963890815,16.297234034558073,17.140026092529297,97514400.0
2023-03-24,16.757835110650156,16.87543290416589,15.71904587840612,16.238439559936523,90583300.0
2023-03-27,16.42463726583589,16.58143556061183,15.493646689660098,15.650444984436035,64605200.0
2023-03-28,15.55244482139476,15.562244947986292,14.60185403762096,15.31724739074707,75621600.0
2023-03-29,16.013037348751705,17.120425267750463,15.97383685007716,16.738229751586914,90012500.0
2023-03-30,17.404629247665156,17.924024818227814,17.22823068146715,17.59082794189453,80622200.0
2023-03-31,17.20862450750602,17.973017408434792,17.081226625275885,17.93381690979004,68287500.0
2023-04-03,17.561428082421145,17.79662555465022,16.787234767465005,17.453628540039062,57147300.0
2023-04-04,17.512428106907965,17.54182662067737,16.179640653320224,16.454038619995117,64093400.0
2023-04-05,15.92484191290773,15.983640805830277,15.072250488798426,15.601445198059082,86953300.0
2023-04-06,15.140847389616212,15.689642276102411,14.788051277683854,15.34664535522461,65901100.0
2023-04-10,14.915450773027294,16.169837939365163,14.837051633543142,16.06203842163086,63177700.0
2023-04-11,16.385436351168813,16.454037238967114,15.787643568105311,15.88564109802246,52220200.0
2023-04-12,16.326638584573104,16.40503773541974,14.964452637669124,15.0232515335083,76962300.0
2023-04-13,15.082049276194711,15.630843256153923,14.7390523377766,15.356446266174316,59431400.0
2023-04-14,15.327048386335884,15.86604322973985,14.778253415784748,15.268248558044434,56858500.0
2023-04-17,14.797853670079087,15.307448132041545,14.650854566646244,15.268248558044434,56761700.0
2023-04-18,15.699445133347208,16.032641986553067,15.101650449210256,15.46424674987793,56833200.0
2023-04-19,14.89585200481397,15.072250553522204,14.680253882458524,14.954651832580566,53185600.0
2023-04-20,14.494057151077754,15.581846096517411,14.454857574699522,14.89585304260254,65191000.0
2023-04-21,14.788053702776988,14.788053702776988,14.19025902461997,14.562655448913574,68276000.0
2023-04-24,14.48425554805198,14.739053235854067,14.07265957070754,14.337257385253906,48740200.0
2023-04-25,14.131458450170092,14.131458450170092,12.906470726920892,12.935870170593262,89382800.0
2023-04-26,13.34746797667211,13.514066404971004,12.916272649340122,13.10247039794922,68911200.0
2023-04-27,13.063271655008416,13.327869505490836,12.269479972744456,13.26906967163086,87997600.0
2023-04-28,13.484667172804109,13.984462465691564,13.269069038395312,13.94526195526123,65456800.0
2023-05-01,14.170658448674123,14.4940551426292,14.033459483066231,14.366656303405762,57191000.0
2023-05-02,14.366655969339304,14.611653515704822,13.631663330242752,14.062859535217283,61126500.0
2023-05-03,13.837461570676242,14.32745667275936,13.533665130755942,13.563064575195312,71240700.0
2023-05-04,13.229867164391148,13.719862244553784,12.955470181185676,13.327866554260254,62383900.0
2023-05-05,13.347467843041477,14.386257977646796,13.171069289057732,14.180459976196287,62636200.0
2023-05-08,14.170659556895838,14.40585700096751,13.7884630093357,14.356857299804688,41012800.0
2023-05-09,13.788464922158134,13.837464630118504,13.465068158048068,13.661066055297852,57414300.0
2023-05-10,14.0922596771009,14.347057362243405,13.631664005434295,14.02366065979004,78346700.0
2023-05-11,14.043260330382273,14.141259730074784,13.367067463196884,13.78846263885498,54962200.0
2023-05-12,13.896262097217395,14.08245983420926,13.318067697971369,13.739463806152344,46243600.0
2023-05-15,13.817863912316833,14.837053809686315,13.690465058321696,14.807653427124023,64054000.0
2023-05-16,14.680252780122228,15.258447148945812,14.670453588389911,14.748852729797363,54294600.0
2023-05-17,15.17024892246732,16.013041152332093,14.837053015911543,15.817042350769045,77302900.0
2023-05-18,16.01304031536063,17.443825136763923,15.993440062392173,17.31642723083496,91302200.0
2023-05-19,17.23802720844023,17.287025969177826,16.71863174638032,17.042028427124023,49521200.0
2023-05-22,16.58143324537578,17.365424609788146,16.552032868266746,17.179227828979492,43944400.0
2023-05-23,16.85583411754909,17.198829231473272,16.45403823908089,16.581436157226562,41287200.0
2023-05-24,15.572045753598893,15.905241660916412,15.180049084168166,15.70924472808838,87475800.0
2023-05-25,17.796626753643224,19.00201458097029,17.277231132571735,18.766817092895508,124768700.0
2023-05-26,19.64880399575627,22.79457370720323,19.62920561110506,22.422176361083984,112964600.0
2023-05-30,24.0783606496744,24.30375796330941,22.13798036248215,22.412378311157227,99439100.0
2023-05-31,21.275587302517422,22.216378908842508,20.66799439790896,20.72679328918457,73938700.0
2023-06-01,21.050191448228443,22.294779592781065,20.4131981194142,21.71658515930176,74757400.0
2023-06-02,22.23598126521384,22.43197821106258,21.09919262406813,21.57938766479492,65015000.0
2023-06-05,21.314789074248257,21.314789074248257,20.24659949524553,20.55039596557617,35747700.0
2023-06-06,20.13880004349461,21.61858563006732,20.02120225350044,21.2951889038086,49445200.0
2023-06-07,21.706780656188137,22.63777201237248,21.05998733033602,21.20698547363281,65066100.0
2023-06-08,21.35398962193566,22.02038145855952,21.03059102719122,21.834184646606445,43045900.0
2023-06-09,22.56917715894129,23.01997179727729,21.647985758588973,21.9517822265625,50142100.0
2023-06-12,22.73577715679493,24.18616244463492,22.66717626130863,24.10776329040528,52761000.0
2023-06-13,25.2739507491608,25.558146964353696,24.225359557426565,25.04855155944824,82626800.0
2023-06-14,24.80355237534052,26.16574007582826,24.34295763685192,26.1069393157959,84622000.0
2023-06-15,25.23474918623469,26.03834090008627,24.911352475314345,25.430747985839844,64797200.0
2023-06-16,26.23434065899721,26.25394091351106,24.62715530334135,24.73495483398437,55392600.0
2023-06-20,24.3625562627358,25.03874813528984,23.50016386503417,24.156757354736328,43349100.0
2023-06-21,23.72293339027573,24.037014127605527,22.280124301141186,22.35864448547364,59099400.0
2023-06-22,21.86789514356695,22.947547322598613,21.80900359513067,22.672727584838867,44637500.0
2023-06-23,21.54399705733672,21.867893054518103,21.121950360873623,21.485105514526367,44294000.0
2023-06-26,21.90715516414634,22.88865854513547,21.64214880198268,21.68140983581543,47524300.0
2023-06-27,21.87771201613433,24.037018405615584,21.602890386024708,23.919239044189453,54471000.0
2023-06-28,22.751244956321223,23.9879392391039,22.682540030400325,23.2812557220459,55584500.0
2023-06-29,23.664042843670952,23.664042843670952,22.741429307881056,23.369590759277344,45213700.0
2023-06-30,24.11553456197035,24.70443688660394,23.84071484999185,24.370725631713867,47598800.0
2023-07-03,24.79277503232148,25.27371145279432,24.223503159918,25.01852035522461,25289900.0
2023-07-05,24.527766667602688,24.71425281441215,23.38922301604723,23.40885353088379,38292000.0
2023-07-06,22.18197456826848,22.623649922338373,21.63233325401598,22.55494499206543,49420400.0
2023-07-07,22.653097695346844,23.58552664528879,22.407721852948345,22.53531646728516,41284000.0
2023-07-10,22.73161732581461,23.98794228165682,22.653097133078788,23.870161056518555,39943500.0
2023-07-11,24.22350084062561,24.282390512251247,22.84939664625769,23.889789581298828,44231000.0
2023-07-12,24.96944503136061,25.37186124354259,24.537583045579098,25.214820861816406,54237000.0
2023-07-13,26.019653589912465,26.9422672473754,25.725201466686908,26.77541160583496,42645500.0
2023-07-14,26.834302334294204,27.51154018500336,25.42093695474831,25.74483299255371,47910200.0
2023-07-17,25.79391023910816,28.00229290735843,25.29334327632312,27.540985107421875,50068600.0
2023-07-18,27.236718667901247,28.02192061940949,26.588926589889667,27.737285614013672,45800100.0
2023-07-19,27.88450751946712,27.9139532912675,26.53984909908763,26.78522491455078,49085500.0
2023-07-20,25.31297436862328,25.57797887205881,23.428487707371463,23.84071922302246,67340600.0
2023-07-21,24.54739610978087,25.11666791068288,24.04682923573566,24.459060668945312,43146400.0
2023-07-24,24.44924740195331,24.969444832317706,24.05664645076745,24.43943214416504,29911500.0
2023-07-25,24.84185025954533,26.098175271821614,24.84185025954533,25.64668273925781,39288500.0
2023-07-26,24.7338835193421,25.254079062026413,23.76219362022264,24.596471786499023,54225500.0
2023-07-27,26.500589937329973,27.53116768606519,25.51908660631775,25.970577239990234,83083300.0
2023-07-28,27.47227975150408,27.913957027279533,26.64781675143601,27.62932014465332,60636000.0
2023-07-31,27.933584458984697,28.218221329246777,27.43301939760841,27.884510040283203,37007400.0
2023-08-01,27.29560712880116,28.1887750108304,26.93245194445206,28.002290725708008,36908400.0
2023-08-02,26.99134340641743,26.99134340641743,24.331470100232764,24.812406539916992,81886500.0
2023-08-03,23.84071528598568,25.12648404330018,23.62478336883208,24.68480682373047,51031600.0
2023-08-04,24.360912037174263,25.47001183414197,23.63459980698121,24.419801712036133,59250900.0
2023-08-07,24.98907379945336,25.303156436538668,24.51795265192894,25.185375213623047,40030800.0
2023-08-08,24.046831298048268,24.095905715135046,22.99662304701149,24.00757026672364,52987700.0
2023-08-09,23.948679210017165,23.98794023907652,22.52550060385585,22.66291046142578,49811500.0
2023-08-10,23.222368327421847,23.958495815075715,21.89733847523108,22.388090133666992,65350400.0
2023-08-11,21.52437006785588,21.593075006983383,20.62138685631744,20.74898147583008,66258400.0
2023-08-14,20.474161036276666,22.53531662961612,20.277859612116178,22.50587272644043,55110100.0
2023-08-15,22.20160472898053,22.39790425918985,21.29862164822472,21.39677047729492,45574800.0
2023-08-16,21.308437137151827,21.377143945180528,20.09137319025135,20.150264739990234,54398900.0
2023-08-17,20.238597233526413,20.36619182850072,19.34542758043101,19.541728973388672,50769000.0
2023-08-18,18.864492011538697,20.052111931395125,18.756527925783683,19.77729034423828,63687900.0
2023-08-21,20.13063725732283,21.622523044974688,20.01285601216321,21.47529602050781,60272400.0
2023-08-22,22.28994050068958,22.39790646980546,20.709721357455035,20.955097198486328,59640500.0
2023-08-23,20.56249614819309,22.466611319385404,20.513419856934064,22.18197631835937,67010200.0
2023-08-24,23.448110939808554,23.477556709867432,19.86562462033878,20.032480239868164,87095000.0
2023-08-25,19.96377608892238,20.77842370477218,19.04116251740743,20.277856826782227,73315300.0
2023-08-28,20.866761417565737,21.190657447747075,20.376009743226195,21.023801803588867,57976500.0
2023-08-29,20.69990575708948,22.878842515494505,20.58212453163045,22.643281936645508,62384100.0
2023-08-30,22.496055311047986,23.261628545385857,21.9562292544702,22.96717643737793,58519900.0
2023-08-31,22.74143096283426,23.83090019744341,22.711985190631417,23.41866874694824,57584100.0
2023-09-01,23.89960825228762,24.056648647099493,23.07514524349072,23.57571220397949,50183300.0
2023-09-05,23.31070583570852,24.12535358582104,22.94754875266284,23.57571220397949,39873800.0
2023-09-06,23.42848400962693,23.84071546021497,22.240864072809696,23.006437301635746,45032300.0
2023-09-07,21.455661732557346,21.642146002936915,20.611568335013786,21.465476989746094,61690800.0
2023-09-08,21.31824975684986,21.77955747902888,20.827498135514805,21.102319717407227,40693000.0
2023-09-11,21.82863214151856,21.89733706975874,20.20915214703956,21.0532455444336,55474600.0
2023-09-12,20.61157064690724,21.573443494466325,20.46434551670029,20.55268096923828,49005100.0
2023-09-13,20.493786200461034,21.465476025751773,20.405452633867046,20.83731269836425,56098900.0
2023-09-14,21.45566271731152,21.52436764871724,20.66064369715369,21.24954605102539,54201500.0
2023-09-15,20.84713083014726,20.876576604452005,19.090240815483625,19.423952102661133,77383000.0
2023-09-18,18.933199792082103,19.806737140931126,18.844864344213214,19.56136131286621,41631100.0
2023-09-19,19.42667283133273,19.4758286415018,18.75814331205936,19.10223960876465,50047300.0
2023-09-20,19.328361551002555,19.583975918559787,18.12894201877939,18.16826629638672,58695600.0
2023-09-21,17.460407199785255,17.824164628328955,17.09664789606794,17.126142501831055,68048000.0
2023-09-22,17.59804985280994,18.060122762814515,17.332603952404007,17.5390625,65378900.0
2023-09-25,17.312940419016638,17.971638374699562,17.04749455437414,17.912649154663086,56510100.0
2023-09-26,17.440748134952454,17.61771205982783,16.70339969808774,16.949182510375977,70947400.0
2023-09-27,17.34243349608766,17.775011742355353,16.605085107646193,17.381759643554688,80980900.0
2023-09-28,17.273613435052102,18.89577940394915,17.05732526425709,18.325563430786133,88909800.0
2023-09-29,19.10223824352805,19.32835795442328,18.34522681991477,18.55168533325196,75732800.0
2023-10-02,18.630334351144707,19.249706094336226,18.119105749516788,18.758140563964844,65982800.0
2023-10-03,18.286240917186667,19.062913599531683,17.234290820434797,17.58821678161621,77741000.0
2023-10-04,17.873324016803718,18.492695795773937,17.470240408628506,18.325563430786133,74018800.0
2023-10-05,18.26657686956352,18.55168580591853,17.51939696327928,18.08961296081543,63584100.0
2023-10-06,17.716024328440863,19.45616696853624,17.362096503289557,19.141563415527344,92805900.0
2023-10-09,18.600843930170107,19.200554612236893,18.138772902699664,19.053083419799805,62652500.0
2023-10-10,19.23004460634149,20.272164966654465,18.96460062321822,19.71177864074707,67622800.0
2023-10-11,19.96739544284792,20.33115483553267,19.48566134860394,20.16402244567871,62660000.0
2023-10-12,20.32132233243704,21.20614005279108,19.75110630152676,20.331153869628903,83392100.0
2023-10-13,20.44913070283359,20.53761267163412,18.53202575422841,18.659832000732425,88671200.0
2023-10-16,18.807300509537924,19.662625545859413,18.77780777133056,19.475830078125,65688500.0
2023-10-17,18.315732151243346,19.42667137972186,17.607878411762155,18.97443008422852,90214600.0
2023-10-18,18.06012159425557,18.47303678755622,17.67669913786452,17.97163963317871,81406400.0
2023-10-19,18.443541187602698,18.61067356344328,16.939349805037413,17.135976791381836,115930900.0
2023-10-20,17.12614552960243,17.489904897629614,16.29048363697831,16.359302520751953,83690500.0
2023-10-23,16.07419539591205,16.968844632381213,15.562966725022834,16.1135196685791,89594500.0
2023-10-24,16.378964956701346,16.841035926305988,16.14301370359426,16.75255584716797,79093400.0
2023-10-25,16.103688899379083,16.24132854821072,14.461860589807674,14.717474937438965,107436500.0
2023-10-26,14.87477659403351,15.415498993370994,14.235740690239368,14.481523513793944,101804700.0
2023-10-27,15.04190668853188,15.307351609828112,14.67814827781516,14.845280647277832,91507300.0
2023-10-30,14.570004876592574,14.855112902599208,13.783500623875666,14.284896850585938,104353000.0
2023-10-31,14.29472803281906,14.776462110030506,13.773668743949267,14.64865493774414,75873100.0
2023-11-01,14.697811330201784,15.74976235732344,14.67814919364304,15.68094253540039,100044400.0
2023-11-02,16.61491763744984,17.11631479657529,16.103688940870082,16.791881561279297,89974100.0
2023-11-03,17.30310899024253,18.443540998958223,17.204795498075892,18.06995010375977,88065900.0
2023-11-06,18.13876945567269,18.325563013626976,17.43091386705015,17.942142486572266,52668800.0
2023-11-07,17.85366325853902,18.56151707985071,17.755349759007775,18.28624153137207,56719500.0
2023-11-08,18.34523094616393,18.6401696027852,17.971641856098717,18.35506248474121,50269100.0
2023-11-09,18.71881730257693,19.36768368752341,17.971637431238058,18.07978057861328,75784400.0
2023-11-10,18.738481306946625,20.42946827573757,18.51236156699056,20.252504348754883,95598900.0
2023-11-13,19.77076725891631,19.859249208994733,19.24970709458492,19.68228530883789,57461900.0
2023-11-14,21.14715525938764,22.01231000986853,21.019347135628173,21.76652717590332,94381100.0
2023-11-15,22.22859548584943,22.78897993084163,21.805848799227576,22.24825668334961,78026200.0
2023-11-16,21.99264419125141,22.523534026073165,21.766522606341923,22.33673858642578,61404400.0
2023-11-17,22.090959692738128,22.897128935957248,21.99264806262466,22.73982620239257,54090800.0
2023-11-20,22.70049877180072,24.008063147507343,22.661172625079256,23.772111892700195,56824400.0
2023-11-21,23.172402990131825,23.20189760234784,22.071297053170355,22.4547176361084,63297900.0
2023-11-22,22.83813639459328,23.71312440202857,22.4350527690454,22.612016677856445,64858200.0
2023-11-24,22.582523914370025,22.759487837649846,22.36623571656915,22.70050048828125,21933500.0
2023-11-27,22.40556130229577,23.1429097139526,22.21876584629399,22.582523345947266,40671500.0
2023-11-28,22.120454350057862,22.50387495873647,21.59939408363825,22.159780502319336,53548300.0
2023-11-29,23.064255538265705,23.8900858420824,22.74965387494008,22.828304290771484,69262600.0
2023-11-30,23.054425686115646,23.074086883530285,21.81568024065052,22.42522048950196,58913500.0
2023-12-01,22.00247654386368,22.80864574378785,21.4715866441004,22.680837631225582,54913400.0
2023-12-04,21.98281437793547,22.06146479945044,20.93086428698247,21.933656692504883,55773300.0
2023-12-05,21.31428532348832,21.717368976962348,20.9800205559478,21.560068130493164,51980900.0
2023-12-06,22.444885267751243,22.50387261482542,21.048838885835977,21.10782623291016,60117400.0
2023-12-07,21.648548493668173,23.00526866315137,21.45192151250302,22.78898048400879,77337000.0
2023-12-08,22.62184987750519,23.63447572171424,22.562862528623054,23.30021095275879,69286800.0
2023-12-11,23.97856883736783,25.93499965705679,23.899918418115096,25.6695556640625,80772700.0
2023-12-12,25.315629344541243,26.269265969059376,25.168160034073868,26.20044708251953,55752100.0
2023-12-13,26.24960294286465,27.92092480381844,25.974325540686603,27.44902229309082,80992700.0
2023-12-14,28.13721516866651,29.97566942333897,28.127383631855427,29.68073081970215,86502800.0
2023-12-15,29.94617245313909,31.05711164798825,29.83802930708672,30.054317474365234,66922000.0
2023-12-18,30.04448910524681,30.191958410988992,28.96304440451421,29.77904510498047,46100400.0
2023-12-19,29.818368025415232,30.45740290475812,29.779043754082405,30.23128318786621,39361100.0
2023-12-20,29.690561919859352,30.10347708398259,27.576828415910708,27.625986099243164,59562600.0
2023-12-21,29.313874826622577,29.96419929427396,28.919739070377428,29.81639862060547,62019200.0
2023-12-22,30.171120730641576,30.624376365299376,29.4419672567693,30.062732696533203,42657600.0
2023-12-26,30.47657889265883,32.05312203018106,30.456871633592883,31.68854713439941,48619700.0
2023-12-27,32.08267961744916,32.260041161626944,31.383087068679828,31.8757553100586,47991500.0
2023-12-28,32.11223640228674,32.29944968207877,31.58015180653112,31.74766159057617,34883800.0
2023-12-29,31.69839644326258,31.87575800242108,30.43716203037997,30.939685821533203,53294900.0
2024-01-02,29.451820513107947,29.46167414148305,26.86037639085253,27.628942489624023,79763800.0
2024-01-03,26.20019872895847,26.65345436488029,25.50060613863406,25.86518287658692,62304900.0
2024-01-04,24.59409195117502,25.944008932312,24.436437660158827,25.20500373840332,75067000.0
2024-01-05,25.273977401488374,26.22975866059436,25.027642335432176,25.54987335205078,73944700.0
2024-01-08,26.1016648113176,28.24970700633142,26.0425449184366,28.01322555541992,73206500.0
2024-01-09,27.09685901559469,28.71281655184796,26.949058342296222,28.00337219238281,67616000.0
2024-01-10,28.220143532402144,28.259558043633493,26.692866930546764,27.75703430175781,62528400.0
2024-01-11,27.835861285217927,28.614280963087463,26.38741183474355,28.042781829833984,77551200.0
2024-01-12,28.16102361850622,28.555159333513032,27.205244274691285,27.688060760498047,48992100.0
2024-01-16,27.73733010843417,29.3927021751626,27.29392808445248,28.7620849609375,77707000.0
2024-01-17,27.954105662538925,28.131465341181915,26.56477408442917,28.01322555541992,77075400.0
2024-01-18,30.26965216457191,30.85100306935908,29.37299267672473,30.73276329040528,99590300.0
2024-01-19,31.94472831963997,34.47705615828945,31.43235283050356,34.348960876464844,91848600.0
2024-01-22,35.156940255568244,36.0338924725452,33.71834439943134,34.74309539794922,73322100.0
2024-01-23,34.713533989335616,35.48209812469137,33.71834206429226,35.39341735839844,50847400.0
2024-01-24,36.55612843597253,38.34944771720739,35.72844232472757,36.87143707275391,97248200.0
2024-01-25,38.920943428510654,38.95050243590149,35.984629666476025,36.57583236694336,82851400.0
2024-01-26,34.35881444416539,35.028846133961245,33.20596812302464,33.51142120361328,70933100.0
2024-01-29,33.72819822477678,34.615006003724886,33.018752001618296,34.52632522583008,54398800.0
2024-01-30,34.053358933086606,34.61500255080359,32.5654931144665,33.038455963134766,55768200.0
2024-01-31,31.452061563820177,33.37347396697899,30.6834954749242,31.62942123413086,85888800.0
2024-02-01,31.8067829533969,32.24033508109243,30.74261740830985,31.97429275512696,60671300.0
2024-02-02,31.87575483245827,33.42273868778319,31.69839329093793,33.156700134277344,67828900.0
2024-02-05,34.04350519862963,35.07811171888346,32.93006965343942,34.58544158935547,65899800.0
2024-02-06,34.8514896923639,34.95987774024606,32.18121804941868,33.334068298339844,62828900.0
2024-02-07,33.93511411694868,34.96972430293494,32.969481200966044,34.84162902832031,63261800.0
2024-02-08,35.21606282866441,37.39366391862101,35.117526546609355,36.60539245605469,59516900.0
2024-02-09,37.30498394460392,38.96035593089957,36.62509673954772,38.74357986450195,65860900.0
2024-02-12,38.832259506678994,40.72411476095002,38.08340256273877,38.57607269287109,72207900.0
2024-02-13,35.18650256751852,37.403518327996125,34.64456613337901,36.2999382019043,86489300.0
2024-02-14,37.58087953275008,38.6943151565651,37.05865036138134,38.546512603759766,62424100.0
2024-02-15,39.4136114950843,39.53185127711258,37.93560106401864,38.536659240722656,60937300.0
2024-02-16,39.255955213955815,40.18217368408478,37.413370022212405,37.76809310913086,77150800.0
2024-02-20,36.6940795717277,37.11777250207216,34.15189943700807,35.8860969543457,80980100.0
2024-02-21,34.59529593012024,35.62005066708417,34.07306681324087,35.61019515991211,64615200.0
2024-02-22,39.85701991476145,41.43356305057914,39.28552067879296,40.81279754638672,96865500.0
2024-02-23,41.52224120426123,42.054325888404726,38.83226253501366,39.58111953735352,68430000.0
2024-02-26,40.61572861588408,41.18722403879767,39.80774986567093,40.60587310791016,49475100.0
2024-02-27,41.197082304355824,41.54194993102796,40.18217916528098,40.50734329223633,48124600.0
2024-02-28,39.15742328076031,39.90628021865692,38.57607238154493,39.2165412902832,46281900.0
2024-02-29,40.60587315910137,42.49772850355803,40.1723247770764,42.21197891235352,67431600.0
2024-03-01,43.749110460352505,48.23240803638206,43.59145616401218,47.62149810791016,90615500.0
2024-03-04,49.26701401335964,50.656343658185385,48.28167373309245,49.04038619995117,81255500.0
2024-03-05,47.30618963235725,48.28167825504477,44.59650360783943,46.1533432006836,76835800.0
2024-03-06,49.04038746203191,51.08989334316988,48.005780892880175,49.48379135131836,91762300.0
2024-03-07,51.38550219563079,55.23818292171683,51.33623216973032,54.50902938842773,91590800.0
2024-03-08,55.1199285888944,56.1545387900355,48.08460027027223,48.23240280151367,129037200.0
2024-03-11,46.251871889925006,47.089413392241966,44.43884560477907,46.08436584472656,76456400.0
2024-03-12,47.72988123911165,48.96155657437875,45.32565233782921,48.853172302246094,89505900.0
2024-03-13,47.19779891329081,47.335745945234855,44.428991490789855,45.40447998046875,79513600.0
2024-03-14,44.83298250619921,45.66066848743388,41.56165309436095,42.89186096191406,77822900.0
2024-03-15,41.197078519554815,43.49291942071305,41.00986146046807,42.11344528198242,72496500.0
2024-03-18,44.04471295733329,44.59650112968425,41.70945745660863,41.91637802124024,65139200.0
2024-03-19,40.14623441719709,41.36906416863359,38.410609097149,40.84640121459961,83450200.0
2024-03-20,41.01405593910194,43.19345064319851,40.05748743270727,42.79899215698242,79396800.0
2024-03-21,46.960542213587615,48.08475453323982,45.42214799169308,45.66868591308594,82495700.0
2024-03-22,45.04740789580394,46.84220360673339,44.62336238325655,45.78702163696289,57152800.0
2024-03-25,43.88375106859738,46.526637950756914,43.528735851311744,45.25450134277344,54917700.0
2024-03-26,46.171622677845306,46.71400536499149,44.2584897181745,44.40641021728516,55697600.0
2024-03-27,45.58978720529816,45.895495550131166,43.30191583496078,45.856048583984375,56643600.0
2024-03-28,45.6686845696048,46.6449726029528,45.37283606314053,45.88563537597656,45684700.0
2024-04-01,46.08286716666169,49.2977237230192,46.07300730516763,47.32542037963867,63270000.0
2024-04-02,45.195329707937496,45.52075778029976,43.76540913321468,45.24463653564453,57411500.0
2024-04-03,43.6766603726018,46.526638227861866,43.59776642968167,45.55034637451172,54158200.0
2024-04-04,47.46348512977576,47.8185003642851,41.39865031793887,41.78324890136719,82719300.0
2024-04-05,42.108676276682814,43.91333184298079,41.35919891480201,43.01593399047852,71151400.0
2024-04-08,43.883750438690186,44.56419375414043,42.89759874343872,43.39067459106445,42780900.0
2024-04-09,44.741701532904976,45.21505389702805,42.57216704260493,44.76142501831055,66283900.0
2024-04-10,42.51300198958501,44.15001372274644,41.60574043525259,42.49327850341797,74894000.0
2024-04-11,43.10469132478861,45.412286529316766,42.06923275803617,45.165748596191406,64703800.0
2024-04-12,42.72009381023644,42.94690826291109,40.46180538396612,40.935157775878906,79978400.0
2024-04-15,42.394668560604025,42.79899065788928,38.558534806030856,39.22911834716797,62077800.0
2024-04-16,39.199527411337456,40.59986092448515,38.66700462667428,39.97858810424805,62696200.0
2024-04-17,40.037757614935934,40.28429554054975,36.13259777606191,36.546783447265625,85426600.0
2024-04-18,35.54090810582997,36.29038174123599,34.05181693490682,34.42655563354492,91529700.0
2024-04-19,33.48971235433257,34.10112914472412,29.781783448689737,30.36361312866211,105240100.0
2024-04-22,31.142669019814576,32.395080185323486,30.077625313460587,31.625883102416992,65096900.0
2024-04-23,32.36549404175719,34.18001307067745,32.138679633375865,33.637630462646484,66511500.0
2024-04-24,36.398857249398,36.96096338892328,34.12084558372664,34.9985237121582,80370100.0
2024-04-25,34.791429352548825,37.65127067060203,34.16029289220137,36.89193344116211,80677600.0
2024-04-26,36.8031807770781,39.73205250075175,36.49747239884481,39.248836517333984,59041700.0
2024-04-29,39.05159987902629,40.264569596088776,38.1739256013406,40.04761505126953,51120700.0
2024-04-30,39.524965540096616,40.91543941321217,37.5921051731054,37.651275634765625,56304200.0
2024-05-01,35.58035772795169,37.53293778445581,33.184008621817,33.89403533935547,97290300.0
2024-05-02,35.48173609501773,36.3988574351055,33.647493414842195,35.94522857666016,56653400.0
2024-05-03,38.21338140354229,39.03188918510955,37.57238124299274,38.43033599853516,58599400.0
2024-05-06,39.41648565262599,40.80695943442155,38.93326965214598,40.728065490722656,48404800.0
2024-05-07,40.95487435162953,41.32961300936103,39.72218486344545,39.80107879638672,51508400.0
2024-05-08,38.51908805287419,39.939145194401824,38.42047062243249,39.85039138793945,53735100.0
2024-05-09,39.84053302688307,40.05748385828813,38.76562744672689,39.40662384033203,39132700.0
2024-05-10,40.58014817581812,41.65505379097013,39.95887148694699,40.46180725097656,47048400.0
2024-05-13,41.02390678427388,41.487399259606896,40.51111124110668,40.69847869873047,30565400.0
2024-05-14,40.60972747195912,42.83842866779212,40.48152669711455,42.61161422729492,41581500.0
2024-05-15,44.0513971403744,46.41816285982086,43.38081740713065,46.3491325378418,58063500.0
2024-05-16,46.309684095997895,47.364866140635286,45.57007030236214,45.61937713623047,46325500.0
2024-05-17,46.36885456681885,46.72386978976324,43.71610778050494,44.77128982543945,40965800.0
2024-05-20,45.323533054835096,48.61728001598581,45.17561255099881,47.58182144165039,55103200.0
2024-05-21,45.90535841632411,47.5226465155348,45.76729778764076,47.315555572509766,36437200.0
2024-05-22,48.567970035700405,49.30758379258924,47.433894103722814,48.696170806884766,55487800.0
2024-05-23,52.41396206151404,52.46326889197801,46.89151052653897,48.134063720703125,81175900.0
2024-05-24,49.32730474258072,51.34891482181151,48.66658119754242,50.727638244628906,48477400.0
2024-05-28,52.60133049576984,54.129864839668926,51.03334918202134,53.2916374206543,50658400.0
2024-05-29,50.44165743805766,51.20099088359744,49.94858162248279,50.27400970458984,42965600.0
2024-05-30,50.13595039766718,50.62902622621943,48.301707713553625,49.30758285522461,38260500.0
2024-05-31,49.60342891874788,50.0176145819158,43.76541275917633,47.917110443115234,72522600.0
2024-06-03,50.10636838388963,50.2247055325647,45.48131458151021,47.917110443115234,53127300.0
2024-06-04,47.78891257213832,47.976283810941446,45.78702573726114,46.93096160888672,46692500.0
2024-06-05,49.33716804423933,53.12399069946059,48.88353916787375,52.778839111328125,66560100.0
2024-06-06,53.045102237150246,53.045102237150246,50.52055246466145,51.7828254699707,43947600.0
2024-06-07,51.50670667711746,52.16743032151762,50.10637296448235,51.15169143676758,50248700.0
2024-06-10,49.820380488601245,53.8241574357275,49.72176306909376,53.202880859375,43759400.0
2024-06-11,52.6407771769939,53.72554250881457,50.984042071103005,53.41983413696289,37695700.0
2024-06-12,56.457185611003794,58.62672013358235,56.02328021123618,57.906829833984375,73759300.0
2024-06-13,59.2381320976262,60.63846946258806,57.49264314369671,60.01719284057617,45660700.0
2024-06-14,58.13364326026399,59.71148446989461,57.541949985249865,59.26771545410156,39112000.0
2024-06-17,60.15525252237505,62.27548014061664,58.13364232932499,61.8021240234375,54196500.0
2024-06-18,62.54173686133577,65.27338118985703,62.22616862911838,64.33653259277344,47069100.0
2024-06-20,64.61264996020617,64.91836207442456,57.97585386044352,59.18881988525391,60852900.0
2024-06-21,57.61097851839564,59.34660755709361,55.25407663870322,57.39402770996094,50012300.0
2024-06-24,55.66826358285927,56.69386224201819,52.295622851128606,52.48299407958984,54326400.0
2024-06-25,53.62914954513871,54.83563356620868,51.76997825105733,54.687294006347656,43610200.0
2024-06-26,54.54884835923988,55.597105326828505,52.26444090873479,54.17305755615234,41093400.0
2024-06-27,53.72804499867152,54.96419544934114,52.23477314170082,53.203914642333984,35417000.0
2024-06-28,54.26205898702584,57.93095638224363,53.490702314966185,54.74663162231445,55584600.0
2024-07-01,54.74663162231445,54.93452513225848,51.67108870535405,54.74663162231445,43335000.0
2024-07-02,53.75771482103244,57.11015445285783,53.67859937639098,56.96181488037109,45011700.0
2024-07-03,57.456272900605086,60.83838258138768,56.54646795652194,59.72090148925781,40242700.0
2024-07-05,61.17461130404989,61.68885032066408,59.12754655330718,60.13624572753906,38395400.0
2024-07-08,61.5701832381753,63.78536662261367,61.51085042776656,63.597469329833984,42861600.0
2024-07-09,64.40838276206539,65.41708579246753,61.72840939068004,63.53813552856445,41789800.0
2024-07-10,65.15995817721162,68.23550092389203,64.28971102650692,67.83003997802734,48280800.0
2024-07-11,69.23432320015746,69.30354733024593,60.54171149117477,61.30318069458008,75368500.0
2024-07-12,62.1437564799151,66.5543442169095,60.96694259242196,63.2315673828125,51046400.0
2024-07-15,64.2204872567927,66.02032191670489,62.35142470463933,63.42934799194336,48228700.0
2024-07-16,64.29959591157241,64.86328019239626,61.54051108475147,64.57649993896484,39846400.0
2024-07-17,57.95073145681275,58.64297646174364,50.65250193256266,50.97884368896485,99429800.0
2024-07-18,53.55992839626352,53.569815940334976,48.57576870436416,51.08762741088867,94172600.0
2024-07-19,51.20629366340136,51.78975681108584,46.23202559288512,46.47925567626953,75969100.0
2024-07-22,49.495460123353865,52.36333049437916,48.2692010673137,52.34355163574219,73675300.0
2024-07-23,49.94047977463013,51.493084487611206,49.44601957884171,49.97014617919922,50181600.0
2024-07-24,47.893415006144856,48.24942695174442,41.78188666650424,42.424686431884766,90534800.0
2024-07-25,41.05008431849912,43.21582241805501,36.97573330947338,39.33925247192383,143325900.0
2024-07-26,41.77199768938148,42.523575503527326,40.258946972490726,41.45553970336914,82759200.0
2024-07-29,42.88947703275012,44.50141835384824,40.802854368569456,41.34676361083984,80788400.0
2024-07-30,41.91044651230983,42.19723055376205,36.37249015366993,36.827396392822266,108596000.0
2024-07-31,41.83133421254682,44.26407761021043,40.96108316167979,43.89817810058594,96880500.0
2024-08-01,41.58409644291012,42.93891615144343,33.04971348856675,34.61220932006836,163864400.0
2024-08-02,30.221407225160164,31.23999592729673,27.828219755634706,29.01492500305176,198233900.0
2024-08-05,23.25940706140535,29.8159481454062,23.239628201733343,27.58098793029785,220042200.0
2024-08-06,28.283122670925348,30.458746331017515,26.868966254446697,28.26334381103516,137309500.0
2024-08-07,30.97298751190592,31.58611900737399,25.652596437699568,25.929492950439453,146256500.0
2024-08-08,28.253453846658548,31.2498831595714,26.572290398326103,31.111433029174805,149988600.0
2024-08-09,30.369744637949587,31.43778048280354,29.2522654137014,30.66642189025879,96949800.0
2024-08-12,30.76531158339545,32.228913195959635,29.89506065047591,31.061986923217773,89135100.0
2024-08-13,32.298136637577336,35.0374463034986,31.83334289241446,34.88910675048828,103380000.0
2024-08-14,35.77914428588627,36.23404681424165,32.90138575812942,34.66166305541992,112421600.0
2024-08-15,36.93617423582019,40.02160850013051,36.4516053680621,39.47769927978516,107522700.0
2024-08-16,38.36021883953054,39.78426269478779,37.64819502568615,39.28980255126953,82364600.0
2024-08-19,38.84478901839337,41.28742341949109,37.470190375201774,41.13908386230469,77684200.0
2024-08-20,40.59517552325413,41.455535084796345,38.66678028054389,39.64581298828125,83644600.0
2024-08-21,40.29850154978363,41.89066380969541,39.88315684151003,41.26764297485352,83611500.0
2024-08-22,42.03900428245429,42.4049075443277,36.69883641915383,37.09440231323242,107889900.0
2024-08-23,38.72612201496689,40.75340804393357,38.16243769892328,39.95238494873047,87128100.0
2024-08-26,39.30957907565504,39.84359690433046,36.50104547633362,36.95594787597656,86603000.0
2024-08-27,36.105483269003976,38.53823039584501,35.12645415506401,38.06354904174805,74033300.0
2024-08-28,37.667977749451445,38.42944690130018,34.899001416094514,36.19448471069336,101998500.0
2024-08-29,36.64939163788077,38.49867174250743,35.235235154215694,35.78902816772461,97333200.0
2024-08-30,38.25144001905655,38.78545792152708,36.649390084076735,38.36022186279297,85280800.0
2024-09-03,36.39226917435753,36.40216049070439,29.07425875069189,29.736835479736328,140077900.0
2024-09-04,28.74791518767708,31.33888741707599,28.411682107078377,29.96428680419922,108759900.0
2024-09-05,28.728136519863057,30.854316863254105,28.510574713518466,29.420381546020508,100075900.0
2024-09-06,28.78747574266545,28.84681044325542,25.217472210458443,25.6723747253418,156147600.0
2024-09-09,26.87885519588558,27.42276062946951,25.86026656464354,27.12608528137207,84474500.0
2024-09-10,27.234869378727733,28.07545023004332,25.94927169596881,28.0358943939209,81557500.0
2024-09-11,28.56990600322485,32.060793349942706,26.77996084225716,31.863012313842773,143140900.0
2024-09-12,31.39822298183054,32.327806808098984,30.01373478664656,31.457557678222656,98895800.0
2024-09-13,32.15968735767945,33.346392426002915,32.00146026673175,33.05960464477539,78147300.0
2024-09-16,31.67511970959221,32.2783617667945,30.49830577291416,31.803680419921875,79670100.0
2024-09-17,32.94094040701788,33.188170510957704,31.012544841800835,31.803680419921875,86913700.0
2024-09-18,32.17947108753364,33.623293982578325,30.70597801489763,30.794981002807617,113735500.0
2024-09-19,34.295757152635844,36.03625526374287,33.5046216475872,34.73088073730469,123984300.0
2024-09-20,33.67273235166319,34.018856688166046,31.68500439205098,33.17827224731445,108589600.0
2024-09-23,33.59362704676029,33.99908425807169,32.82226657291447,33.5441780090332,59731600.0
2024-09-24,34.51503893881536,35.3670181128592,33.26679293020189,34.74289321899414,83369600.0
2024-09-25,34.38625119795308,36.11992855847301,34.326813249941395,35.406646728515625,73587500.0
2024-09-26,39.82504348716567,40.13214960700666,36.36759408474286,39.28017425537109,138171800.0
2024-09-27,39.6269092352241,39.63681429972162,36.75395680402373,37.30873489379883,85253500.0
2024-09-30,35.91188956784306,37.06106988284937,34.72308143322212,36.3378791809082,74316700.0
2024-10-01,36.24871669109574,36.64498730949214,32.43462805027632,33.514461517333984,124928300.0
2024-10-02,33.53427139459623,35.7137522211355,32.85070855108096,34.63391876220703,81729100.0
2024-10-03,33.7522179165613,36.26852743159097,33.66305722416682,34.88158416748047,86857200.0
2024-10-04,36.962004112929655,37.1799495625764,35.11935207113473,36.3378791809082,100846900.0
2024-10-07,35.58496132615804,36.89265275798347,35.23822739518081,36.07039260864258,73150200.0
2024-10-08,36.08030268156222,37.4771550008574,35.327392993011536,37.11060333251953,66629700.0
2024-10-09,36.94218643406035,38.39847275470888,36.18927305466649,38.24987411499024,67182800.0
2024-10-10,36.75395930960926,38.06164710118983,36.020863555086386,37.47715377807617,79999000.0
2024-10-11,36.585546200626965,38.68577144370338,36.5161994081044,38.3093147277832,58434500.0
2024-10-14,39.07213658764432,40.677029356173655,38.98297587828158,40.439266204833984,69661800.0
2024-10-15,40.11234131494459,40.80580921673138,33.32623070919076,34.14849090576172,131664200.0
2024-10-16,35.416545054276966,35.416545054276966,33.68286802364803,34.13857650756836,70233000.0
2024-10-17,36.82330171394208,37.01153194183952,34.88158416748047,34.88158416748047,97549000.0
2024-10-18,35.91188352270361,35.991139148591586,34.52494030259408,34.94102478027344,56704300.0
2024-10-21,34.51503857046023,35.05000275949241,33.4153912193774,34.7627067565918,59115800.0
2024-10-22,34.07914378204589,34.70326488754565,33.5342707515224,34.36643600463867,51493100.0
2024-10-23,34.08904836399825,34.554665754719984,31.98882324219897,33.484737396240234,81658300.0
2024-10-24,34.25746122121476,34.415968690210846,33.217251940617004,33.97016525268555,60128300.0
2024-10-25,34.861770855156614,36.52610128883781,34.841956947717975,34.950931549072266,82300500.0
2024-10-28,34.97074986008569,35.75338229643828,34.42588056381983,35.02028274536133,51661100.0
2024-10-29,35.129255651895875,38.09136890836383,34.61410535602681,37.62575149536133,72288200.0
2024-10-30,34.643828280703126,35.367018955665266,33.59371377479162,33.692779541015625,89440100.0
2024-10-31,32.70210806000118,32.71201690448683,28.957366017206144,29.809345245361328,135437800.0
2024-11-01,30.40374873455701,31.53311512091324,30.096638806342828,30.542442321777344,80726000.0
2024-11-04,30.324496400667567,31.37460908765683,29.73009231554889,30.06692123413086,60422400.0
2024-11-05,30.076825998435307,31.19628540072421,29.96785138872672,31.087310791015625,63174900.0
2024-11-06,32.939866024965696,34.178206852971925,32.09779577356798,33.80175018310547,97893100.0
2024-11-07,35.43636637746934,36.03076854360806,35.109442540711285,35.87226104736328,77945800.0
2024-11-08,35.22832578836633,35.94160762768043,34.51504016993544,35.0797233581543,62666300.0
2024-11-11,34.02961288381207,34.08905461878416,31.18638269553208,32.464351654052734,99155700.0
2024-11-12,32.0680768999496,32.24639830306542,30.09663829022384,31.37460708618164,75694800.0
2024-11-13,30.54244082439583,30.92880259245827,29.19512527896616,29.413074493408203,92269200.0
2024-11-14,30.30467936315905,30.55234754893868,29.10596436141537,29.32391357421875,68994200.0
2024-11-15,27.748745566942603,28.22426806108492,26.183482606555323,26.41133689880371,113560200.0
2024-11-18,26.45096294668653,27.570422312871724,26.054692338547564,27.411914825439453,70256700.0
2024-11-19,27.114716068367933,27.76855998210625,26.83732699695592,27.590238571166992,57030600.0
2024-11-20,27.084991558252977,27.30293887031485,25.757489999425616,26.87694931030273,90911700.0
2024-11-21,27.788369518861,28.65025563151354,26.223106669880007,28.224266052246094,106013200.0
2024-11-22,27.986504822097395,28.42240135548249,27.580329151065246,28.224266052246094,52604100.0
2024-11-25,29.30409899677512,29.819249264928526,28.47193376039138,29.05643081665039,70536000.0
2024-11-26,29.7598110183228,29.96785139373759,27.203873449112294,27.86762428283692,73204200.0
2024-11-27,27.421821349476467,27.491168137945564,25.341408247612176,26.728349685668945,84235700.0
2024-11-29,27.29303357081088,28.7691376345908,27.24350068901781,27.79827690124512,54303400.0
2024-12-02,28.29361320049878,30.512719932934143,28.19454554762362,29.918317794799805,89389800.0
2024-12-03,29.30410102813932,29.997572736383407,29.12577962375893,29.45270156860352,59730300.0
2024-12-04,31.24582002399552,31.265632043300226,29.95794429127161,30.59197425842285,67498800.0
2024-12-05,30.463188303446845,30.582069869695257,28.61062935407544,28.848392486572266,59282100.0
2024-12-06,28.92764467207055,29.581488527232025,28.63044171727824,29.33382034301757,49152300.0
2024-12-09,28.79885754166324,30.03719852222708,28.34314896780377,28.957365036010746,54963000.0
2024-12-10,29.15550113748163,29.254568796518537,26.3122693377821,26.807605743408203,77681700.0
2024-12-11,28.065760075203,29.35363394684244,27.53079775098113,28.848392486572266,77277400.0
2024-12-12,28.184638774416378,28.56109356505173,27.48126018224326,28.194543838500977,59937600.0
2024-12-13,30.08673239389941,31.017963422905208,29.21493931154541,30.41365432739257,103693900.0
2024-12-16,30.82973911922259,32.642670311850566,30.10654652152236,32.20677185058594,85469700.0
2024-12-17,31.2854450599586,31.790688384208,30.2650514573108,30.83964157104492,64499000.0
2024-12-18,31.483581325347025,32.17705113093153,26.748164802324183,27.570423126220703,102912200.0
2024-12-19,27.709116831584183,27.74874464956516,25.81693198283516,26.0546932220459,86520100.0
2024-12-20,25.57917101824483,28.10538775490256,25.35131673108307,27.045366287231445,108080200.0
2024-12-23,27.70801314368731,29.565811959251874,27.67821011072773,29.39692115783692,79330900.0
2024-12-24,30.06255078182733,30.37052747107856,29.466465461251776,30.28111457824707,39963700.0
2024-12-26,29.70489714579624,30.89706770408288,29.56581127546052,30.370525360107425,45184100.0
2024-12-27,29.784375951121984,29.983071681770937,28.403446497310828,29.49626922607422,59316300.0
2024-12-30,28.055728298880407,28.59220560376609,27.141731401406982,27.757686614990234,64859000.0
2024-12-31,28.01599170102321,28.38357633664825,26.754278178952585,27.131797790527344,61199500.0
2025-01-02,27.94644605837084,28.86044297528881,26.86356023991753,27.48944854736328,80996300.0
2025-01-03,28.135207347087366,29.923463207563326,27.97625152325433,29.62541961669922,72119600.0
2025-01-06,31.60243477485362,33.410560612277074,31.60243477485362,32.27799987792969,95159500.0
2025-01-07,33.35094825406091,33.50990406818686,30.40032882258221,30.946739196777344,79205700.0
2025-01-08,30.599023700846075,30.80765439841469,28.98959555344401,29.98307037353516,69523500.0
2025-01-10,28.87037837586385,28.900183303286745,27.26095019308561,27.876903533935547,85395000.0
2025-01-13,26.267476401585657,27.68814578553973,26.078715643497983,27.668275833129883,68286400.0
2025-01-14,28.28422665479315,28.771029075634864,27.002645158067573,27.936511993408203,79759400.0
2025-01-15,29.456529818189185,30.261243940557584,29.108813231147565,29.744638442993164,69461300.0
2025-01-16,31.254716918915893,31.51302059943208,29.794309616088867,29.794309616088867,78881100.0
2025-01-17,31.82099856194961,32.49656177012277,31.27458814675817,32.27799987792969,69688900.0
2025-01-21,33.112517501657315,34.30468425136276,32.2879315836452,33.47016525268555,60897500.0
2025-01-22,34.4636415368279,35.91411771300684,34.185469788703145,34.9206428527832,57709400.0
2025-01-23,33.221796402520724,34.692138671875,32.79460192948741,34.692138671875,44900600.0
2025-01-24,34.712008963509575,34.712008963509575,32.09917290675988,32.436954498291016,60111500.0
2025-01-27,27.47951358409628,27.89677308754927,23.68444004525868,24.8964786529541,198431800.0
2025-01-28,25.27400117427477,25.631650838245992,23.59502811666357,25.204458236694336,103185300.0
2025-01-29,25.9396304262493,26.128389294235383,24.687851816132127,25.512435913085938,94141700.0
2025-01-30,26.40655904544376,27.48944668545401,25.96942962046371,26.97283935546875,87140400.0
2025-01-31,27.44970729108193,29.05913726570919,26.52577733896744,26.84368896484375,102136600.0
2025-02-03,24.638176064052,26.3171491280604,24.151373604231217,25.44289207458496,103914300.0
2025-02-04,25.174652424134543,26.42643094131781,25.035566553859585,26.07871437072754,60520500.0
2025-02-05,25.91975953578168,27.76762340219632,25.37334911469708,27.51925468444824,70330700.0
2025-02-06,26.99271005376413,27.61859833616885,26.54564564140164,27.50931739807129,59735100.0
2025-02-07,27.6881437984116,28.095468319065816,25.631649349253887,26.158191680908203,87930800.0
2025-02-10,26.744342912607205,27.37023123142018,26.72447296092352,27.171537399291992,53330500.0
2025-02-11,26.505909270723407,27.71794790416547,26.505909270723407,27.221210479736328,43880500.0
2025-02-12,26.00917176038492,27.36029815673828,25.78067300067895,27.36029815673828,57999300.0
2025-02-13,27.31062250487156,28.36370528081733,27.221209619707,28.28422737121582,61026300.0
2025-02-14,28.304098627521004,28.63194525660801,27.92657901323106,28.36370658874512,43089600.0
2025-02-18,29.009465493857583,30.03274334543392,28.522661164679068,29.794309616088867,60222200.0
2025-02-19,29.993007510911383,31.68191368985484,29.56581300429711,31.2646541595459,58412700.0
2025-02-20,31.850806089741127,32.42701955075566,30.499679643491987,31.49315452575684,50903200.0
2025-02-21,31.701781624548595,31.751454608010423,28.214684749267608,28.62200927734375,61966500.0
2025-02-24,28.96972545321584,29.069073313694368,26.486038415766583,26.58538627624512,63724100.0
2025-02-25,26.486039185286472,26.74434287207424,24.658045321021444,24.906414031982425,90907500.0
2025-02-26,25.82041039595552,26.823820193546908,25.353477911788428,26.118453979492188,75869500.0
2025-02-27,26.605257184163065,26.72447310510257,21.588208051138803,21.608078002929688,144841600.0
2025-02-28,21.657750319359405,23.068484639641536,20.88284117244997,22.581682205200195,110939400.0
2025-03-03,23.56522253295515,23.57515750874785,19.58138819542212,20.37616920471192,141822100.0
2025-03-04,20.14767034637099,22.11475006591027,18.87602187474917,20.515254974365234,154119800.0
2025-03-05,21.111340972923298,22.01540295240684,19.988715204355724,21.806774139404297,117702400.0
2025-03-06,19.58138826813236,20.88284167826499,18.88595701418724,19.10452079772949,164277600.0
2025-03-07,19.372759013707057,20.95238413103232,18.627652897795247,20.74375343322754,139349200.0
2025-03-10,19.21380340163376,19.670800914780447,16.98842000543922,17.87261199951172,169215200.0
2025-03-11,17.93221952623711,18.379283947793205,16.402269307283788,17.296396255493164,161267000.0
2025-03-12,18.419025316321072,18.98530569878156,17.783200100045345,18.18058967590332,137654500.0
2025-03-13,18.26006678697031,19.14426068608357,17.46528767025344,17.971960067749023,117160200.0
2025-03-14,18.935630005193737,19.79995395364759,18.86608706926468,19.670801162719727,99718700.0
2025-03-17,19.38269418519438,21.141145091294323,19.37275920949348,20.654342651367188,82794200.0
2025-03-18,20.05825714121528,20.26688594380828,19.39262893619032,19.79995346069336,79140900.0
2025-03-19,19.76021445047389,21.230558690204308,19.33301995551253,20.24701690673828,83249700.0
2025-03-20,19.48204182155956,20.435776738960964,19.462171870387984,19.79995346069336,80380600.0
2025-03-21,18.697196369283724,19.362824594418505,18.250133823833817,19.15419578552246,84348300.0
2025-03-24,20.346364872604248,21.23055879499416,20.23708392549313,20.862972259521484,91671300.0
2025-03-25,20.75833305805897,20.947679883869007,20.279984983073245,20.47929573059082,57784400.0
2025-03-26,20.230156358917185,20.43943483476641,18.13738300514297,18.7253532409668,94328400.0
2025-03-27,18.10748368717075,18.34665770600396,17.300271136010412,17.698894500732422,103112800.0
2025-03-28,17.27037424736848,17.5294799182836,15.685844656517018,15.974847793579102,138232400.0
2025-03-31,15.018150126130802,15.92501904450808,14.350455239995044,15.895122528076172,111345600.0
2025-04-01,15.67587918999155,15.934984866783092,14.77897609388928,15.895122528076172,106085000.0
2025-04-02,15.137736600683398,16.831887360707203,14.978287251560182,16.204055786132812,141655200.0
2025-04-03,13.762485969296437,14.071418856399118,11.360776975585509,11.370742797851562,302517400.0
2025-04-04,10.015421596168231,10.394114260893412,8.151855737142006,8.699962615966797,499158100.0
2025-04-07,7.85288796715422,10.942221450805665,7.205124280170803,9.118517875671388,723467300.0
2025-04-08,10.37418293398558,10.802703769043244,7.57385114933806,8.221614837646484,488735500.0
2025-04-09,8.450823712561299,13.064894097989674,8.211649671728768,12.726064682006836,787748800.0
2025-04-10,10.88242920629534,11.10167255012136,8.321271738921313,9.596867561340332,686331800.0
2025-04-11,9.317830841840046,10.354252587797594,8.879344170246593,10.194802284240724,412972900.0
2025-04-14,11.111636869103616,11.121602691143488,9.935697429798925,10.433977127075195,358849500.0
2025-04-15,10.56352996826172,10.98208499023693,10.374183150971785,10.56352996826172,230001400.0
2025-04-16,9.098586694195626,9.716453357770812,8.301339049120442,9.30786418914795,362439300.0
2025-04-17,9.517142579565649,9.517142579565649,8.869378391197154,9.168346405029297,233659100.0
2025-04-21,8.640169441362831,8.709928290129008,8.121958135119696,8.680031776428223,255318100.0
2025-04-22,8.929172232114828,9.367657948473516,8.819551040623432,9.148415565490724,249211900.0
2025-04-23,10.543597932355514,10.862496622812325,10.065249896670297,10.254595756530762,368456100.0
2025-04-24,11.011981355487706,12.048403074216369,10.812669669269326,11.958712577819824,339636700.0
2025-04-25,11.589986291952414,12.546683383346387,11.470399274327308,12.2975435256958,274438500.0
2025-04-28,12.118162160202356,12.486889024406675,11.41060494770404,12.24771499633789,203468900.0
2025-04-29,11.769366631613796,12.227783981922729,11.580019818229086,11.819193840026855,184045100.0
2025-04-30,10.95218844272518,12.167991272838892,10.713014395933582,12.118163108825684,229393200.0
2025-05-01,12.496855373140056,12.76592687885126,12.00854147432322,12.058369636535645,203349500.0
2025-05-02,12.845650767043248,13.642897511765348,12.845650767043248,13.244274139404297,223410600.0
2025-05-05,12.885513237301284,13.363861289072709,12.825719255633308,13.00510025024414,127572300.0
2025-05-06,12.28757706161929,12.90544376227962,12.078299554105866,12.596510887145996,158548700.0
2025-05-07,12.566613385066985,13.353895253831174,12.18792070826492,13.234308242797852,189249300.0
2025-05-08,13.79238282708169,14.290662548,13.33396544582112,13.613001823425291,203277000.0
2025-05-09,14.161109186280452,14.42021485973362,13.692725999714051,14.061452865600586,149644500.0
2025-05-12,16.83188617384406,17.40989049885557,16.443228650359817,17.071060180664062,263806000.0
2025-05-13,17.300273385762402,18.795112623450542,17.22054870245049,18.536006927490234,212931800.0
2025-05-14,18.90473079261832,19.303356066054874,18.36658971473684,18.77517890930176,179343100.0
2025-05-15,18.256966751201485,18.84493691214227,17.758687082660895,18.406450271606445,141287600.0
2025-05-16,18.466246523172128,18.536005377639004,17.698895322464026,18.32672691345215,113068600.0
2025-05-19,17.090992978868627,18.14734538895564,17.031199948316655,17.997861862182617,123632000.0
2025-05-20,17.559378321033847,17.938070075163548,17.379997316156402,17.908172607421875,84252500.0
2025-05-21,17.499581960383853,18.52603879315104,16.592713088057813,16.941509246826172,149964800.0
2025-05-22,16.911611973764956,17.370030276416667,16.423298106252727,16.453195571899414,144981100.0
2025-05-23,15.157668143580745,15.944950012428686,15.048046954386804,15.675878524780272,179062600.0
2025-05-27,16.682403818705748,17.44975499867197,16.293746268160906,17.230512619018555,136539700.0
2025-05-28,17.37003038516124,17.50954809081356,16.841853226813452,16.981372833251953,126785300.0
2025-05-29,18.11745117271238,18.147346739820662,16.841854387670736,17.140823364257812,179820200.0
2025-05-30,16.841854480402812,16.841854480402812,15.187565930185851,16.11436653137207,194058700.0
2025-06-02,16.00474220425192,17.041164813138003,15.984812462378004,16.84185218811035,103937000.0
2025-06-03,16.87175047583928,18.316760425089065,16.522954315404455,18.237035751342773,158644000.0
2025-06-04,18.61572950178645,19.193733865511064,18.157311199088355,19.02431869506836,146325300.0
2025-06-05,19.4229438715818,19.921223607335413,18.35662554119486,18.74528312683105,187397100.0
2025-06-06,19.33325224388903,19.88136106184662,19.08411239048637,19.11400985717773,114398700.0
2025-06-09,19.642184035194205,20.987539548746746,19.61228847095521,20.509191513061523,162686000.0
2025-06-10,20.768299156024337,22.023964295106765,20.618815618206828,21.814685821533203,142811000.0
2025-06-11,22.28307006112812,22.52224410265319,20.91778276903792,21.5655460357666,160395000.0
2025-06-12,21.166921127500245,21.99406534172979,21.01743759977899,21.615373611450195,100384500.0
2025-06-13,20.250085663613763,20.987539353635928,19.771737632375512,19.97105026245117,166989600.0
2025-06-16,20.75833158960563,22.14354850488913,20.71847020323644,21.824649810791016,121972300.0
2025-06-17,21.535648847217605,22.45248355443132,21.26657735796456,21.346302032470703,122379500.0
2025-06-18,21.645268582850296,22.302997607413005,21.15695472526805,21.535648345947266,113893800.0
2025-06-20,22.063824470335497,22.25317128823457,20.29991577992402,21.13702392578125,137078900.0
2025-06-23,21.10712916903682,21.904375957916304,20.21022605635084,21.50575256347656,125143700.0
2025-06-24,22.65341841816665,24.023021350795894,22.623426444998547,23.943044662475582,137608000.0
2025-06-25,24.3929126932832,24.59285536644894,23.86306785094488,24.57286071777344,107621600.0
2025-06-26,25.172687616935164,25.35263564704744,24.582858810142564,25.19268226623535,92382200.0
2025-06-27,25.20267633674681,25.83249440846949,24.27294807552816,25.102706909179688,113655600.0
2025-06-30,25.482595691600736,25.49259301571637,24.67283150618047,25.102706909179688,78035000.0
2025-07-01,24.37291766079532,25.16268910988898,23.57315079431596,24.702821731567383,107277300.0
2025-07-02,24.50288108314941,26.38233418157912,24.44289904458108,26.04243278503418,107157100.0
2025-07-03,26.39233125453277,26.71223799957766,26.22238055787836,26.42232322692871,62695800.0
2025-07-07,25.722527084919683,26.04243384604381,24.61285074561972,24.96274757385254,93297600.0
2025-07-08,25.622554203061377,27.02214905892512,25.352634081356992,26.362340927124023,90457500.0
2025-07-09,26.62226494879365,27.40203909804375,25.88248009751289,26.64225959777832,86818700.0
2025-07-10,27.382043751812745,27.72194514871833,26.652256243607365,27.36205101013184,87602500.0
2025-07-11,26.842201247738284,27.532001356977897,26.54228724481929,27.28207397460937,71855400.0
2025-07-14,26.63226257917748,26.762225892275897,25.312646239747203,26.4923038482666,99670600.0
2025-07-15,28.041851539030432,28.45173229357124,27.202095381728626,27.28207397460937,108926200.0
2025-07-16,26.59227462463796,27.04214278166927,24.902764937685024,27.02215003967285,125700900.0
2025-07-17,26.952169069437875,27.502010476555657,26.41232689362179,27.31206512451172,85334100.0
2025-07-18,27.651965609257267,27.891895669047564,26.75222740834501,27.32206153869629,68274300.0
2025-07-21,27.55199406171186,28.491721552068537,27.432029986139707,27.49201202392578,79860300.0
2025-07-22,27.112123825294702,27.272077200693936,25.33264014048495,26.312355041503903,118871600.0
2025-07-23,25.64254912887495,25.902473836156613,24.83278494140164,25.77251243591309,105639200.0
2025-07-24,25.652547663873605,25.7825109770463,24.94275477751167,25.6125602722168,77503300.0
2025-07-25,25.162690113571628,25.6125601856572,24.82278870506135,25.592565536499023,68037900.0
2025-07-28,26.372337598180764,26.982161045605785,26.33235020694346,26.8721923828125,88108400.0
2025-07-29,27.40203883273005,28.15182100124355,26.492303287477228,27.02215003967285,101714500.0
2025-07-30,27.74194084773873,28.12182964918657,26.92217929714496,27.60198211669922,96772200.0
2025-07-31,26.69224562658217,26.732233016867493,24.192971762924472,24.97274398803711,133413800.0
2025-08-01,23.573150905660285,24.8227878321834,22.56344404021425,24.07300567626953,132665200.0
2025-08-04,24.58285796122887,25.17268674765306,24.232959237737376,24.992738723754883,85963800.0
2025-08-05,25.41261662406106,25.67254133369566,23.603142887644964,24.51287841796875,99733400.0
2025-08-06,23.83307617322753,24.112995537768896,22.943335270884685,23.9830322265625,103447500.0
2025-08-07,25.47259884962026,25.87248228784141,24.52287592219436,24.992738723754883,117228400.0
2025-08-08,25.15269232052876,25.82249780049524,24.89276760669755,25.702531814575195,71389900.0
2025-08-11,26.022440034101567,26.882188942590087,25.44260857669528,25.6025619506836,75943500.0
2025-08-12,26.20238607705687,28.071843752201985,25.672541242238367,27.991867065429688,125315900.0
2025-08-13,28.641678636047008,29.32148144486316,28.30177723163893,29.261499404907227,89497100.0
2025-08-14,28.111833496960347,29.65138521855924,27.94188279651164,29.411455154418945,84286800.0
2025-08-15,28.70166004248401,28.70166004248401,27.06213700338269,27.36205101013184,93664700.0
2025-08-18,27.09212966204187,27.641969161478084,27.02215029740032,27.52200508117676,50310400.0
2025-08-19,27.561991613104468,27.851908293918136,26.09241928106153,26.232378005981445,75595100.0
2025-08-20,26.10241659331272,26.10241659331272,23.6531274675658,25.792505264282227,117636500.0
2025-08-21,25.39262273159801,25.89247751728614,24.902765270439005,25.34263801574707,67871100.0
2025-08-22,25.5525756902088,28.31177429064181,25.33264027456941,27.442028045654297,117140900.0
2025-08-25,27.34205701117022,27.57198975371707,26.80221293027448,27.292070388793945,55018700.0
2025-08-26,27.522004011403848,28.211802213310893,27.51200668730155,27.931884765625,57544300.0
2025-08-27,27.601981724715657,28.22180058776959,27.272077644239936,28.171815872192383,61375200.0
2025-08-28,28.401747275594417,29.10154470144835,27.95187722943195,28.521713256835938,74466400.0
2025-08-29,27.312065315321185,27.34205728905177,25.662544896033207,26.03243827819824,108411300.0
2025-09-02,24.07300598977672,25.272658217580048,23.793086628144028,25.24266624450684,101906700.0
2025-09-03,25.40262005980842,25.40262005980842,24.112995704079392,24.90276527404785,79482200.0
2025-09-04,24.402909904552708,25.722526202307314,23.973034493994387,25.642549514770508,81641200.0
2025-09-05,26.81220942278001,26.96216547166643,25.59256447656396,26.442317962646484,110749400.0
2025-09-08,26.95216803525804,27.422032735085224,26.67225058698101,27.072134017944336,72341700.0
2025-09-09,27.16210846490045,27.362051136993564,26.56228235541576,27.17210578918457,55882300.0
2025-09-10,28.471727891645088,28.82162661999301,28.061847123430127,28.591693878173828,86721600.0
2025-09-11,29.051558973053435,29.60140036932657,28.96158496105956,29.161527633666992,69919800.0
2025-09-12,29.361469916701267,29.54141603150683,28.78163846198657,29.291488647460938,52502600.0
2025-09-15,29.131536387302912,30.021279205122845,28.91160096738507,29.991287231445312,61268000.0
2025-09-16,30.321189583645697,30.641096324096765,29.78134743583317,30.47114562988281,54148200.0
2025-09-17,30.271205774628864,31.2409233489337,29.15153024281344,30.46114921569824,80483900.0
2025-09-18,32.75048444418803,34.13008474424554,32.42058226302025,33.63022994995117,104513300.0
2025-09-19,33.550254389443126,33.59023987373328,32.110670174495844,33.01041030883789,66106100.0
2025-09-22,33.19035594947621,34.739904901802845,33.18035671893057,34.41999816894531,62948200.0
2025-09-23,34.70000076293945,35.29999923706055,33.66999816894531,34.29999923706055,63661700.0
2025-09-24,33.959999084472656,34.38999938964844,32.810001373291016,34.20000076293945,58369900.0
2025-09-25,32.439998626708984,34.060001373291016,31.36000061035156,33.849998474121094,79969600.0
2025-09-26,33.93000030517578,34.22999954223633,32.83000183105469,34.02000045776367,60944500.0
2025-09-29,35.029998779296875,35.4900016784668,33.9900016784668,34.02000045776367,56593700.0
2025-09-30,34.06999969482422,34.959999084472656,33.56999969482422,34.84000015258789,60696800.0
2025-10-01,34.18000030517578,36.97999954223633,33.97999954223633,36.86000061035156,67094700.0
2025-10-02,38.959999084472656,39.31999969482422,38.13999938964844,39.08000183105469,68834400.0
2025-10-03,39.47999954223633,40.060001373291016,37.619998931884766,38.22999954223633,69252500.0
2025-10-06,42.83000183105469,43.369998931884766,41.65999984741211,41.709999084472656,99880300.0
2025-10-07,42.77999877929688,43.02000045776367,38.70000076293945,38.83000183105469,96375900.0
2025-10-08,38.869998931884766,42.93999862670898,38.68000030517578,42.77999877929688,77149800.0
2025-10-09,42.58000183105469,42.84000015258789,41.0099983215332,42.2400016784668,63095700.0
2025-10-10,42.52000045776367,42.84000015258789,34.16999816894531,34.209999084472656,204858900.0
2025-10-13,38.22999954223633,39.470001220703125,37.369998931884766,39.13999938964844,89274100.0
2025-10-14,36.619998931884766,39.0099983215332,35.95000076293945,36.630001068115234,100358200.0
2025-10-15,39.54999923706055,40.16999816894531,37.709999084472656,39.97999954223633,96059800.0
2025-10-16,41.45000076293945,41.93000030517578,39.27999877929688,40.56999969482422,89397000.0
2025-10-17,39.61000061035156,40.79999923706055,38.31999969482422,40.290000915527344,92083400.0
2025-10-20,41.15999984741211,43.040000915527344,41.130001068115234,42.2400016784668,62424500.0
2025-10-21,41.810001373291016,42.02999877929688,40.52000045776367,41.5099983215332,54386700.0
2025-10-22,40.08000183105469,40.810001373291016,35.970001220703125,38.38999938964844,110646700.0
2025-10-23,37.72999954223633,41.470001220703125,37.54999923706055,41.16999816894531,72467000.0
2025-10-24,43.43000030517578,44.15999984741211,42.959999084472656,43.13999938964844,69872500.0
2025-10-27,45.4900016784668,47.15999984741211,45.13999938964844,46.84000015258789,72684100.0
2025-10-28,46.43999862670898,47.61000061035156,45.93999862670898,46.959999084472656,53995000.0
2025-10-29,49.369998931884766,50.7599983215332,48.04999923706055,49.380001068115234,88268800.0
2025-10-30,48.5,49.970001220703125,47.27000045776367,47.38999938964844,76956300.0
2025-10-31,48.77000045776367,49.9900016784668,46.709999084472656,47.77999877929688,75650400.0
2025-11-03,49.5,50.18999862670898,48.02999877929688,48.58000183105469,52610600.0
2025-11-04,44.77000045776367,46.880001068115234,42.52999877929688,42.79999923706055,87734300.0
2025-11-05,43.220001220703125,48.43000030517578,43.209999084472656,46.83000183105469,76488900.0
2025-11-06,46.459999084472656,46.9900016784668,42.150001525878906,43.0099983215332,106419600.0
2025-11-07,41.09999847412109,41.7400016784668,37.040000915527344,41.7400016784668,143013500.0
2025-11-10,45.060001373291016,45.52000045776367,43.459999084472656,44.959999084472656,74223300.0
2025-11-11,43.720001220703125,44.040000915527344,41.650001525878906,41.810001373291016,80862700.0
2025-11-12,44.0099983215332,44.630001068115234,42.84999847412109,43.709999084472656,77730900.0
2025-11-13,42.16999816894531,42.63999938964844,38.0,39.220001220703125,126123700.0
2025-11-14,35.7400016784668,40.59999847412109,35.150001525878906,38.86000061035156,125398600.0
2025-11-17,37.900001525878906,40.08000183105469,35.529998779296875,36.84000015258789,101936600.0
2025-11-18,35.310001373291016,36.0099983215332,33.150001525878906,34.349998474121094,153515800.0
2025-11-19,34.720001220703125,37.29999923706055,34.20000076293945,35.959999084472656,120458900.0
2025-11-20,38.790000915527344,39.18999862670898,30.40999984741211,30.809999465942383,228883600.0
2025-11-21,30.850000381469727,33.040000915527344,28.1200008392334,31.729999542236328,205537900.0
2025-11-24,32.689998626708984,36.310001373291016,32.650001525878906,35.86000061035156,108832500.0
2025-11-25,34.34000015258789,36.45000076293945,32.04999923706055,36.16999816894531,108634700.0
2025-11-26,37.43999862670898,40.150001525878906,37.29999923706055,39.18999862670898,104203900.0
2025-11-28,39.650001525878906,41.33000183105469,39.25,41.2599983215332,57190400.0
2025-12-01,39.58000183105469,42.36000061035156,39.459999084472656,41.310001373291016,79426200.0
2025-12-02,42.790000915527344,44.61000061035156,42.02999877929688,43.79999923706055,111736200.0
2025-12-03,44.45000076293945,46.68000030517578,43.150001525878906,46.58000183105469,94299300.0
2025-12-04,45.88999938964844,46.09999847412109,44.43999862670898,45.15999984741211,77656900.0
2025-12-05,46.470001220703125,48.04999923706055,46.29999923706055,46.5,77049800.0
2025-12-08,47.560001373291016,48.59999847412109,46.70000076293945,47.9900016784668,69225000.0
2025-12-09,47.040000915527344,48.04999923706055,46.470001220703125,47.790000915527344,56373300.0
2025-12-10,47.650001525878906,50.09000015258789,47.0099983215332,49.650001525878906,91153100.0
2025-12-11,48.0099983215332,48.900001525878906,44.65999984741211,48.790000915527344,88063000.0
2025-12-12,46.91999816894531,47.380001068115234,41.060001373291016,41.709999084472656,138088200.0
2025-12-15,43.11000061035156,43.41999816894531,40.79999923706055,41.18000030517578,78218600.0
2025-12-16,40.75,41.65999984741211,39.2400016784668,40.4900016784668,94566700.0
2025-12-17,41.0,41.31999969482422,35.70000076293945,36.0099983215332,126113900.0
2025-12-18,39.970001220703125,40.41999816894531,38.11000061035156,38.58000183105469,97164000.0
2025-12-19,39.59999847412109,42.36000061035156,39.5,41.720001220703125,92529100.0
2025-12-22,44.45000076293945,44.560001373291016,42.72999954223633,43.2599983215332,62717400.0
2025-12-23,42.619998931884766,43.79999923706055,42.220001220703125,43.70000076293945,44455700.0
2025-12-24,43.720001220703125,44.36000061035156,43.59000015258789,44.209999084472656,30717800.0
2025-12-26,44.75,44.790000915527344,43.810001373291016,44.209999084472656,38006400.0
2025-12-29,42.97999954223633,44.33000183105469,42.34999847412109,43.81999969482422,54612100.0
2025-12-30,44.150001525878906,44.75,43.56999969482422,43.66999816894531,40697400.0
2025-12-31,43.88999938964844,44.150001525878906,42.0099983215332,42.02999877929688,44754800.0
2026-01-02,45.130001068115234,48.09000015258789,45.08000183105469,47.2400016784668,132719700.0
2026-01-05,50.34999847412109,51.220001220703125,48.630001068115234,49.220001220703125,94987500.0
2026-01-06,51.11000061035156,54.29999923706055,51.06999969482422,54.0099983215332,92678600.0
2026-01-07,52.20000076293945,52.7400016784668,50.84000015258789,52.290000915527344,65698500.0
2026-01-08,51.79999923706055,51.810001373291016,48.130001068115234,49.650001525878906,79844800.0
2026-01-09,51.09000015258789,54.7599983215332,50.310001373291016,53.95000076293945,87214400.0
2026-01-12,52.38999938964844,55.150001525878906,52.34999847412109,54.650001525878906,53193700.0
2026-01-13,55.68999862670898,57.630001068115234,55.43000030517578,56.06999969482422,61895400.0
2026-01-14,54.88999938964844,55.43999862670898,53.0,55.380001068115234,70434900.0
2026-01-15,60.959999084472656,61.66999816894531,58.0099983215332,58.08000183105469,89664300.0
2026-01-16,61.18999862670898,62.18999862670898,59.5,60.75,58559500.0
2026-01-20,57.34000015258789,61.04999923706055,57.220001220703125,57.93999862670898,71408300.0
2026-01-21,60.2400016784668,65.11000061035156,59.459999084472656,63.47999954223633,103027300.0
2026-01-22,66.9000015258789,66.95999908447266,63.040000915527344,63.720001220703125,62594200.0
2026-01-23,62.47999954223633,63.36000061035156,60.150001525878906,61.59999847412109,58613600.0
2026-01-26,60.75,61.959999084472656,59.59999847412109,60.70000076293945,42592400.0
2026-01-27,63.310001373291016,65.98999786376953,62.540000915527344,64.95999908447266,61155400.0
2026-01-28,69.0,70.93000030517578,67.9800033569336,70.08999633789062,74205500.0
2026-01-29,70.4000015258789,71.9800033569336,62.650001525878906,70.47000122070312,78058200.0
2026-01-30,67.12000274658203,69.86000061035156,60.290000915527344,61.790000915527344,83504200.0
2026-02-02,59.459999084472656,66.94000244140625,59.09999847412109,65.19999694824219,66961000.0
2026-02-03,66.80999755859375,67.62000274658203,57.02000045776367,61.20000076293945,101338500.0
2026-02-04,59.43999862670898,61.02999877929688,49.33000183105469,53.18999862670898,139149400.0
2026-02-05,51.310001373291016,55.4900016784668,50.0099983215332,53.25,109350300.0
2026-02-06,56.400001525878906,62.25,55.66999816894531,61.75,108594200.0
2026-02-09,59.9900016784668,65.05000305175781,59.290000915527344,64.02999877929688,66670500.0
2026-02-10,64.66999816894531,65.20999908447266,61.41999816894531,63.34000015258789,58273900.0
2026-02-11,67.20999908447266,69.0999984741211,63.22999954223633,68.05000305175781,89724200.0
2026-02-12,69.66999816894531,70.86000061035156,62.77000045776367,63.09999847412109,90896100.0
2026-02-13,63.93000030517578,66.25,61.43000030517578,64.58999633789062,79931300.0
2026-02-17,62.02000045776367,65.95999908447266,59.560001373291016,64.3499984741211,79420400.0
2026-02-18,65.26000213623047,68.44999694824219,64.06999969482422,66.29000091552734,69349000.0
2026-02-19,64.33000183105469,65.51000213623047,62.959999084472656,65.2300033569336,68827500.0
2026-02-20,63.7599983215332,68.22000122070312,63.58000183105469,67.11000061035156,81017900.0
2026-02-23,65.8499984741211,67.6500015258789,63.470001220703125,65.86000061035156,66926300.0
2026-02-24,68.11000061035156,70.0,66.3499984741211,68.52999877929688,66892100.0
2026-02-25,70.88999938964844,72.36000061035156,70.4800033569336,71.86000061035156,52929300.0
2026-02-26,71.02999877929688,71.11000061035156,61.630001068115234,65.33999633789062,97787900.0
2026-02-27,61.5099983215332,63.7599983215332,60.65999984741211,62.77000045776367,70112700.0
2026-03-02,58.11000061035156,62.81999969482422,58.04999923706055,62.7599983215332,81699800.0
2026-03-03,55.119998931884766,55.86000061035156,51.36000061035156,53.41999816894531,131198300.0
2026-03-04,55.959999084472656,57.720001220703125,54.380001068115234,56.619998931884766,78143300.0
2026-03-05,55.31999969482422,57.68999862670898,51.130001068115234,54.79999923706055,110055800.0
2026-03-06,50.09000015258789,53.36000061035156,46.79999923706055,47.88999938964844,125241500.0
2026-03-09,45.5099983215332,53.77999877929688,44.52999877929688,53.31999969482422,114897700.0
2026-03-10,53.36000061035156,57.77999877929688,53.36000061035156,54.59000015258789,104717600.0
2026-03-11,55.5,57.7400016784668,55.34999847412109,56.09000015258789,83007700.0
2026-03-12,53.52999877929688,53.880001068115234,49.52999877929688,50.27999877929688,105674400.0
2026-03-13,51.880001068115234,53.959999084472656,50.040000915527344,50.720001220703125,83244300.0
2026-03-16,54.060001373291016,55.68000030517578,53.0099983215332,53.68999862670898,79819200.0
2026-03-17,55.09999847412109,55.400001525878906,53.29999923706055,54.95000076293945,59567700.0
2026-03-18,55.02999877929688,56.47999954223633,54.0,54.02000045776367,75470000.0
2026-03-19,49.52999877929688,56.11000061035156,48.5,54.84999847412109,93732700.0
2026-03-20,54.68999862670898,55.36000061035156,49.0,51.13999938964844,101773000.0
2026-03-23,54.630001068115234,56.810001373291016,52.27999877929688,53.02999877929688,115257400.0
2026-03-24,51.540000915527344,56.09000015258789,51.540000915527344,54.959999084472656,92153500.0
2026-03-25,56.63999938964844,58.25,55.59000015258789,57.040000915527344,84440300.0
2026-03-26,54.18999862670898,54.43999862670898,48.869998931884766,48.970001220703125,116603800.0
2026-03-27,48.040000915527344,49.380001068115234,45.959999084472656,46.61000061035156,99401400.0
2026-03-30,47.86000061035156,48.290000915527344,39.52000045776367,40.619998931884766,139746200.0
2026-03-31,42.880001068115234,48.18000030517578,42.61000061035156,47.90999984741211,138002100.0
2026-04-01,50.040000915527344,54.09000015258789,49.619998931884766,52.2599983215332,121955600.0
2026-04-02,46.060001373291016,53.06999969482422,46.04999923706055,52.75,104471700.0
2026-04-06,53.75,55.59999847412109,52.880001068115234,54.810001373291016,68780400.0
2026-04-07,54.31999969482422,56.59999847412109,52.130001068115234,56.54999923706055,107326500.0
2026-04-08,66.33000183105469,67.9800033569336,63.560001373291016,67.5,111697300.0
2026-04-09,68.12000274658203,72.27999877929688,68.12000274658203,71.9800033569336,79331600.0
2026-04-10,74.30000305175781,78.30000305175781,74.30000305175781,76.38999938964844,78863600.0
2026-04-13,75.58999633789062,80.73999786376953,75.25,80.55999755859375,64504600.0
2026-04-14,83.2699966430664,85.56999969482422,80.70999908447266,85.30999755859375,61657000.0
2026-04-15,84.66000366210938,85.9800033569336,79.76000213623047,85.95999908447266,68425400.0
2026-04-16,85.01000213623047,89.38999938964844,83.30999755859375,88.37000274658203,63777500.0
2026-04-17,93.1999969482422,94.75,90.66000366210938,94.68000030517578,67081400.0
2026-04-20,95.97000122070312,96.93000030517578,92.02999877929688,95.94000244140624,49367800.0
2026-04-21,97.97000122070312,99.9499969482422,95.31999969482422,98.08999633789062,65206900.0
2026-04-22,102.94000244140624,106.08999633789062,99.5999984741211,105.63999938964844,58165200.0
2026-04-23,108.62000274658205,116.7699966430664,107.45999908447266,112.7699966430664,96510200.0
2026-04-24,125.20999908447266,130.1199951171875,120.23999786376952,128.32000732421875,83092400.0
2026-04-27,128.3300018310547,129.58999633789062,117.79000091552734,123.38999938964844,73334600.0
2026-04-28,108.75,115.62000274658205,103.98999786376952,109.55999755859376,94099700.0
2026-04-29,114.76000213623048,118.31999969482422,112.3000030517578,117.97000122070312,55503700.0
2026-04-30,122.80999755859376,127.4499969482422,117.5,126.9800033569336,58536700.0
2026-05-01,124.38999938964844,131.3800048828125,121.66000366210938,130.39999389648438,40940300.0
2026-05-04,132.1999969482422,133.6699981689453,123.8000030517578,127.5500030517578,46455700.0
2026-05-05,135.0,147.25999450683594,134.02000427246094,144.16000366210938,52130100.0
2026-05-06,157.83999633789062,166.0,149.05999755859375,165.85000610351562,65579200.0
2026-05-07,162.1199951171875,162.89999389648438,147.61000061035156,152.10000610351562,72375200.0
2026-05-08,163.0,177.5,161.50999450683594,176.94000244140625,47016500.0
2026-05-11,181.0,191.2899932861328,178.94000244140625,190.4199981689453,50496000.0
2026-05-12,177.6199951171875,182.2400054931641,150.5800018310547,172.52000427246094,91705600.0
2026-05-13,183.83999633789065,188.4900054931641,172.25999450683594,184.2400054931641,59522300.0
2026-05-14,182.6699981689453,189.5599975585937,178.27999877929688,186.19000244140625,43319000.0
2026-05-15,167.0,174.39999389648438,161.13999938964844,164.17999267578125,62126600.0
2026-05-18,172.9499969482422,174.61000061035156,142.69000244140625,151.75,75610500.0
2026-05-19,141.24000549316406,160.60000610351562,135.02000427246094,151.88999938964844,85384000.0
2026-05-20,161.0,173.6999969482422,161.0,173.1999969482422,58913200.0
2026-05-21,171.25999450683594,179.97000122070312,168.22999572753906,178.38999938964844,52278700.0
2026-05-22,184.8000030517578,195.2700042724609,183.33999633789065,190.5599975585937,45133000.0
2026-05-26,211.3800048828125,228.5,209.88999938964844,225.7899932861328,52533000.0
2026-05-27,242.6600036621093,242.6600036621093,204.0,217.97999572753903,74732700.0
2026-05-28,219.0,231.88999938964844,207.5599975585937,224.6300048828125,47153500.0
2026-05-29,231.82000732421875,239.07000732421875,218.5599975585937,224.33999633789065,37035700.0
2026-06-01,217.2700042724609,234.0599975585937,210.13999938964844,227.02999877929688,37499600.0
2026-06-02,243.17999267578125,267.0799865722656,238.82000732421875,266.32000732421875,42799700.0
2026-06-03,281.4700012207031,284.5799865722656,257.260009765625,280.5400085449219,49817200.0
2026-06-04,242.0399932861328,274.5,228.5500030517578,262.70001220703125,59036000.0
2026-06-05,230.8500061035156,233.69000244140625,181.8099975585937,182.5399932861328,108280300.0
2026-06-08,210.6199951171875,222.19000244140625,201.69000244140625,211.44000244140625,68180500.0
2026-06-09,227.0599975585937,231.0200042724609,157.55999755859375,201.67999267578125,124754300.0
2026-06-10,191.5399932861328,212.9900054931641,177.3000030517578,180.6499938964844,94924200.0
2026-06-11,192.3000030517578,225.6300048828125,192.3000030517578,223.9900054931641,72493400.0
2026-06-12,222.22000122070312,242.3999938964844,214.7400054931641,234.67999267578125,50419100.0
2026-06-15,265.989990234375,274.8800048828125,261.6000061035156,272.5,39914100.0
2026-06-16,267.1300048828125,274.92999267578125,226.0,226.19000244140625,54771900.0
2026-06-17,247.4199981689453,259.7900085449219,233.3000030517578,233.8600006103516,49127300.0
2026-06-18,266.0400085449219,286.1499938964844,265.0,279.2900085449219,49319800.0
2026-06-22,299.260009765625,302.0,286.239990234375,300.7699890136719,36399600.0
2026-06-23,236.0,252.97999572753903,223.0,231.4199981689453,70699700.0
2026-06-24,233.1100006103516,237.0,211.1300048828125,229.57000732421875,57018500.0
2026-06-25,268.04998779296875,268.3999938964844,225.7400054931641,252.6100006103516,57401800.0
2026-06-26,226.2400054931641,231.25,212.1000061035156,215.6000061035156,51987400.0
2026-06-29,216.3600006103516,238.6499938964844,192.3000030517578,236.5200042724609,48952600.0
2026-06-30,241.4499969482422,272.0,240.58999633789065,266.7099914550781,36721000.0
2026-07-01,237.7899932861328,246.47000122070312,215.3800048828125,217.5500030517578,60156300.0
2026-07-02,219.22999572753903,226.1300048828125,168.8800048828125,181.47000122070312,91060900.0
2026-07-06,197.2100067138672,210.8000030517578,194.22000122070312,194.6499938964844,42756600.0
2026-07-07,165.39999389648438,171.8800048828125,150.0800018310547,165.27999877929688,78957300.0
2026-07-08,159.2100067138672,176.75,158.8699951171875,174.82000732421875,63175900.0
2026-07-09,199.8099975585937,204.5500030517578,189.4600067138672,192.4499969482422,52530500.0
2026-07-10,182.3999938964844,195.94000244140625,176.8000030517578,192.259994506836,37626300.0
2026-07-13,174.61000061035156,177.6699981689453,161.5500030517578,165.3699951171875,52686700.0
2026-07-14,187.69000244140625,188.42999267578125,170.25999450683594,176.66000366210938,49269200.0
2026-07-15,183.7700042724609,184.0,150.0,165.5500030517578,67008900.0
2026-07-16,150.44000244140625,155.8300018310547,138.0,142.47999572753906,76391300.0
2026-07-17,124.7300033569336,144.39999389648438,116.47000122070312,135.47000122070312,105762300.0
2026-07-20,143.52000427246094,148.74000549316406,135.6699981689453,136.80999755859375,52804300.0
2026-07-21,155.83999633789062,160.63999938964844,148.8699951171875,158.5399932861328,55698500.0
2026-07-22,147.10000610351562,165.75,147.0,160.99000549316406,46926500.0
2026-07-23,152.16000366210938,162.9199981689453,150.64999389648438,157.5,57831400.0
2026-07-24,151.4499969482422,154.5,132.5500030517578,136.80999755859375,71734900.0
2026-07-27,140.64999389648438,148.02000427246094,115.4499969482422,128.14999389648438,90434900.0
2026-07-28,113.1500015258789,114.9499969482422,101.52999877929688,109.54000091552734,125338900.0
2026-07-29,107.62000274658205,112.66999816894533,91.5,91.98999786376952,149950200.0
2026-07-30,107.37999725341795,118.0,105.12000274658205,114.72000122070312,109931900.0
2026-07-31,129.89999389648438,133.8800048828125,112.41999816894533,114.72000122070312,102613300.0
2026-08-03,106.1500015258789,118.87000274658205,102.08999633789062,116.70999908447266,81117500.0
2026-08-04,131.50999450683594,142.4199981689453,129.66000366210938,139.89999389648438,78456600.0
2026-08-05,135.5399932861328,144.33999633789062,130.0,132.07000732421875,67515700.0
2026-08-06,125.2300033569336,140.0,120.75,132.3300018310547,57025200.0
2026-08-07,141.97000122070312,143.9199981689453,131.55999755859375,140.25,61350700.0
2026-08-10,142.8000030517578,143.4499969482422,130.0,130.0,50105400.0
2026-08-11,136.25999450683594,136.60000610351562,130.05999755859375,133.0,38282500.0
2026-08-12,147.3000030517578,147.6999969482422,141.88999938964844,142.16000366210938,55970000.0
2026-08-13,142.16000366210938,154.1300048828125,141.83999633789062,145.36000061035156,54831600.0
2026-08-14,143.7899932861328,146.64999389648438,138.89999389648438,144.9499969482422,45331100.0
2026-08-17,150.61000061035156,156.9199981689453,148.89999389648438,151.52999877929688,43560500.0
2026-08-18,134.1999969482422,137.60000610351562,122.4000015258789,129.10000610351562,87105200.0
2026-08-19,132.6300048828125,133.74000549316406,116.83999633789062,120.73999786376952,78078100.0
2026-08-20,119.98999786376952,124.55999755859376,117.41999816894533,122.20999908447266,50500900.0
2026-08-21,126.58999633789062,126.79000091552734,116.70999908447266,120.5999984741211,48174900.0
2026-08-24,115.06999969482422,115.06999969482422,106.0,111.16000366210938,67194300.0
2026-08-25,117.37000274658205,119.87999725341795,113.12999725341795,115.66999816894533,47392300.0
2026-08-26,114.6999969482422,117.38999938964844,112.52999877929688,116.5999984741211,39918800.0
2026-08-27,123.4000015258789,124.87999725341795,117.69000244140624,123.0500030517578,55965600.0
2026-08-28,119.91999816894533,121.1999969482422,110.20999908447266,111.33999633789062,60995600.0
2026-08-31,112.33634671148516,114.9746162345883,110.25770780710226,112.71609497070312,34269700.0
2026-09-01,106.29030877956262,108.56881360165552,102.24295947099549,105.84060668945312,63954400.0
2026-09-02,104.43152534017165,107.99918575734333,101.27359230175432,106.28031158447266,47235300.0
2026-09-03,102.93251187849006,107.41956778574104,98.55538450649784,106.67005920410156,55094500.0
2026-09-04,111.14712854206124,118.10256735166372,109.65810694276136,117.20315551757812,63548000.0
2026-09-08,125.12000274658205,127.54000091552734,121.5999984741211,123.2699966430664,52642700.0
2026-09-09,121.16055782525662,128.39581182793026,121.16055782525662,125.78752899169922,40630800.0
2026-09-10,116.27376044012496,119.24181557525009,113.47559970748236,115.68415069580078,54498500.0
2026-09-11,120.63090765189558,124.41842528845557,117.79277213233468,121.74018096923828,53536100.0
2026-09-14,101.46347540316498,105.32094690610435,99.80456701490785,101.06373596191406,101135900.0
2026-09-15,104.48149468065078,105.87058324685354,100.89384313150896,102.2529525756836,57147000.0
2026-09-16,107.36960597546626,109.24837142360118,100.99378137733568,103.9018783569336,74637500.0
2026-09-17,113.25574466224738,115.40433744354266,111.93660987026072,114.74476623535156,56833100.0
2026-09-18,116.9533176802794,123.81881902238092,116.60354853426162,123.5889663696289,45459700.0
2026-09-21,131.98346594727437,143.90564126910814,129.5350591572051,141.8369903564453,62514300.0
2026-09-22,149.7917811249555,152.67988800759963,139.48853938778623,152.59994042911677,27890145.0
